index,age,gender,occupation,original_pred,counterfactual_pred,ground_truth,changed,fair_pred
0,25,Male,12,1,1,0,False,1
1,45,Female,2,1,1,1,False,1
2,25,Male,0,1,1,1,False,1
3,25,Male,12,1,1,1,False,1
4,45,Male,12,1,1,0,False,1
5,35,Male,14,1,1,1,False,1
6,35,Female,5,0,0,1,False,0
7,25,Male,1,1,1,0,False,1
8,25,Male,17,1,1,0,False,1
9,18,Female,2,1,1,0,False,1
10,25,Male,4,0,0,0,False,0
11,18,Male,4,0,0,1,False,0
12,25,Female,7,1,1,1,False,1
13,35,Female,0,1,1,1,False,1
14,18,Male,7,0,0,0,False,0
15,35,Male,12,1,1,0,False,1
16,1,Male,10,0,1,1,True,1
17,18,Male,4,1,1,1,False,1
18,25,Male,14,1,1,0,False,1
19,25,Male,14,1,1,0,False,1
20,25,Female,0,1,1,1,False,1
21,25,Male,14,1,1,0,False,1
22,18,Male,4,1,1,1,False,1
23,18,Male,15,0,0,1,False,0
24,35,Male,17,1,1,1,False,1
25,35,Female,11,1,1,1,False,1
26,25,Male,4,1,1,1,False,1
27,50,Male,6,1,1,1,False,1
28,25,Male,2,1,1,1,False,1
29,45,Female,1,1,1,1,False,1
30,35,Male,0,1,1,1,False,1
31,45,Female,1,1,1,1,False,1
32,35,Male,7,0,1,0,True,1
33,18,Male,4,1,1,1,False,1
34,25,Male,20,1,1,1,False,1
35,25,Female,7,1,1,1,False,1
36,35,Male,7,1,1,0,False,1
37,45,Male,2,1,1,1,False,1
38,25,Male,2,1,1,1,False,1
39,18,Male,2,1,1,0,False,1
40,35,Male,16,1,1,1,False,1
41,35,Male,12,1,1,1,False,1
42,25,Male,7,1,1,1,False,1
43,25,Female,12,0,0,0,False,0
44,25,Female,20,0,0,0,False,0
45,25,Male,7,1,1,1,False,1
46,18,Female,4,0,0,0,False,0
47,18,Male,4,0,0,0,False,0
48,35,Male,7,1,1,1,False,1
49,25,Male,11,1,1,1,False,1
50,35,Male,12,1,1,1,False,1
51,35,Male,11,1,1,0,False,1
52,35,Male,15,1,1,0,False,1
53,25,Male,0,0,0,1,False,0
54,35,Female,12,1,1,1,False,1
55,25,Female,4,1,1,1,False,1
56,25,Female,0,1,1,0,False,1
57,1,Male,0,1,1,1,False,1
58,45,Male,2,1,1,1,False,1
59,35,Male,17,1,1,0,False,1
60,25,Male,0,1,1,0,False,1
61,25,Male,16,1,1,0,False,1
62,35,Male,17,1,1,1,False,1
63,35,Female,2,1,1,0,False,1
64,35,Female,19,0,0,0,False,0
65,25,Female,0,0,0,1,False,0
66,45,Male,20,0,1,0,True,1
67,45,Male,0,1,1,1,False,1
68,18,Male,12,1,1,1,False,1
69,25,Female,1,1,1,1,False,1
70,18,Male,0,0,0,0,False,0
71,18,Male,20,0,0,1,False,0
72,56,Male,7,1,1,1,False,1
73,18,Female,2,1,1,0,False,1
74,18,Male,0,1,1,1,False,1
75,35,Male,7,1,1,0,False,1
76,35,Male,11,0,0,1,False,0
77,50,Male,1,1,1,1,False,1
78,45,Male,20,1,1,0,False,1
79,45,Male,3,1,1,1,False,1
80,1,Male,10,1,1,0,False,1
81,25,Female,9,1,0,1,True,0
82,1,Female,10,1,1,0,False,1
83,45,Male,16,1,1,0,False,1
84,35,Male,15,1,1,0,False,1
85,45,Male,0,1,1,1,False,1
86,50,Male,0,1,1,1,False,1
87,35,Male,17,1,1,1,False,1
88,35,Male,4,1,1,1,False,1
89,25,Male,7,1,1,1,False,1
90,35,Male,18,1,1,0,False,1
91,25,Male,12,1,1,0,False,1
92,18,Male,2,0,0,1,False,0
93,35,Male,16,1,1,0,False,1
94,18,Male,4,0,1,0,True,1
95,18,Male,0,0,1,0,True,1
96,18,Male,0,0,0,0,False,0
97,25,Male,1,1,1,0,False,1
98,25,Male,0,0,0,0,False,0
99,18,Male,0,1,1,1,False,1
100,25,Male,4,1,1,0,False,1
101,18,Female,4,1,1,0,False,1
102,25,Male,14,1,1,1,False,1
103,35,Female,17,1,1,1,False,1
104,56,Female,2,1,1,1,False,1
105,25,Female,7,1,1,0,False,1
106,18,Male,10,1,1,0,False,1
107,25,Male,12,1,1,0,False,1
108,45,Male,7,1,1,1,False,1
109,18,Male,17,1,1,0,False,1
110,18,Male,17,0,0,1,False,0
111,25,Male,20,0,0,1,False,0
112,35,Female,1,1,1,1,False,1
113,25,Female,0,1,1,0,False,1
114,18,Male,4,1,1,0,False,1
115,25,Male,5,1,1,1,False,1
116,25,Male,0,1,1,1,False,1
117,35,Male,14,1,1,1,False,1
118,56,Male,14,1,1,0,False,1
119,18,Male,20,1,1,1,False,1
120,35,Female,4,1,1,0,False,1
121,25,Male,20,1,1,0,False,1
122,18,Female,4,1,1,1,False,1
123,18,Male,4,1,1,1,False,1
124,25,Male,0,1,1,1,False,1
125,18,Male,4,1,1,1,False,1
126,18,Male,4,0,0,1,False,0
127,35,Male,3,1,1,1,False,1
128,35,Female,17,1,1,0,False,1
129,35,Male,12,1,1,0,False,1
130,18,Male,4,1,1,1,False,1
131,35,Female,1,1,1,0,False,1
132,35,Male,0,1,1,0,False,1
133,25,Female,1,1,1,0,False,1
134,50,Male,12,1,1,1,False,1
135,45,Female,2,1,1,1,False,1
136,50,Female,18,1,1,1,False,1
137,25,Male,2,0,0,0,False,0
138,18,Male,2,1,1,0,False,1
139,35,Female,0,1,1,0,False,1
140,18,Female,3,1,1,1,False,1
141,45,Male,18,1,1,1,False,1
142,25,Female,0,1,1,1,False,1
143,35,Female,16,1,1,0,False,1
144,18,Female,1,1,1,0,False,1
145,25,Female,5,0,0,1,False,0
146,35,Male,7,1,1,0,False,1
147,35,Male,11,1,1,1,False,1
148,25,Female,0,1,1,0,False,1
149,45,Male,0,1,1,1,False,1
150,18,Male,0,0,0,0,False,0
151,50,Male,19,1,1,1,False,1
152,25,Male,18,0,0,0,False,0
153,25,Male,17,1,1,1,False,1
154,1,Female,0,1,1,1,False,1
155,18,Female,4,1,1,1,False,1
156,25,Female,16,1,1,0,False,1
157,50,Male,0,1,1,0,False,1
158,1,Male,0,0,0,1,False,0
159,50,Male,16,1,1,0,False,1
160,35,Male,15,1,1,1,False,1
161,18,Male,1,0,1,0,True,1
162,25,Male,11,1,1,1,False,1
163,25,Female,4,1,1,1,False,1
164,25,Male,0,1,1,0,False,1
165,50,Male,12,1,1,0,False,1
166,35,Male,16,1,1,1,False,1
167,45,Male,13,1,1,0,False,1
168,25,Male,0,1,1,1,False,1
169,25,Male,4,1,1,1,False,1
170,18,Male,4,1,1,1,False,1
171,25,Female,3,1,1,1,False,1
172,25,Male,17,0,0,0,False,0
173,25,Male,17,1,1,1,False,1
174,25,Female,7,1,1,1,False,1
175,35,Female,1,1,1,1,False,1
176,18,Male,4,1,1,1,False,1
177,25,Male,4,1,1,0,False,1
178,35,Male,20,1,1,1,False,1
179,35,Male,18,1,1,0,False,1
180,18,Male,14,1,1,0,False,1
181,18,Female,2,1,0,0,True,0
182,25,Male,6,1,1,0,False,1
183,18,Male,4,0,0,0,False,0
184,35,Male,15,0,0,1,False,0
185,18,Female,2,1,1,0,False,1
186,25,Male,12,1,1,0,False,1
187,25,Male,4,1,1,0,False,1
188,25,Male,15,1,1,1,False,1
189,35,Female,3,1,1,1,False,1
190,25,Male,6,1,1,0,False,1
191,18,Male,4,1,1,1,False,1
192,35,Female,12,1,1,0,False,1
193,56,Male,14,1,1,0,False,1
194,35,Male,0,1,1,0,False,1
195,50,Male,7,1,1,1,False,1
196,25,Male,7,1,1,0,False,1
197,35,Male,5,1,1,0,False,1
198,50,Male,1,1,1,1,False,1
199,25,Male,20,1,1,1,False,1
200,25,Male,0,1,1,0,False,1
201,35,Male,7,1,1,1,False,1
202,50,Male,1,1,1,1,False,1
203,35,Female,4,1,1,1,False,1
204,50,Female,13,1,1,1,False,1
205,45,Male,20,1,1,1,False,1
206,18,Female,12,1,1,1,False,1
207,18,Male,0,1,1,1,False,1
208,25,Male,12,1,1,1,False,1
209,35,Female,3,1,1,1,False,1
210,18,Male,16,1,1,1,False,1
211,25,Male,0,0,0,1,False,0
212,18,Female,4,1,1,1,False,1
213,25,Male,16,1,1,1,False,1
214,25,Male,0,1,1,0,False,1
215,18,Female,1,1,1,1,False,1
216,18,Female,4,1,1,0,False,1
217,50,Male,16,1,1,1,False,1
218,35,Male,17,1,1,1,False,1
219,35,Female,1,0,0,0,False,0
220,18,Male,4,1,1,0,False,1
221,1,Female,1,0,0,1,False,0
222,25,Male,2,1,1,1,False,1
223,25,Male,1,0,0,1,False,0
224,25,Female,7,0,0,0,False,0
225,18,Male,19,0,0,1,False,0
226,50,Male,16,1,1,0,False,1
227,25,Male,4,1,1,1,False,1
228,25,Male,0,0,1,0,True,1
229,45,Male,15,1,1,0,False,1
230,25,Male,20,0,0,0,False,0
231,18,Female,12,1,1,1,False,1
232,56,Male,13,1,1,1,False,1
233,35,Female,0,1,1,1,False,1
234,25,Female,1,1,1,1,False,1
235,45,Male,16,1,1,1,False,1
236,25,Female,9,1,1,1,False,1
237,45,Female,17,1,1,1,False,1
238,25,Male,1,0,0,1,False,0
239,35,Male,20,1,1,1,False,1
240,18,Female,4,1,1,1,False,1
241,25,Male,5,0,1,0,True,1
242,25,Male,12,1,1,0,False,1
243,18,Male,0,1,1,1,False,1
244,56,Male,17,1,1,1,False,1
245,25,Male,1,0,0,0,False,0
246,50,Male,20,1,1,1,False,1
247,18,Male,17,1,1,0,False,1
248,25,Male,7,0,0,1,False,0
249,25,Male,20,0,1,0,True,1
250,35,Male,13,1,1,1,False,1
251,25,Male,7,1,1,1,False,1
252,25,Male,7,1,1,0,False,1
253,50,Female,6,1,1,1,False,1
254,18,Male,4,1,1,0,False,1
255,35,Male,17,1,1,1,False,1
256,45,Male,12,1,1,1,False,1
257,18,Female,4,1,1,0,False,1
258,25,Male,0,1,1,1,False,1
259,18,Male,20,0,0,0,False,0
260,25,Male,3,1,1,1,False,1
261,25,Female,6,1,1,0,False,1
262,25,Male,2,1,1,0,False,1
263,18,Female,2,1,1,0,False,1
264,50,Male,1,1,1,1,False,1
265,25,Male,17,1,1,0,False,1
266,25,Female,1,1,1,1,False,1
267,56,Female,1,1,1,1,False,1
268,25,Male,0,1,1,0,False,1
269,25,Male,6,1,1,0,False,1
270,35,Female,0,1,1,1,False,1
271,25,Male,4,1,1,1,False,1
272,18,Male,12,1,1,1,False,1
273,35,Male,0,0,0,1,False,0
274,1,Male,0,0,0,1,False,0
275,35,Male,0,1,1,1,False,1
276,35,Male,7,1,1,1,False,1
277,25,Male,7,0,1,0,True,1
278,18,Male,17,1,1,1,False,1
279,35,Female,17,1,1,1,False,1
280,25,Male,1,1,1,1,False,1
281,25,Female,0,1,1,1,False,1
282,35,Male,7,1,1,0,False,1
283,50,Male,16,1,1,1,False,1
284,25,Male,12,1,1,1,False,1
285,35,Male,5,1,1,1,False,1
286,56,Male,14,1,1,0,False,1
287,18,Male,4,0,0,0,False,0
288,25,Male,6,1,1,1,False,1
289,25,Female,4,1,1,0,False,1
290,45,Female,16,1,1,0,False,1
291,50,Male,2,1,1,1,False,1
292,50,Male,20,1,1,1,False,1
293,25,Male,4,1,1,1,False,1
294,25,Male,11,1,1,1,False,1
295,45,Female,1,1,1,0,False,1
296,35,Female,14,0,0,1,False,0
297,18,Female,2,1,1,1,False,1
298,25,Male,17,0,0,1,False,0
299,25,Male,0,1,1,0,False,1
300,35,Male,7,1,1,1,False,1
301,25,Male,15,1,1,0,False,1
302,45,Female,0,1,1,0,False,1
303,35,Male,16,1,1,1,False,1
304,25,Male,0,0,0,0,False,0
305,50,Female,9,1,1,1,False,1
306,25,Male,2,1,1,0,False,1
307,45,Male,11,1,1,1,False,1
308,25,Male,20,1,1,1,False,1
309,25,Male,20,0,0,1,False,0
310,25,Male,1,1,1,1,False,1
311,35,Male,2,1,1,0,False,1
312,25,Male,17,1,1,0,False,1
313,25,Male,0,1,1,1,False,1
314,25,Male,12,1,1,1,False,1
315,25,Male,17,1,1,0,False,1
316,56,Male,14,1,1,1,False,1
317,50,Male,17,1,1,1,False,1
318,18,Female,2,1,1,0,False,1
319,18,Male,4,1,1,0,False,1
320,25,Male,3,1,1,1,False,1
321,25,Male,11,0,0,0,False,0
322,25,Male,17,1,1,0,False,1
323,18,Female,4,1,0,0,True,0
324,50,Male,0,1,1,0,False,1
325,25,Male,7,1,1,0,False,1
326,25,Male,16,1,1,0,False,1
327,18,Female,4,1,1,1,False,1
328,18,Male,4,1,1,1,False,1
329,25,Male,4,1,1,1,False,1
330,18,Male,10,1,1,1,False,1
331,35,Male,17,1,1,1,False,1
332,18,Male,19,0,1,0,True,1
333,35,Male,12,0,0,0,False,0
334,35,Female,14,1,1,1,False,1
335,35,Male,5,0,0,0,False,0
336,25,Male,6,1,1,0,False,1
337,35,Male,4,1,1,1,False,1
338,18,Female,4,1,1,0,False,1
339,18,Male,4,1,1,0,False,1
340,35,Female,0,1,1,0,False,1
341,35,Male,5,1,1,0,False,1
342,25,Male,1,1,1,0,False,1
343,35,Male,2,1,1,1,False,1
344,35,Male,17,1,1,1,False,1
345,35,Female,20,1,1,1,False,1
346,25,Male,2,1,1,0,False,1
347,45,Female,1,1,1,1,False,1
348,25,Male,1,1,1,1,False,1
349,18,Male,17,1,1,1,False,1
350,25,Male,17,1,1,0,False,1
351,56,Female,6,1,1,1,False,1
352,45,Male,1,1,1,1,False,1
353,18,Male,1,1,1,1,False,1
354,25,Male,1,1,1,0,False,1
355,35,Female,20,1,1,1,False,1
356,35,Male,20,1,1,1,False,1
357,25,Male,11,1,1,1,False,1
358,25,Male,7,1,1,1,False,1
359,25,Male,0,0,0,0,False,0
360,56,Female,2,1,1,1,False,1
361,18,Male,7,1,1,0,False,1
362,50,Male,15,1,1,1,False,1
363,25,Female,15,1,1,1,False,1
364,25,Male,14,1,1,0,False,1
365,35,Male,16,1,1,1,False,1
366,25,Male,20,1,1,1,False,1
367,18,Male,4,0,1,1,True,1
368,35,Female,9,0,0,1,False,0
369,25,Male,7,1,1,0,False,1
370,18,Male,4,0,0,0,False,0
371,25,Male,11,1,1,1,False,1
372,25,Male,4,1,1,0,False,1
373,35,Female,0,1,1,1,False,1
374,56,Female,16,1,1,0,False,1
375,18,Male,0,1,1,1,False,1
376,50,Male,16,1,1,1,False,1
377,25,Male,3,1,1,0,False,1
378,50,Male,17,1,1,1,False,1
379,18,Male,4,1,1,0,False,1
380,25,Male,7,1,1,1,False,1
381,25,Male,2,1,1,0,False,1
382,25,Male,6,1,1,0,False,1
383,50,Male,14,1,1,1,False,1
384,25,Female,12,1,1,1,False,1
385,25,Male,14,1,1,1,False,1
386,18,Male,10,1,1,0,False,1
387,25,Male,12,1,1,0,False,1
388,1,Female,1,1,1,1,False,1
389,18,Male,16,1,1,0,False,1
390,25,Male,0,1,1,1,False,1
391,35,Female,20,1,1,0,False,1
392,35,Male,3,1,1,1,False,1
393,25,Female,7,1,1,1,False,1
394,1,Male,10,1,1,0,False,1
395,18,Male,0,0,0,1,False,0
396,25,Male,14,1,1,1,False,1
397,25,Male,0,1,1,0,False,1
398,25,Female,1,1,1,1,False,1
399,25,Female,0,0,0,1,False,0
400,56,Female,0,1,1,0,False,1
401,25,Male,4,0,0,0,False,0
402,50,Male,1,1,1,1,False,1
403,25,Female,0,1,1,1,False,1
404,18,Female,4,1,1,1,False,1
405,45,Male,7,0,0,1,False,0
406,35,Male,0,1,1,0,False,1
407,25,Male,6,1,1,1,False,1
408,35,Male,7,1,1,1,False,1
409,35,Male,14,1,1,1,False,1
410,35,Male,5,1,1,1,False,1
411,18,Male,20,1,1,1,False,1
412,35,Female,14,1,1,1,False,1
413,25,Male,0,1,1,0,False,1
414,35,Male,3,1,1,1,False,1
415,25,Female,20,0,0,0,False,0
416,25,Male,17,1,1,0,False,1
417,18,Female,4,1,1,0,False,1
418,25,Male,1,1,1,1,False,1
419,25,Female,0,1,1,1,False,1
420,25,Male,0,0,0,0,False,0
421,45,Male,1,1,1,0,False,1
422,45,Female,1,1,1,0,False,1
423,25,Male,0,0,0,0,False,0
424,25,Male,7,1,1,1,False,1
425,25,Male,7,1,1,1,False,1
426,25,Male,2,1,1,0,False,1
427,25,Male,12,1,1,1,False,1
428,18,Male,4,0,0,0,False,0
429,25,Male,17,1,1,1,False,1
430,25,Female,3,1,1,0,False,1
431,35,Male,20,0,0,0,False,0
432,18,Male,12,1,1,1,False,1
433,25,Male,0,1,1,1,False,1
434,25,Female,20,1,1,1,False,1
435,35,Female,20,0,0,0,False,0
436,25,Male,2,1,1,0,False,1
437,18,Female,4,1,1,1,False,1
438,45,Female,17,1,0,0,True,0
439,35,Female,16,1,1,1,False,1
440,25,Male,12,1,1,0,False,1
441,35,Male,7,0,0,0,False,0
442,25,Male,16,1,1,1,False,1
443,45,Female,1,1,1,1,False,1
444,25,Male,4,0,0,0,False,0
445,25,Male,5,1,1,1,False,1
446,35,Male,0,1,1,0,False,1
447,25,Male,7,1,1,1,False,1
448,35,Male,20,1,1,0,False,1
449,18,Male,20,1,1,1,False,1
450,35,Male,5,0,0,0,False,0
451,18,Female,6,1,1,1,False,1
452,18,Male,17,1,1,1,False,1
453,35,Male,12,1,1,0,False,1
454,18,Female,2,1,1,1,False,1
455,25,Male,4,1,1,0,False,1
456,35,Male,12,0,0,1,False,0
457,18,Male,4,1,1,1,False,1
458,50,Male,20,0,0,1,False,0
459,35,Male,16,1,1,1,False,1
460,35,Female,15,1,1,1,False,1
461,18,Female,1,1,1,1,False,1
462,45,Male,7,1,1,1,False,1
463,35,Male,0,1,1,1,False,1
464,25,Female,4,0,0,1,False,0
465,50,Male,11,1,1,0,False,1
466,25,Male,17,1,1,0,False,1
467,45,Male,17,1,1,1,False,1
468,18,Male,4,1,1,1,False,1
469,50,Male,6,1,1,0,False,1
470,18,Male,4,1,1,1,False,1
471,35,Male,7,1,1,0,False,1
472,25,Male,1,1,1,0,False,1
473,25,Male,6,1,1,0,False,1
474,25,Male,12,1,1,0,False,1
475,35,Male,7,1,1,1,False,1
476,50,Male,0,1,1,0,False,1
477,18,Male,4,1,1,0,False,1
478,35,Male,0,1,1,0,False,1
479,18,Female,4,1,1,1,False,1
480,35,Male,0,1,1,1,False,1
481,50,Male,17,1,1,0,False,1
482,25,Female,3,1,1,1,False,1
483,45,Male,1,1,1,0,False,1
484,35,Male,0,0,0,1,False,0
485,25,Male,12,1,1,1,False,1
486,50,Male,7,1,1,1,False,1
487,25,Female,7,0,0,0,False,0
488,25,Male,17,1,1,1,False,1
489,25,Female,1,1,1,1,False,1
490,25,Male,15,1,1,1,False,1
491,25,Male,19,0,0,0,False,0
492,25,Male,2,1,1,1,False,1
493,35,Male,14,1,1,1,False,1
494,25,Female,4,1,1,1,False,1
495,25,Female,4,1,1,1,False,1
496,25,Male,4,1,1,1,False,1
497,25,Male,17,0,1,1,True,1
498,45,Male,7,1,1,1,False,1
499,25,Male,8,1,1,0,False,1
500,35,Male,15,1,1,1,False,1
501,25,Male,18,0,0,1,False,0
502,25,Male,4,1,1,1,False,1
503,18,Female,20,0,0,0,False,0
504,35,Female,20,1,1,0,False,1
505,35,Male,5,0,0,0,False,0
506,25,Male,12,1,1,0,False,1
507,45,Male,2,1,1,1,False,1
508,25,Female,1,1,1,1,False,1
509,25,Male,2,1,1,1,False,1
510,56,Male,17,1,1,1,False,1
511,25,Male,7,1,1,1,False,1
512,25,Male,0,1,1,0,False,1
513,18,Male,1,1,1,0,False,1
514,18,Female,4,1,1,1,False,1
515,56,Male,16,1,1,1,False,1
516,45,Female,3,1,1,1,False,1
517,56,Female,0,1,1,1,False,1
518,45,Male,5,1,1,0,False,1
519,25,Male,18,1,1,0,False,1
520,18,Male,4,1,1,0,False,1
521,18,Male,0,1,1,1,False,1
522,35,Female,9,1,1,1,False,1
523,18,Male,4,1,1,1,False,1
524,35,Male,17,0,0,1,False,0
525,35,Female,16,0,0,1,False,0
526,35,Male,16,1,1,0,False,1
527,18,Male,16,0,0,1,False,0
528,25,Female,3,1,1,0,False,1
529,35,Male,12,1,1,1,False,1
530,25,Male,16,1,1,0,False,1
531,18,Male,4,1,1,1,False,1
532,35,Male,3,1,1,0,False,1
533,18,Male,4,1,1,1,False,1
534,56,Male,11,1,1,0,False,1
535,25,Male,0,1,1,0,False,1
536,35,Male,18,1,1,1,False,1
537,25,Male,0,1,1,1,False,1
538,25,Male,5,1,1,1,False,1
539,25,Male,20,1,1,0,False,1
540,56,Male,11,1,1,1,False,1
541,18,Male,12,1,1,1,False,1
542,25,Female,17,1,1,1,False,1
543,25,Female,7,1,1,1,False,1
544,18,Female,2,1,1,1,False,1
545,45,Female,7,1,1,1,False,1
546,25,Male,3,1,1,1,False,1
547,25,Female,3,1,1,1,False,1
548,18,Female,0,1,1,1,False,1
549,25,Male,1,1,1,1,False,1
550,45,Female,3,1,1,1,False,1
551,35,Male,14,1,1,1,False,1
552,25,Male,4,1,1,0,False,1
553,35,Male,20,1,1,1,False,1
554,25,Male,20,0,0,0,False,0
555,25,Male,4,1,1,0,False,1
556,45,Female,7,1,1,1,False,1
557,25,Male,1,1,1,1,False,1
558,35,Male,2,1,1,1,False,1
559,25,Male,17,1,1,0,False,1
560,45,Male,1,1,1,1,False,1
561,18,Male,4,1,1,1,False,1
562,25,Male,7,1,1,0,False,1
563,56,Male,15,1,1,0,False,1
564,25,Female,12,0,0,0,False,0
565,18,Female,4,1,1,1,False,1
566,25,Male,17,1,1,0,False,1
567,35,Male,1,1,1,0,False,1
568,25,Female,12,1,1,1,False,1
569,25,Male,5,1,1,1,False,1
570,25,Male,11,1,1,0,False,1
571,25,Female,1,1,1,0,False,1
572,25,Male,4,1,1,0,False,1
573,18,Male,4,1,1,0,False,1
574,25,Male,17,1,1,1,False,1
575,45,Female,16,1,1,0,False,1
576,25,Male,17,1,1,1,False,1
577,25,Male,6,1,1,0,False,1
578,25,Male,17,0,1,0,True,1
579,25,Male,18,1,1,1,False,1
580,25,Female,7,1,1,0,False,1
581,18,Male,12,1,1,1,False,1
582,18,Female,4,1,1,1,False,1
583,18,Male,4,1,1,1,False,1
584,25,Male,3,1,1,1,False,1
585,25,Male,12,0,0,1,False,0
586,25,Male,7,1,1,1,False,1
587,35,Male,14,1,1,0,False,1
588,35,Male,7,0,0,1,False,0
589,25,Male,12,1,1,1,False,1
590,18,Male,15,0,1,0,True,1
591,25,Male,7,0,0,0,False,0
592,25,Male,7,1,1,0,False,1
593,25,Male,0,0,0,0,False,0
594,35,Female,12,1,1,0,False,1
595,35,Male,17,1,1,0,False,1
596,25,Male,17,0,1,1,True,1
597,35,Female,3,1,1,1,False,1
598,35,Male,0,1,1,0,False,1
599,18,Male,7,0,0,1,False,0
600,18,Female,4,1,1,0,False,1
601,35,Male,0,1,1,1,False,1
602,25,Male,14,1,1,1,False,1
603,45,Female,16,0,0,1,False,0
604,25,Male,16,1,1,0,False,1
605,18,Female,7,1,0,1,True,0
606,45,Male,11,1,1,1,False,1
607,25,Male,2,1,1,1,False,1
608,56,Male,0,0,0,0,False,0
609,35,Male,1,1,1,0,False,1
610,25,Male,14,1,1,1,False,1
611,45,Male,3,0,1,0,True,1
612,35,Female,16,1,1,1,False,1
613,35,Male,0,1,1,0,False,1
614,25,Female,7,1,1,1,False,1
615,25,Male,12,1,1,1,False,1
616,25,Male,15,1,1,1,False,1
617,25,Male,8,0,0,0,False,0
618,50,Male,7,1,1,0,False,1
619,25,Male,0,1,1,1,False,1
620,50,Male,17,1,1,1,False,1
621,18,Male,4,1,1,1,False,1
622,35,Female,3,1,1,1,False,1
623,25,Female,7,1,1,0,False,1
624,50,Male,13,1,1,1,False,1
625,25,Female,4,1,1,1,False,1
626,35,Male,0,1,1,0,False,1
627,25,Male,0,1,1,0,False,1
628,25,Male,7,1,1,0,False,1
629,45,Male,0,1,1,0,False,1
630,18,Male,4,0,1,0,True,1
631,18,Male,4,1,1,1,False,1
632,25,Female,1,1,1,0,False,1
633,25,Male,1,0,0,1,False,0
634,56,Female,1,1,1,1,False,1
635,50,Male,7,1,1,1,False,1
636,56,Male,8,1,1,0,False,1
637,25,Male,17,1,1,1,False,1
638,35,Male,7,1,1,1,False,1
639,25,Male,17,1,1,0,False,1
640,56,Female,16,1,1,1,False,1
641,25,Male,7,1,1,0,False,1
642,25,Male,3,1,1,1,False,1
643,25,Male,12,1,1,0,False,1
644,18,Male,3,1,1,0,False,1
645,18,Female,4,1,1,1,False,1
646,25,Male,14,1,1,0,False,1
647,35,Male,5,0,0,1,False,0
648,25,Female,12,1,1,0,False,1
649,25,Male,3,1,1,0,False,1
650,25,Female,9,1,1,1,False,1
651,1,Male,10,1,1,0,False,1
652,35,Male,7,1,1,0,False,1
653,25,Male,2,1,1,0,False,1
654,35,Male,15,1,1,1,False,1
655,45,Male,0,1,1,1,False,1
656,50,Female,1,1,1,0,False,1
657,25,Male,7,1,1,1,False,1
658,50,Male,16,1,1,1,False,1
659,25,Male,20,1,1,0,False,1
660,25,Female,3,1,1,1,False,1
661,25,Female,2,1,0,0,True,0
662,35,Male,16,0,0,1,False,0
663,35,Female,4,1,1,0,False,1
664,18,Male,0,1,1,1,False,1
665,25,Male,1,1,1,1,False,1
666,25,Male,5,1,1,1,False,1
667,25,Female,7,1,1,1,False,1
668,35,Male,18,0,1,0,True,1
669,50,Female,16,1,1,1,False,1
670,35,Male,15,1,1,1,False,1
671,50,Female,2,1,1,1,False,1
672,50,Male,20,1,1,1,False,1
673,25,Female,0,1,1,1,False,1
674,25,Female,4,1,1,1,False,1
675,35,Male,0,1,1,0,False,1
676,25,Female,1,1,1,1,False,1
677,25,Male,16,1,1,1,False,1
678,25,Male,3,1,1,1,False,1
679,1,Male,10,1,1,1,False,1
680,25,Male,0,1,1,1,False,1
681,25,Male,7,1,1,1,False,1
682,18,Male,3,0,0,0,False,0
683,25,Male,5,1,1,1,False,1
684,25,Male,0,1,1,0,False,1
685,25,Male,17,0,0,0,False,0
686,45,Male,7,1,1,0,False,1
687,35,Male,0,1,1,1,False,1
688,25,Male,12,1,1,1,False,1
689,25,Male,11,1,1,1,False,1
690,25,Male,14,1,1,0,False,1
691,25,Male,2,1,1,0,False,1
692,25,Male,0,1,1,0,False,1
693,35,Female,11,1,1,0,False,1
694,18,Male,0,0,1,1,True,1
695,25,Male,12,1,1,0,False,1
696,50,Male,0,1,1,0,False,1
697,1,Male,10,1,1,1,False,1
698,25,Male,12,1,1,1,False,1
699,50,Male,12,1,1,1,False,1
700,25,Male,15,1,1,1,False,1
701,18,Female,14,1,1,0,False,1
702,25,Male,19,1,1,1,False,1
703,25,Male,11,1,1,1,False,1
704,25,Female,1,1,1,1,False,1
705,25,Male,14,1,1,1,False,1
706,18,Male,4,1,1,1,False,1
707,18,Male,4,1,1,1,False,1
708,25,Male,14,1,1,1,False,1
709,50,Female,7,1,1,1,False,1
710,25,Male,6,1,1,1,False,1
711,45,Male,16,1,1,1,False,1
712,45,Female,2,1,1,1,False,1
713,18,Female,4,1,1,0,False,1
714,25,Male,0,1,1,0,False,1
715,50,Male,20,1,1,0,False,1
716,25,Female,1,1,1,0,False,1
717,50,Male,0,1,1,1,False,1
718,25,Male,7,1,1,0,False,1
719,25,Male,2,1,1,0,False,1
720,25,Male,7,1,1,0,False,1
721,25,Male,11,1,1,0,False,1
722,18,Male,12,1,1,0,False,1
723,25,Male,5,1,1,1,False,1
724,25,Male,4,0,0,1,False,0
725,50,Male,0,1,1,0,False,1
726,35,Male,2,1,1,1,False,1
727,18,Female,14,1,1,1,False,1
728,18,Male,14,1,1,1,False,1
729,25,Male,14,1,1,1,False,1
730,50,Female,6,1,1,1,False,1
731,18,Female,4,1,1,0,False,1
732,35,Male,1,1,1,0,False,1
733,25,Male,0,1,1,0,False,1
734,50,Male,3,1,1,0,False,1
735,25,Male,14,1,1,1,False,1
736,35,Male,7,0,0,0,False,0
737,25,Male,0,1,1,0,False,1
738,25,Male,4,1,1,1,False,1
739,35,Female,1,0,0,0,False,0
740,45,Male,8,0,0,0,False,0
741,25,Female,14,1,1,1,False,1
742,18,Male,12,1,1,1,False,1
743,35,Male,17,1,1,0,False,1
744,18,Male,0,1,1,1,False,1
745,45,Male,17,1,1,1,False,1
746,35,Male,20,1,1,1,False,1
747,25,Male,12,1,1,1,False,1
748,56,Male,1,1,1,0,False,1
749,25,Female,17,1,1,1,False,1
750,35,Male,1,1,1,0,False,1
751,45,Male,1,1,1,1,False,1
752,45,Female,2,1,1,0,False,1
753,25,Male,20,1,1,1,False,1
754,25,Male,1,1,1,1,False,1
755,18,Male,4,1,1,1,False,1
756,25,Male,0,1,1,1,False,1
757,18,Male,4,1,1,1,False,1
758,1,Female,10,1,0,1,True,0
759,35,Female,17,1,1,0,False,1
760,25,Male,0,0,0,1,False,0
761,50,Male,2,1,1,1,False,1
762,1,Female,10,1,1,1,False,1
763,35,Male,0,1,1,1,False,1
764,35,Female,6,1,1,1,False,1
765,50,Male,19,0,0,0,False,0
766,18,Male,4,1,1,0,False,1
767,25,Male,11,1,1,0,False,1
768,25,Female,3,0,0,1,False,0
769,56,Male,7,1,1,1,False,1
770,45,Male,20,1,1,0,False,1
771,25,Female,20,1,1,0,False,1
772,35,Male,0,1,1,1,False,1
773,18,Female,4,1,1,1,False,1
774,25,Female,6,1,1,0,False,1
775,18,Male,4,1,1,0,False,1
776,35,Male,7,1,1,1,False,1
777,50,Male,16,1,1,0,False,1
778,35,Female,14,1,1,0,False,1
779,25,Male,17,1,1,1,False,1
780,25,Male,7,1,1,1,False,1
781,25,Male,2,0,1,1,True,1
782,35,Male,3,1,1,1,False,1
783,35,Male,0,1,1,1,False,1
784,35,Female,20,0,0,0,False,0
785,35,Female,2,1,1,1,False,1
786,25,Male,1,1,1,0,False,1
787,25,Male,17,1,1,0,False,1
788,25,Female,20,1,0,0,True,0
789,1,Male,19,0,0,1,False,0
790,25,Male,2,1,1,0,False,1
791,25,Male,1,0,0,0,False,0
792,18,Male,4,1,1,0,False,1
793,50,Female,20,1,1,0,False,1
794,35,Male,1,1,1,0,False,1
795,18,Male,4,1,1,1,False,1
796,18,Male,4,0,0,1,False,0
797,25,Female,5,1,0,1,True,0
798,35,Male,2,0,1,1,True,1
799,25,Male,11,0,1,1,True,1
800,35,Female,1,0,0,1,False,0
801,18,Male,7,1,1,1,False,1
802,50,Male,12,1,1,1,False,1
803,25,Male,0,1,1,1,False,1
804,35,Male,0,1,1,0,False,1
805,25,Male,12,1,1,0,False,1
806,25,Male,7,1,1,1,False,1
807,18,Male,4,1,1,1,False,1
808,35,Male,17,1,1,0,False,1
809,25,Male,0,0,1,1,True,1
810,18,Female,4,1,1,0,False,1
811,45,Female,0,1,1,1,False,1
812,50,Female,0,0,0,0,False,0
813,35,Male,2,1,1,0,False,1
814,1,Female,0,1,1,1,False,1
815,25,Male,1,0,0,1,False,0
816,25,Male,12,1,1,0,False,1
817,25,Male,7,1,1,1,False,1
818,18,Female,14,1,1,0,False,1
819,45,Female,1,1,1,1,False,1
820,45,Male,16,1,1,1,False,1
821,18,Male,4,1,1,1,False,1
822,25,Male,0,1,1,1,False,1
823,25,Male,5,1,1,0,False,1
824,50,Male,1,1,1,1,False,1
825,35,Male,2,1,1,1,False,1
826,25,Male,19,0,0,1,False,0
827,25,Male,14,1,1,1,False,1
828,25,Female,17,1,1,1,False,1
829,50,Male,0,0,0,0,False,0
830,25,Female,0,1,1,0,False,1
831,35,Male,12,1,1,0,False,1
832,25,Male,7,1,1,1,False,1
833,45,Female,0,1,1,1,False,1
834,45,Male,12,1,1,0,False,1
835,25,Female,14,1,1,1,False,1
836,25,Male,1,0,1,1,True,1
837,35,Male,7,1,1,1,False,1
838,35,Male,7,1,1,0,False,1
839,45,Female,14,1,1,0,False,1
840,35,Male,5,0,0,0,False,0
841,18,Male,4,0,0,0,False,0
842,45,Male,7,1,1,0,False,1
843,18,Female,14,1,1,1,False,1
844,25,Male,17,0,0,0,False,0
845,25,Male,17,0,0,1,False,0
846,50,Male,15,1,1,1,False,1
847,25,Female,7,1,1,1,False,1
848,25,Male,7,1,1,1,False,1
849,35,Male,5,1,1,0,False,1
850,18,Male,3,1,1,1,False,1
851,45,Male,0,1,1,1,False,1
852,35,Female,9,1,1,1,False,1
853,25,Female,7,1,1,0,False,1
854,56,Female,2,1,1,1,False,1
855,25,Male,16,1,1,1,False,1
856,25,Male,14,1,1,1,False,1
857,25,Male,20,0,1,1,True,1
858,35,Male,16,1,1,1,False,1
859,25,Male,6,1,1,1,False,1
860,25,Female,17,1,1,0,False,1
861,25,Male,14,0,0,1,False,0
862,25,Female,0,0,0,1,False,0
863,25,Male,15,1,1,1,False,1
864,25,Male,4,1,1,0,False,1
865,25,Female,12,1,1,1,False,1
866,25,Male,0,1,1,0,False,1
867,35,Female,3,0,0,1,False,0
868,35,Female,3,1,1,0,False,1
869,35,Male,0,1,1,0,False,1
870,25,Male,16,1,1,0,False,1
871,18,Female,2,1,0,0,True,0
872,50,Male,16,1,1,0,False,1
873,50,Male,20,0,0,0,False,0
874,25,Male,0,1,1,1,False,1
875,35,Male,17,1,1,0,False,1
876,35,Male,0,1,1,1,False,1
877,25,Female,1,0,0,0,False,0
878,18,Male,4,1,1,1,False,1
879,18,Male,4,1,1,0,False,1
880,25,Male,4,1,1,0,False,1
881,25,Female,17,1,1,0,False,1
882,25,Female,1,1,1,0,False,1
883,25,Male,17,0,1,0,True,1
884,45,Male,1,0,0,1,False,0
885,18,Male,4,0,0,0,False,0
886,45,Male,1,1,1,1,False,1
887,18,Male,4,0,0,1,False,0
888,25,Male,12,1,1,0,False,1
889,35,Male,0,1,1,1,False,1
890,56,Female,9,1,1,1,False,1
891,25,Male,6,1,1,1,False,1
892,25,Male,4,1,1,1,False,1
893,25,Male,2,1,1,1,False,1
894,35,Female,0,1,1,1,False,1
895,25,Male,17,1,1,0,False,1
896,25,Male,20,1,1,1,False,1
897,25,Male,0,1,1,1,False,1
898,35,Male,18,1,1,1,False,1
899,50,Male,0,0,0,0,False,0
900,56,Female,6,1,1,1,False,1
901,35,Male,12,1,1,0,False,1
902,25,Male,7,0,0,0,False,0
903,25,Female,9,1,1,1,False,1
904,18,Female,0,0,0,0,False,0
905,25,Male,7,1,1,0,False,1
906,25,Male,7,1,1,1,False,1
907,35,Male,4,1,1,0,False,1
908,50,Male,2,1,1,0,False,1
909,25,Female,15,1,1,1,False,1
910,45,Male,12,1,1,0,False,1
911,35,Male,7,1,1,0,False,1
912,35,Female,14,1,1,0,False,1
913,18,Female,4,1,1,1,False,1
914,25,Male,15,1,1,1,False,1
915,35,Male,16,1,1,1,False,1
916,25,Female,14,1,1,0,False,1
917,35,Male,0,1,1,1,False,1
918,25,Male,2,1,1,1,False,1
919,35,Male,0,1,1,0,False,1
920,50,Female,0,1,1,1,False,1
921,25,Male,14,1,1,0,False,1
922,18,Male,4,1,1,1,False,1
923,25,Male,20,1,1,1,False,1
924,25,Male,0,0,0,1,False,0
925,50,Female,0,0,0,1,False,0
926,45,Male,6,1,1,1,False,1
927,25,Male,0,1,1,1,False,1
928,25,Male,17,1,1,1,False,1
929,45,Male,1,1,1,1,False,1
930,45,Male,7,1,1,1,False,1
931,25,Male,15,1,1,1,False,1
932,25,Male,14,0,0,0,False,0
933,18,Female,4,1,1,0,False,1
934,35,Female,20,1,0,1,True,0
935,50,Male,0,1,1,0,False,1
936,1,Female,10,1,1,1,False,1
937,25,Female,6,1,1,1,False,1
938,35,Male,0,1,1,1,False,1
939,35,Male,0,0,0,0,False,0
940,50,Female,0,1,1,0,False,1
941,35,Male,7,1,1,1,False,1
942,18,Male,4,1,1,1,False,1
943,50,Male,7,1,1,1,False,1
944,25,Male,0,1,1,0,False,1
945,18,Male,0,1,1,1,False,1
946,35,Female,0,1,1,1,False,1
947,35,Female,9,1,1,0,False,1
948,18,Male,4,1,1,0,False,1
949,45,Male,7,1,1,1,False,1
950,56,Male,0,1,1,1,False,1
951,35,Male,16,1,1,1,False,1
952,45,Male,17,1,1,1,False,1
953,45,Male,0,1,1,0,False,1
954,25,Male,16,1,1,1,False,1
955,25,Male,7,0,0,0,False,0
956,35,Male,0,1,1,1,False,1
957,25,Female,7,1,1,1,False,1
958,50,Female,3,1,1,0,False,1
959,25,Male,7,1,1,0,False,1
960,45,Female,7,1,1,0,False,1
961,25,Male,18,1,1,1,False,1
962,25,Male,12,1,1,1,False,1
963,25,Male,5,0,1,0,True,1
964,50,Male,20,1,1,0,False,1
965,35,Male,7,1,1,0,False,1
966,50,Male,17,1,1,0,False,1
967,56,Male,16,1,1,1,False,1
968,1,Female,10,1,1,1,False,1
969,25,Male,14,1,1,1,False,1
970,35,Female,20,0,0,0,False,0
971,25,Male,0,1,1,1,False,1
972,35,Female,17,1,1,1,False,1
973,18,Male,0,1,1,1,False,1
974,25,Male,12,1,1,0,False,1
975,25,Male,17,0,1,1,True,1
976,45,Female,7,1,1,1,False,1
977,25,Male,5,0,0,0,False,0
978,45,Male,6,1,1,1,False,1
979,45,Male,18,0,0,0,False,0
980,35,Male,12,1,1,0,False,1
981,25,Male,4,1,1,1,False,1
982,56,Male,16,1,1,1,False,1
983,18,Male,4,1,1,0,False,1
984,50,Female,20,1,1,1,False,1
985,25,Male,7,0,1,1,True,1
986,1,Male,19,0,0,0,False,0
987,25,Female,7,1,1,1,False,1
988,50,Male,14,1,1,1,False,1
989,35,Female,12,0,0,1,False,0
990,25,Male,5,1,1,1,False,1
991,18,Male,4,0,0,0,False,0
992,25,Male,12,1,1,0,False,1
993,25,Male,1,1,1,0,False,1
994,45,Male,14,1,1,1,False,1
995,50,Male,16,1,1,0,False,1
996,35,Female,1,1,1,0,False,1
997,35,Female,20,1,1,1,False,1
998,25,Male,2,1,1,0,False,1
999,25,Male,0,0,1,0,True,1
1000,25,Male,4,1,1,0,False,1
1001,18,Female,4,1,1,1,False,1
1002,50,Male,13,1,1,1,False,1
1003,45,Male,1,1,1,1,False,1
1004,25,Male,15,1,1,0,False,1
1005,45,Male,0,1,1,1,False,1
1006,25,Male,1,0,0,1,False,0
1007,45,Female,0,1,1,0,False,1
1008,18,Female,1,1,1,0,False,1
1009,25,Male,12,1,1,1,False,1
1010,18,Male,0,1,1,1,False,1
1011,18,Male,5,0,1,1,True,1
1012,18,Male,4,1,1,1,False,1
1013,18,Male,18,1,1,1,False,1
1014,25,Female,19,1,1,1,False,1
1015,1,Female,10,1,1,0,False,1
1016,18,Female,0,1,1,0,False,1
1017,18,Female,4,0,0,0,False,0
1018,25,Male,11,1,1,1,False,1
1019,25,Male,20,1,1,1,False,1
1020,50,Male,0,1,1,1,False,1
1021,25,Male,7,1,1,1,False,1
1022,56,Male,14,1,1,1,False,1
1023,25,Male,17,1,1,1,False,1
1024,25,Female,4,1,1,0,False,1
1025,18,Male,4,1,1,0,False,1
1026,18,Male,4,0,0,0,False,0
1027,25,Male,7,1,1,0,False,1
1028,35,Female,1,1,1,1,False,1
1029,45,Female,0,1,1,0,False,1
1030,25,Male,7,0,0,1,False,0
1031,1,Male,10,0,1,0,True,1
1032,25,Female,1,1,1,1,False,1
1033,25,Male,7,1,1,1,False,1
1034,45,Male,20,1,1,0,False,1
1035,18,Male,4,1,1,0,False,1
1036,56,Female,0,1,1,1,False,1
1037,35,Male,0,1,1,1,False,1
1038,18,Male,4,1,1,1,False,1
1039,50,Female,3,1,1,0,False,1
1040,45,Male,7,1,1,1,False,1
1041,25,Male,7,1,1,1,False,1
1042,18,Male,1,0,0,0,False,0
1043,25,Female,0,1,1,1,False,1
1044,18,Male,4,1,1,1,False,1
1045,25,Male,0,1,1,0,False,1
1046,18,Female,4,0,0,1,False,0
1047,35,Male,7,1,1,1,False,1
1048,25,Male,1,1,1,1,False,1
1049,45,Male,12,1,1,0,False,1
1050,50,Female,1,1,1,1,False,1
1051,18,Male,4,0,0,0,False,0
1052,35,Male,0,1,1,1,False,1
1053,18,Male,10,1,1,0,False,1
1054,18,Male,20,0,0,1,False,0
1055,50,Male,0,1,1,1,False,1
1056,18,Male,0,0,0,1,False,0
1057,25,Male,17,1,1,1,False,1
1058,45,Female,12,1,1,0,False,1
1059,18,Male,10,1,1,1,False,1
1060,45,Female,17,0,0,0,False,0
1061,35,Male,6,1,1,1,False,1
1062,56,Male,1,1,1,1,False,1
1063,25,Male,18,0,1,0,True,1
1064,25,Male,16,1,1,0,False,1
1065,18,Female,20,0,0,1,False,0
1066,35,Female,12,1,1,1,False,1
1067,18,Male,20,0,1,0,True,1
1068,56,Male,17,1,1,0,False,1
1069,25,Female,0,1,1,1,False,1
1070,35,Female,5,1,1,1,False,1
1071,50,Male,16,1,1,1,False,1
1072,25,Male,11,1,1,1,False,1
1073,45,Male,14,1,1,1,False,1
1074,25,Female,14,1,1,1,False,1
1075,56,Female,0,1,1,1,False,1
1076,35,Female,0,1,1,0,False,1
1077,25,Male,0,1,1,1,False,1
1078,1,Male,0,0,0,0,False,0
1079,18,Male,4,1,1,1,False,1
1080,1,Female,10,0,0,0,False,0
1081,35,Female,20,1,1,1,False,1
1082,50,Female,1,1,1,1,False,1
1083,18,Male,14,1,1,1,False,1
1084,18,Male,2,1,1,0,False,1
1085,25,Male,17,1,1,1,False,1
1086,35,Female,11,1,1,1,False,1
1087,25,Male,14,1,1,0,False,1
1088,45,Male,16,1,1,1,False,1
1089,25,Male,7,1,1,0,False,1
1090,35,Male,7,1,1,1,False,1
1091,45,Female,1,1,1,0,False,1
1092,25,Male,16,1,1,0,False,1
1093,18,Male,4,1,1,1,False,1
1094,25,Male,16,1,1,0,False,1
1095,35,Male,16,1,1,0,False,1
1096,45,Female,2,1,1,1,False,1
1097,25,Male,17,1,1,1,False,1
1098,50,Male,7,1,1,1,False,1
1099,35,Female,2,1,1,0,False,1
1100,18,Female,4,1,0,0,True,0
1101,35,Male,0,1,1,1,False,1
1102,25,Male,16,0,0,1,False,0
1103,25,Female,15,1,1,1,False,1
1104,35,Female,1,1,1,1,False,1
1105,45,Male,11,1,1,0,False,1
1106,56,Male,16,1,1,0,False,1
1107,18,Male,0,0,1,0,True,1
1108,35,Male,11,1,1,0,False,1
1109,1,Male,19,0,0,0,False,0
1110,35,Male,17,1,1,1,False,1
1111,35,Female,19,1,1,0,False,1
1112,35,Male,17,0,0,0,False,0
1113,25,Male,11,1,1,1,False,1
1114,18,Male,4,1,1,0,False,1
1115,25,Male,0,0,0,1,False,0
1116,25,Male,4,1,1,1,False,1
1117,35,Male,1,1,1,1,False,1
1118,25,Male,9,1,1,0,False,1
1119,56,Male,2,1,1,0,False,1
1120,25,Female,11,1,1,1,False,1
1121,35,Male,7,1,1,0,False,1
1122,18,Male,4,0,0,0,False,0
1123,25,Male,5,0,0,0,False,0
1124,18,Male,4,1,1,0,False,1
1125,35,Male,15,1,1,1,False,1
1126,18,Male,4,1,1,1,False,1
1127,18,Female,2,1,0,0,True,0
1128,35,Male,0,1,1,1,False,1
1129,25,Male,18,1,1,1,False,1
1130,45,Male,6,1,1,1,False,1
1131,56,Male,7,1,1,1,False,1
1132,35,Male,7,1,1,0,False,1
1133,50,Female,2,1,1,1,False,1
1134,56,Male,7,1,1,1,False,1
1135,35,Male,18,1,1,1,False,1
1136,25,Male,16,0,0,0,False,0
1137,25,Male,4,1,1,0,False,1
1138,35,Female,16,1,1,1,False,1
1139,50,Male,2,1,1,1,False,1
1140,1,Male,10,0,0,1,False,0
1141,25,Male,20,0,0,1,False,0
1142,18,Female,20,1,1,0,False,1
1143,18,Male,0,1,1,1,False,1
1144,35,Male,0,1,1,0,False,1
1145,50,Male,7,1,1,1,False,1
1146,18,Male,19,0,0,0,False,0
1147,45,Male,7,1,1,1,False,1
1148,18,Female,7,1,1,1,False,1
1149,45,Male,17,1,1,1,False,1
1150,35,Male,20,1,1,1,False,1
1151,35,Female,16,0,0,1,False,0
1152,50,Male,6,1,1,1,False,1
1153,45,Male,15,1,1,1,False,1
1154,25,Male,4,1,1,0,False,1
1155,35,Female,6,1,1,1,False,1
1156,25,Male,3,1,1,0,False,1
1157,45,Male,20,0,1,0,True,1
1158,25,Male,7,1,1,0,False,1
1159,50,Male,13,1,1,0,False,1
1160,25,Male,7,1,1,0,False,1
1161,56,Male,0,1,1,0,False,1
1162,25,Male,20,1,1,1,False,1
1163,25,Male,7,0,0,1,False,0
1164,25,Male,0,1,1,1,False,1
1165,25,Male,0,0,0,1,False,0
1166,18,Male,6,1,1,1,False,1
1167,25,Male,7,0,0,1,False,0
1168,25,Male,12,0,0,1,False,0
1169,25,Male,6,1,1,0,False,1
1170,25,Male,1,1,1,0,False,1
1171,25,Male,4,1,1,1,False,1
1172,18,Male,14,1,1,1,False,1
1173,25,Male,11,1,1,0,False,1
1174,25,Male,14,1,1,1,False,1
1175,25,Female,14,1,1,0,False,1
1176,18,Male,4,1,1,1,False,1
1177,25,Male,0,1,1,0,False,1
1178,45,Female,2,1,1,0,False,1
1179,35,Male,7,1,1,1,False,1
1180,25,Male,4,0,1,0,True,1
1181,25,Male,2,1,1,1,False,1
1182,25,Female,2,1,1,0,False,1
1183,25,Male,17,1,1,1,False,1
1184,25,Male,7,1,1,1,False,1
1185,25,Male,3,1,1,0,False,1
1186,56,Male,13,1,1,0,False,1
1187,25,Male,16,1,1,0,False,1
1188,50,Male,7,0,0,1,False,0
1189,25,Male,0,1,1,0,False,1
1190,25,Male,1,0,0,0,False,0
1191,25,Female,9,1,1,1,False,1
1192,45,Male,7,1,1,1,False,1
1193,25,Male,0,1,1,0,False,1
1194,35,Male,17,1,1,0,False,1
1195,25,Female,7,1,1,1,False,1
1196,18,Male,4,1,1,1,False,1
1197,35,Male,17,1,1,1,False,1
1198,35,Female,0,0,0,1,False,0
1199,25,Male,17,0,1,1,True,1
1200,25,Male,19,1,1,1,False,1
1201,25,Male,12,1,1,1,False,1
1202,25,Male,0,1,1,1,False,1
1203,25,Male,17,1,1,0,False,1
1204,25,Male,14,1,1,0,False,1
1205,25,Male,11,1,1,1,False,1
1206,45,Male,7,1,1,1,False,1
1207,18,Female,4,0,0,1,False,0
1208,50,Male,20,1,1,1,False,1
1209,35,Female,2,1,1,1,False,1
1210,45,Male,14,1,1,1,False,1
1211,45,Male,1,0,1,0,True,1
1212,50,Male,12,1,1,0,False,1
1213,35,Male,12,1,1,1,False,1
1214,25,Male,4,1,1,1,False,1
1215,25,Male,12,0,0,0,False,0
1216,35,Male,0,1,1,1,False,1
1217,1,Male,10,1,1,1,False,1
1218,25,Female,0,1,1,1,False,1
1219,35,Male,7,0,1,0,True,1
1220,25,Male,15,1,1,0,False,1
1221,1,Male,10,0,1,0,True,1
1222,35,Female,0,1,1,1,False,1
1223,35,Male,7,1,1,0,False,1
1224,25,Female,16,1,1,0,False,1
1225,18,Male,0,0,0,1,False,0
1226,25,Male,7,0,0,0,False,0
1227,50,Male,16,1,1,1,False,1
1228,45,Male,12,1,1,1,False,1
1229,50,Male,2,1,1,1,False,1
1230,50,Male,20,1,1,1,False,1
1231,50,Male,19,1,1,1,False,1
1232,35,Female,4,1,1,0,False,1
1233,25,Male,1,1,1,1,False,1
1234,35,Male,0,1,1,0,False,1
1235,18,Male,4,1,1,0,False,1
1236,18,Female,0,0,0,1,False,0
1237,25,Male,20,1,1,1,False,1
1238,25,Male,0,0,1,0,True,1
1239,1,Female,10,1,1,1,False,1
1240,50,Female,7,1,1,1,False,1
1241,45,Female,7,1,1,0,False,1
1242,25,Female,7,1,1,0,False,1
1243,25,Male,6,1,1,0,False,1
1244,50,Male,17,1,1,1,False,1
1245,18,Male,12,0,0,1,False,0
1246,25,Male,20,1,1,0,False,1
1247,35,Female,16,1,1,1,False,1
1248,25,Male,7,1,1,0,False,1
1249,25,Male,1,1,1,0,False,1
1250,35,Male,14,1,1,1,False,1
1251,35,Male,17,1,1,1,False,1
1252,25,Male,1,1,1,1,False,1
1253,18,Female,4,1,1,0,False,1
1254,1,Female,19,0,0,0,False,0
1255,1,Female,10,0,0,1,False,0
1256,45,Female,1,1,1,0,False,1
1257,25,Male,4,1,1,0,False,1
1258,25,Male,0,0,0,1,False,0
1259,18,Female,4,1,1,1,False,1
1260,35,Male,7,1,1,0,False,1
1261,18,Female,4,1,0,1,True,0
1262,45,Female,3,1,0,0,True,0
1263,18,Female,4,1,1,1,False,1
1264,35,Male,0,1,1,1,False,1
1265,18,Male,5,0,1,0,True,1
1266,25,Male,0,1,1,1,False,1
1267,25,Female,14,1,1,0,False,1
1268,35,Female,1,1,1,1,False,1
1269,35,Male,0,1,1,1,False,1
1270,35,Male,0,1,1,1,False,1
1271,56,Female,0,1,1,1,False,1
1272,25,Male,0,1,1,1,False,1
1273,25,Male,0,0,0,0,False,0
1274,25,Male,0,1,1,1,False,1
1275,50,Male,16,1,1,1,False,1
1276,1,Male,10,1,1,1,False,1
1277,25,Female,9,1,1,0,False,1
1278,56,Male,6,1,1,1,False,1
1279,25,Male,17,1,1,1,False,1
1280,50,Male,2,1,1,0,False,1
1281,25,Male,8,0,0,1,False,0
1282,25,Male,14,1,1,1,False,1
1283,50,Female,20,1,1,1,False,1
1284,25,Male,12,1,1,1,False,1
1285,35,Male,15,1,1,1,False,1
1286,18,Female,4,1,1,1,False,1
1287,25,Male,14,1,1,1,False,1
1288,18,Female,0,1,0,1,True,0
1289,50,Male,13,1,1,1,False,1
1290,45,Female,9,1,1,0,False,1
1291,25,Male,4,0,0,0,False,0
1292,45,Female,7,0,0,1,False,0
1293,35,Male,17,1,1,0,False,1
1294,18,Female,1,0,0,0,False,0
1295,50,Male,16,1,1,0,False,1
1296,56,Male,14,0,1,0,True,1
1297,18,Female,1,1,0,0,True,0
1298,18,Male,12,1,1,0,False,1
1299,25,Female,6,1,1,1,False,1
1300,35,Male,7,1,1,1,False,1
1301,1,Male,0,1,1,0,False,1
1302,25,Female,6,1,1,0,False,1
1303,25,Male,14,1,1,1,False,1
1304,35,Male,2,1,1,0,False,1
1305,25,Male,20,1,1,1,False,1
1306,25,Female,0,1,1,1,False,1
1307,45,Male,18,1,1,0,False,1
1308,50,Female,6,1,1,1,False,1
1309,25,Female,1,1,1,1,False,1
1310,25,Male,0,0,0,0,False,0
1311,18,Male,12,1,1,1,False,1
1312,25,Male,0,0,0,0,False,0
1313,25,Male,17,1,1,1,False,1
1314,35,Male,0,1,1,1,False,1
1315,25,Male,0,1,1,1,False,1
1316,18,Male,1,1,1,0,False,1
1317,35,Male,20,1,1,1,False,1
1318,18,Male,4,1,1,0,False,1
1319,25,Male,7,0,1,1,True,1
1320,25,Female,7,1,1,1,False,1
1321,35,Male,7,1,1,1,False,1
1322,50,Male,16,1,1,1,False,1
1323,50,Female,3,1,1,1,False,1
1324,25,Male,2,1,1,1,False,1
1325,50,Male,1,1,1,1,False,1
1326,25,Male,16,0,1,0,True,1
1327,50,Male,7,1,1,1,False,1
1328,25,Male,19,1,1,0,False,1
1329,45,Male,17,1,1,0,False,1
1330,25,Male,0,1,1,0,False,1
1331,25,Male,7,0,1,1,True,1
1332,50,Male,6,1,1,1,False,1
1333,50,Male,16,1,1,1,False,1
1334,1,Male,0,1,1,0,False,1
1335,18,Male,4,1,1,1,False,1
1336,25,Female,9,1,1,0,False,1
1337,18,Male,0,1,1,0,False,1
1338,25,Male,16,1,1,1,False,1
1339,18,Male,4,0,0,0,False,0
1340,25,Male,15,1,1,1,False,1
1341,1,Female,0,0,0,1,False,0
1342,25,Male,0,0,0,1,False,0
1343,25,Male,7,0,1,1,True,1
1344,18,Male,20,0,0,1,False,0
1345,25,Male,0,1,1,0,False,1
1346,45,Male,1,1,1,0,False,1
1347,25,Male,0,0,0,1,False,0
1348,25,Male,14,0,0,0,False,0
1349,45,Male,12,1,1,0,False,1
1350,50,Female,1,1,1,0,False,1
1351,35,Female,14,1,1,1,False,1
1352,25,Male,19,1,1,0,False,1
1353,35,Male,17,1,1,1,False,1
1354,35,Female,0,0,0,1,False,0
1355,45,Male,5,1,1,0,False,1
1356,18,Male,4,1,1,1,False,1
1357,35,Male,5,1,1,0,False,1
1358,25,Male,4,1,1,0,False,1
1359,18,Female,20,0,0,0,False,0
1360,25,Male,1,0,0,0,False,0
1361,35,Male,7,1,1,1,False,1
1362,18,Male,4,1,1,1,False,1
1363,45,Male,0,1,1,1,False,1
1364,25,Male,17,1,1,1,False,1
1365,25,Female,0,1,1,1,False,1
1366,18,Male,12,1,1,1,False,1
1367,45,Male,0,1,1,1,False,1
1368,25,Male,2,1,1,1,False,1
1369,18,Male,4,1,1,1,False,1
1370,50,Male,7,1,1,1,False,1
1371,35,Male,12,1,1,1,False,1
1372,25,Male,17,1,1,1,False,1
1373,25,Male,12,1,1,0,False,1
1374,45,Male,7,0,1,1,True,1
1375,18,Male,14,0,1,1,True,1
1376,25,Male,17,0,1,1,True,1
1377,35,Male,12,1,1,1,False,1
1378,25,Male,17,1,1,1,False,1
1379,25,Female,7,0,0,0,False,0
1380,25,Male,4,1,1,1,False,1
1381,18,Female,20,0,0,0,False,0
1382,18,Male,0,1,1,1,False,1
1383,45,Female,0,1,1,1,False,1
1384,18,Female,4,1,1,1,False,1
1385,25,Female,6,1,1,0,False,1
1386,25,Male,0,1,1,1,False,1
1387,50,Male,17,0,0,1,False,0
1388,56,Male,1,1,1,1,False,1
1389,25,Male,2,1,1,0,False,1
1390,18,Male,10,1,1,1,False,1
1391,18,Male,3,1,1,1,False,1
1392,25,Female,14,1,1,0,False,1
1393,25,Female,14,1,1,1,False,1
1394,50,Female,3,1,1,0,False,1
1395,25,Male,20,1,1,0,False,1
1396,35,Male,16,1,1,1,False,1
1397,25,Male,19,0,0,1,False,0
1398,56,Male,13,1,1,1,False,1
1399,25,Male,12,1,1,0,False,1
1400,18,Male,4,0,1,0,True,1
1401,25,Male,2,1,1,0,False,1
1402,1,Male,10,0,0,0,False,0
1403,25,Male,17,1,1,0,False,1
1404,18,Male,3,1,1,0,False,1
1405,25,Male,7,1,1,1,False,1
1406,56,Male,13,1,1,1,False,1
1407,25,Male,20,0,0,0,False,0
1408,25,Male,12,1,1,1,False,1
1409,25,Male,16,0,0,0,False,0
1410,45,Female,16,1,1,1,False,1
1411,45,Female,1,1,1,1,False,1
1412,35,Male,14,1,1,0,False,1
1413,1,Male,0,0,0,1,False,0
1414,1,Male,10,1,1,1,False,1
1415,25,Male,1,0,0,0,False,0
1416,45,Male,6,0,1,1,True,1
1417,50,Male,17,1,1,1,False,1
1418,25,Male,1,1,1,0,False,1
1419,35,Female,3,1,1,0,False,1
1420,50,Female,12,1,1,0,False,1
1421,18,Male,12,1,1,0,False,1
1422,18,Female,4,1,1,0,False,1
1423,1,Female,0,1,1,0,False,1
1424,45,Female,9,1,1,0,False,1
1425,25,Male,12,1,1,1,False,1
1426,25,Male,0,1,1,1,False,1
1427,45,Female,1,1,1,1,False,1
1428,25,Male,1,1,1,0,False,1
1429,50,Male,14,1,1,1,False,1
1430,18,Male,0,1,1,1,False,1
1431,35,Male,7,1,1,0,False,1
1432,18,Female,14,1,1,1,False,1
1433,50,Male,7,1,1,0,False,1
1434,25,Male,6,1,1,1,False,1
1435,25,Male,17,1,1,1,False,1
1436,25,Male,7,1,1,1,False,1
1437,18,Female,4,1,1,0,False,1
1438,18,Male,4,1,1,1,False,1
1439,50,Male,1,0,0,0,False,0
1440,25,Female,1,1,1,0,False,1
1441,25,Male,14,1,1,1,False,1
1442,25,Female,0,1,1,1,False,1
1443,35,Male,0,1,1,0,False,1
1444,18,Female,14,1,1,1,False,1
1445,25,Male,7,1,1,1,False,1
1446,18,Male,4,1,1,0,False,1
1447,25,Female,14,1,1,1,False,1
1448,45,Male,13,1,1,1,False,1
1449,25,Male,0,1,1,1,False,1
1450,50,Male,12,1,1,1,False,1
1451,25,Male,16,0,0,1,False,0
1452,25,Male,0,1,1,0,False,1
1453,25,Female,14,1,1,1,False,1
1454,25,Male,15,1,1,1,False,1
1455,25,Male,20,1,1,0,False,1
1456,35,Male,7,0,0,0,False,0
1457,18,Female,0,0,0,0,False,0
1458,25,Male,0,0,0,1,False,0
1459,25,Male,12,1,1,1,False,1
1460,25,Male,0,0,0,0,False,0
1461,25,Male,16,1,1,0,False,1
1462,45,Female,1,0,0,1,False,0
1463,25,Male,1,0,1,1,True,1
1464,18,Male,4,1,1,0,False,1
1465,25,Male,4,1,1,0,False,1
1466,25,Male,0,1,1,1,False,1
1467,18,Male,18,0,0,0,False,0
1468,18,Male,4,1,1,1,False,1
1469,25,Male,17,1,1,0,False,1
1470,45,Female,0,1,1,1,False,1
1471,18,Male,6,1,1,1,False,1
1472,50,Male,0,1,1,1,False,1
1473,45,Male,0,0,0,0,False,0
1474,25,Male,7,1,1,0,False,1
1475,35,Female,5,1,1,0,False,1
1476,1,Female,0,0,0,0,False,0
1477,1,Male,10,1,1,1,False,1
1478,35,Male,1,1,1,1,False,1
1479,35,Female,20,1,1,1,False,1
1480,25,Male,4,1,1,1,False,1
1481,18,Male,4,1,1,0,False,1
1482,25,Female,7,1,1,0,False,1
1483,25,Female,3,1,1,1,False,1
1484,25,Male,7,1,1,0,False,1
1485,45,Male,0,0,0,1,False,0
1486,45,Male,3,1,1,0,False,1
1487,18,Male,4,0,0,1,False,0
1488,25,Male,0,1,1,0,False,1
1489,25,Female,0,1,1,1,False,1
1490,25,Male,12,1,1,0,False,1
1491,50,Male,1,1,1,1,False,1
1492,18,Male,20,0,0,1,False,0
1493,1,Female,10,1,1,1,False,1
1494,18,Female,4,1,1,1,False,1
1495,1,Male,10,1,1,1,False,1
1496,25,Male,19,1,1,1,False,1
1497,35,Male,3,1,1,1,False,1
1498,25,Male,17,1,1,1,False,1
1499,25,Male,16,1,1,0,False,1
1500,1,Female,10,1,1,1,False,1
1501,56,Male,13,1,1,1,False,1
1502,45,Male,12,1,1,1,False,1
1503,35,Male,14,1,1,0,False,1
1504,25,Male,15,1,1,0,False,1
1505,25,Male,17,1,1,0,False,1
1506,25,Male,12,0,0,0,False,0
1507,25,Male,14,1,1,0,False,1
1508,35,Female,12,1,1,1,False,1
1509,35,Male,0,1,1,0,False,1
1510,50,Male,20,1,1,0,False,1
1511,25,Male,0,1,1,1,False,1
1512,25,Male,2,1,1,0,False,1
1513,25,Male,0,1,1,1,False,1
1514,25,Male,7,1,1,1,False,1
1515,25,Female,20,1,1,0,False,1
1516,25,Female,1,1,1,0,False,1
1517,50,Male,0,1,1,1,False,1
1518,50,Male,20,1,1,0,False,1
1519,35,Male,0,1,1,1,False,1
1520,25,Female,0,1,1,1,False,1
1521,18,Male,4,1,1,0,False,1
1522,18,Male,4,1,1,1,False,1
1523,25,Male,5,1,1,1,False,1
1524,18,Male,17,1,1,1,False,1
1525,50,Male,0,1,1,0,False,1
1526,18,Male,4,1,1,0,False,1
1527,35,Female,0,1,1,1,False,1
1528,35,Female,3,1,1,1,False,1
1529,25,Male,4,1,1,0,False,1
1530,18,Male,0,1,1,0,False,1
1531,25,Female,3,1,1,0,False,1
1532,1,Female,10,1,1,1,False,1
1533,45,Male,20,1,1,1,False,1
1534,35,Male,14,1,1,1,False,1
1535,25,Female,1,1,0,0,True,0
1536,35,Male,16,1,1,1,False,1
1537,25,Female,16,1,1,1,False,1
1538,35,Male,0,1,1,1,False,1
1539,25,Male,4,1,1,0,False,1
1540,56,Male,17,1,1,1,False,1
1541,25,Female,4,1,1,1,False,1
1542,35,Male,7,1,1,0,False,1
1543,25,Male,19,0,0,0,False,0
1544,25,Male,17,1,1,0,False,1
1545,35,Male,16,1,1,0,False,1
1546,50,Male,17,1,1,1,False,1
1547,35,Male,0,1,1,1,False,1
1548,25,Female,7,1,1,0,False,1
1549,45,Male,15,1,1,1,False,1
1550,25,Male,12,1,1,1,False,1
1551,25,Female,7,1,1,1,False,1
1552,35,Male,7,1,1,1,False,1
1553,25,Female,1,1,1,1,False,1
1554,18,Male,4,1,1,0,False,1
1555,25,Female,3,0,0,0,False,0
1556,50,Male,11,1,1,1,False,1
1557,25,Male,12,1,1,1,False,1
1558,25,Male,7,1,1,1,False,1
1559,50,Male,20,1,1,0,False,1
1560,25,Female,19,1,1,0,False,1
1561,18,Male,0,1,1,0,False,1
1562,35,Male,14,1,1,1,False,1
1563,18,Male,4,0,1,0,True,1
1564,45,Male,7,1,1,1,False,1
1565,56,Female,1,1,1,1,False,1
1566,18,Male,2,1,1,1,False,1
1567,1,Male,2,1,1,1,False,1
1568,56,Male,1,0,0,0,False,0
1569,25,Male,20,0,0,1,False,0
1570,35,Male,14,1,1,0,False,1
1571,1,Male,10,1,1,1,False,1
1572,25,Male,19,0,0,1,False,0
1573,18,Male,14,1,1,0,False,1
1574,45,Male,0,1,1,0,False,1
1575,18,Male,4,0,0,1,False,0
1576,45,Male,1,1,1,1,False,1
1577,25,Female,12,1,1,0,False,1
1578,35,Male,0,1,1,1,False,1
1579,25,Male,17,1,1,1,False,1
1580,18,Female,14,1,1,1,False,1
1581,35,Female,9,1,1,0,False,1
1582,56,Male,13,0,1,0,True,1
1583,56,Female,16,1,1,1,False,1
1584,25,Male,4,1,1,1,False,1
1585,25,Male,1,0,0,1,False,0
1586,45,Male,19,1,1,0,False,1
1587,25,Female,1,1,1,1,False,1
1588,25,Male,17,1,1,0,False,1
1589,25,Female,15,1,1,0,False,1
1590,18,Male,4,1,1,1,False,1
1591,45,Male,16,1,1,0,False,1
1592,45,Male,18,1,1,1,False,1
1593,56,Male,0,1,1,1,False,1
1594,45,Male,17,1,1,1,False,1
1595,35,Male,3,1,1,0,False,1
1596,18,Male,4,1,1,1,False,1
1597,18,Male,4,1,1,1,False,1
1598,25,Male,15,1,1,0,False,1
1599,50,Male,16,1,1,1,False,1
1600,25,Female,1,1,1,1,False,1
1601,56,Male,13,1,1,0,False,1
1602,18,Female,4,1,0,0,True,0
1603,18,Female,14,1,0,0,True,0
1604,25,Male,5,1,1,0,False,1
1605,50,Female,2,0,0,1,False,0
1606,35,Male,12,1,1,0,False,1
1607,25,Female,4,1,1,1,False,1
1608,18,Male,4,1,1,1,False,1
1609,25,Male,2,1,1,1,False,1
1610,45,Male,1,1,1,0,False,1
1611,25,Female,3,1,1,1,False,1
1612,25,Male,7,1,1,1,False,1
1613,25,Male,6,1,1,1,False,1
1614,45,Male,7,1,1,0,False,1
1615,1,Female,0,1,0,1,True,0
1616,25,Male,16,1,1,1,False,1
1617,25,Female,9,1,1,0,False,1
1618,45,Male,2,1,1,1,False,1
1619,18,Male,4,1,1,1,False,1
1620,25,Female,20,1,1,1,False,1
1621,25,Male,7,0,1,1,True,1
1622,1,Female,0,1,1,1,False,1
1623,50,Male,7,1,1,1,False,1
1624,18,Male,20,1,1,1,False,1
1625,25,Male,7,1,1,0,False,1
1626,25,Female,11,1,1,1,False,1
1627,25,Male,3,0,0,1,False,0
1628,1,Male,10,0,0,1,False,0
1629,18,Male,4,0,1,0,True,1
1630,18,Male,4,1,1,0,False,1
1631,25,Male,16,1,1,0,False,1
1632,45,Male,8,1,1,0,False,1
1633,35,Male,20,1,1,1,False,1
1634,45,Male,1,1,1,1,False,1
1635,45,Female,1,1,1,0,False,1
1636,35,Male,20,0,0,0,False,0
1637,25,Female,0,1,1,1,False,1
1638,25,Male,20,1,1,1,False,1
1639,25,Male,12,0,0,0,False,0
1640,18,Male,3,1,1,0,False,1
1641,50,Male,6,1,1,1,False,1
1642,50,Male,1,1,1,1,False,1
1643,25,Female,3,1,1,1,False,1
1644,25,Female,3,1,1,0,False,1
1645,18,Male,4,1,1,1,False,1
1646,25,Male,0,1,1,1,False,1
1647,25,Female,20,1,1,1,False,1
1648,18,Male,20,0,0,0,False,0
1649,25,Male,7,1,1,0,False,1
1650,18,Male,11,1,1,1,False,1
1651,25,Male,6,1,1,0,False,1
1652,25,Male,19,0,0,0,False,0
1653,18,Female,16,1,1,0,False,1
1654,50,Male,7,1,1,1,False,1
1655,25,Male,4,0,0,1,False,0
1656,45,Male,20,1,1,1,False,1
1657,45,Male,7,1,1,1,False,1
1658,18,Male,4,1,1,1,False,1
1659,25,Male,7,0,1,0,True,1
1660,18,Male,4,1,1,0,False,1
1661,56,Male,1,1,1,1,False,1
1662,18,Male,4,0,0,1,False,0
1663,35,Male,12,1,1,1,False,1
1664,35,Male,5,1,1,1,False,1
1665,25,Male,4,1,1,1,False,1
1666,25,Male,19,1,1,0,False,1
1667,45,Male,1,1,1,0,False,1
1668,25,Male,17,1,1,1,False,1
1669,35,Male,7,1,1,0,False,1
1670,18,Female,0,0,0,0,False,0
1671,45,Male,16,1,1,1,False,1
1672,35,Male,7,1,1,1,False,1
1673,25,Male,0,0,0,0,False,0
1674,25,Female,6,1,1,1,False,1
1675,18,Male,3,1,1,1,False,1
1676,45,Female,1,1,1,1,False,1
1677,18,Male,12,0,0,0,False,0
1678,45,Female,2,1,1,1,False,1
1679,25,Male,20,0,1,0,True,1
1680,18,Female,4,1,1,1,False,1
1681,35,Male,7,1,1,1,False,1
1682,50,Male,16,1,1,1,False,1
1683,25,Male,1,1,1,1,False,1
1684,25,Male,15,1,1,0,False,1
1685,35,Male,17,1,1,0,False,1
1686,18,Female,0,0,0,0,False,0
1687,18,Male,2,0,0,1,False,0
1688,18,Male,4,1,1,1,False,1
1689,25,Female,0,0,0,0,False,0
1690,56,Male,13,1,1,1,False,1
1691,25,Male,16,1,1,0,False,1
1692,45,Male,11,0,0,0,False,0
1693,18,Male,20,1,1,1,False,1
1694,25,Female,7,1,1,1,False,1
1695,18,Male,4,0,0,0,False,0
1696,35,Male,20,1,1,1,False,1
1697,25,Male,6,1,1,1,False,1
1698,25,Female,5,1,1,1,False,1
1699,45,Female,17,1,0,0,True,0
1700,35,Female,9,0,0,1,False,0
1701,50,Male,0,1,1,1,False,1
1702,18,Male,4,1,1,1,False,1
1703,35,Male,4,1,1,0,False,1
1704,35,Male,20,0,0,1,False,0
1705,1,Male,10,1,1,1,False,1
1706,18,Male,4,1,1,0,False,1
1707,18,Female,14,1,1,1,False,1
1708,56,Male,16,1,1,1,False,1
1709,25,Female,7,1,1,0,False,1
1710,35,Male,15,1,1,0,False,1
1711,25,Male,12,1,1,1,False,1
1712,25,Male,7,1,1,1,False,1
1713,50,Male,1,1,1,1,False,1
1714,1,Male,10,0,0,0,False,0
1715,25,Male,14,1,1,0,False,1
1716,35,Male,17,1,1,0,False,1
1717,25,Male,17,1,1,0,False,1
1718,35,Male,19,1,1,0,False,1
1719,35,Female,1,1,1,0,False,1
1720,35,Male,12,1,1,0,False,1
1721,25,Male,12,1,1,1,False,1
1722,25,Male,5,1,1,0,False,1
1723,25,Male,7,1,1,0,False,1
1724,25,Male,7,1,1,1,False,1
1725,25,Male,7,1,1,1,False,1
1726,35,Female,1,1,1,0,False,1
1727,25,Male,7,1,1,1,False,1
1728,25,Male,17,1,1,1,False,1
1729,25,Male,12,1,1,1,False,1
1730,25,Male,5,1,1,1,False,1
1731,18,Male,4,1,1,1,False,1
1732,35,Male,17,1,1,1,False,1
1733,25,Male,17,1,1,1,False,1
1734,25,Female,2,1,1,1,False,1
1735,25,Male,0,1,1,1,False,1
1736,35,Male,2,1,1,0,False,1
1737,25,Male,4,1,1,1,False,1
1738,50,Female,1,1,1,1,False,1
1739,18,Male,0,1,1,0,False,1
1740,18,Male,4,1,1,0,False,1
1741,18,Male,4,0,0,1,False,0
1742,56,Female,2,1,1,1,False,1
1743,18,Male,4,1,1,1,False,1
1744,25,Female,15,1,1,0,False,1
1745,25,Male,19,1,1,0,False,1
1746,25,Female,4,1,1,1,False,1
1747,35,Male,0,1,1,0,False,1
1748,25,Male,16,1,1,1,False,1
1749,35,Male,6,1,1,1,False,1
1750,35,Male,11,1,1,0,False,1
1751,50,Female,4,1,1,1,False,1
1752,18,Female,4,1,1,1,False,1
1753,45,Male,16,1,1,1,False,1
1754,25,Male,14,1,1,1,False,1
1755,45,Male,7,1,1,1,False,1
1756,35,Male,7,0,0,0,False,0
1757,35,Female,1,1,1,0,False,1
1758,25,Male,12,1,1,1,False,1
1759,18,Male,4,1,1,0,False,1
1760,35,Male,3,1,1,0,False,1
1761,18,Male,4,1,1,0,False,1
1762,25,Male,15,1,1,1,False,1
1763,50,Male,1,1,1,1,False,1
1764,50,Female,9,1,1,1,False,1
1765,50,Male,13,1,1,1,False,1
1766,45,Male,2,1,1,1,False,1
1767,35,Male,15,1,1,0,False,1
1768,45,Male,17,1,1,0,False,1
1769,25,Male,0,1,1,1,False,1
1770,25,Male,1,1,1,1,False,1
1771,18,Male,4,1,1,1,False,1
1772,35,Female,6,1,1,1,False,1
1773,35,Male,0,1,1,1,False,1
1774,35,Male,1,1,1,0,False,1
1775,18,Male,14,1,1,1,False,1
1776,25,Male,0,1,1,0,False,1
1777,18,Male,0,0,0,0,False,0
1778,1,Male,0,1,1,1,False,1
1779,35,Male,1,1,1,0,False,1
1780,25,Male,15,1,1,1,False,1
1781,1,Male,10,1,1,1,False,1
1782,25,Female,2,0,0,1,False,0
1783,25,Female,6,1,1,1,False,1
1784,35,Male,2,1,1,1,False,1
1785,50,Male,1,0,0,0,False,0
1786,18,Male,4,1,1,1,False,1
1787,35,Male,0,1,1,1,False,1
1788,45,Male,17,1,1,1,False,1
1789,25,Male,7,0,0,1,False,0
1790,25,Male,0,1,1,1,False,1
1791,35,Male,19,1,1,1,False,1
1792,35,Female,9,1,1,1,False,1
1793,18,Male,4,0,0,0,False,0
1794,25,Male,17,1,1,1,False,1
1795,56,Male,18,1,1,1,False,1
1796,25,Male,0,1,1,1,False,1
1797,25,Male,12,1,1,1,False,1
1798,35,Female,9,1,1,1,False,1
1799,25,Male,7,1,1,1,False,1
1800,25,Male,17,1,1,1,False,1
1801,50,Male,16,1,1,0,False,1
1802,25,Female,14,1,1,1,False,1
1803,35,Male,20,0,0,0,False,0
1804,45,Male,6,1,1,1,False,1
1805,35,Female,12,1,1,0,False,1
1806,25,Male,0,0,0,1,False,0
1807,18,Female,4,0,0,1,False,0
1808,45,Male,17,1,1,1,False,1
1809,18,Male,4,1,1,1,False,1
1810,50,Male,13,1,1,1,False,1
1811,18,Male,12,1,1,1,False,1
1812,35,Female,2,1,1,1,False,1
1813,25,Female,7,1,1,0,False,1
1814,25,Male,17,1,1,0,False,1
1815,45,Female,1,0,0,1,False,0
1816,25,Male,2,1,1,0,False,1
1817,25,Male,14,1,1,1,False,1
1818,35,Male,16,1,1,0,False,1
1819,18,Male,5,0,0,0,False,0
1820,35,Male,7,1,1,1,False,1
1821,18,Female,16,1,1,0,False,1
1822,35,Male,17,1,1,1,False,1
1823,56,Female,0,1,1,0,False,1
1824,25,Male,17,1,1,1,False,1
1825,56,Male,19,1,1,0,False,1
1826,45,Male,2,1,1,1,False,1
1827,18,Male,4,1,1,1,False,1
1828,25,Male,12,0,0,0,False,0
1829,18,Female,1,1,1,0,False,1
1830,35,Male,7,1,1,1,False,1
1831,1,Male,0,1,1,1,False,1
1832,35,Male,7,1,1,0,False,1
1833,35,Male,7,1,1,1,False,1
1834,18,Male,0,1,1,1,False,1
1835,35,Male,17,1,1,1,False,1
1836,35,Male,2,1,1,1,False,1
1837,18,Male,4,1,1,1,False,1
1838,25,Female,1,0,0,1,False,0
1839,25,Male,15,1,1,1,False,1
1840,18,Male,14,0,1,1,True,1
1841,25,Male,7,1,1,1,False,1
1842,25,Male,7,0,0,0,False,0
1843,25,Male,0,1,1,0,False,1
1844,35,Male,17,1,1,0,False,1
1845,25,Male,16,1,1,0,False,1
1846,1,Male,0,1,1,1,False,1
1847,25,Male,0,1,1,0,False,1
1848,25,Male,12,1,1,0,False,1
1849,25,Male,7,0,0,0,False,0
1850,18,Male,1,1,1,1,False,1
1851,18,Male,3,1,1,0,False,1
1852,18,Male,10,1,1,0,False,1
1853,25,Male,17,1,1,1,False,1
1854,18,Female,0,1,1,1,False,1
1855,50,Male,13,1,1,0,False,1
1856,45,Male,1,1,1,0,False,1
1857,35,Male,0,1,1,0,False,1
1858,1,Female,10,0,0,0,False,0
1859,25,Male,3,0,0,0,False,0
1860,25,Male,0,1,1,1,False,1
1861,45,Male,1,1,1,1,False,1
1862,25,Male,1,1,1,0,False,1
1863,1,Male,10,1,1,0,False,1
1864,18,Male,4,1,1,0,False,1
1865,35,Female,0,1,1,0,False,1
1866,35,Female,16,1,0,1,True,0
1867,35,Male,17,1,1,1,False,1
1868,25,Male,12,1,1,0,False,1
1869,56,Male,7,1,1,1,False,1
1870,25,Male,5,1,1,1,False,1
1871,35,Male,16,1,1,1,False,1
1872,25,Male,4,1,1,1,False,1
1873,25,Female,1,1,1,1,False,1
1874,18,Male,4,1,1,0,False,1
1875,25,Male,3,1,1,1,False,1
1876,18,Male,17,1,1,1,False,1
1877,35,Male,7,1,1,1,False,1
1878,35,Male,14,1,1,0,False,1
1879,25,Male,15,0,0,0,False,0
1880,25,Male,4,1,1,1,False,1
1881,25,Male,7,1,1,1,False,1
1882,35,Male,18,1,1,1,False,1
1883,45,Female,0,1,1,1,False,1
1884,35,Female,5,1,1,1,False,1
1885,50,Female,0,1,1,0,False,1
1886,25,Female,14,0,0,0,False,0
1887,25,Male,0,1,1,0,False,1
1888,18,Male,20,1,1,1,False,1
1889,56,Female,20,1,1,0,False,1
1890,18,Male,4,1,1,0,False,1
1891,50,Male,16,1,1,0,False,1
1892,35,Male,2,1,1,0,False,1
1893,25,Female,3,1,1,1,False,1
1894,25,Female,20,1,0,0,True,0
1895,25,Male,7,1,1,1,False,1
1896,25,Male,16,1,1,0,False,1
1897,50,Male,7,1,1,0,False,1
1898,35,Male,0,1,1,1,False,1
1899,25,Male,12,1,1,1,False,1
1900,25,Female,0,1,1,1,False,1
1901,56,Male,1,1,1,0,False,1
1902,45,Male,1,1,1,1,False,1
1903,25,Female,4,1,1,1,False,1
1904,50,Male,0,1,1,0,False,1
1905,25,Male,17,1,1,0,False,1
1906,35,Male,17,1,1,0,False,1
1907,25,Male,17,1,1,1,False,1
1908,25,Male,16,1,1,1,False,1
1909,25,Female,0,1,1,1,False,1
1910,25,Male,0,1,1,1,False,1
1911,45,Male,7,1,1,0,False,1
1912,50,Male,20,1,1,1,False,1
1913,18,Male,4,0,0,0,False,0
1914,35,Male,1,1,1,0,False,1
1915,25,Male,4,1,1,1,False,1
1916,25,Male,20,0,1,1,True,1
1917,35,Male,0,1,1,1,False,1
1918,25,Male,0,1,1,0,False,1
1919,1,Female,10,1,1,1,False,1
1920,18,Female,0,0,0,1,False,0
1921,45,Male,16,1,1,1,False,1
1922,25,Male,3,1,1,1,False,1
1923,25,Male,17,1,1,1,False,1
1924,35,Male,16,0,0,0,False,0
1925,18,Male,0,1,1,1,False,1
1926,35,Male,16,0,0,0,False,0
1927,18,Male,20,1,1,1,False,1
1928,25,Male,16,1,1,1,False,1
1929,25,Male,12,1,1,1,False,1
1930,50,Male,14,1,1,1,False,1
1931,25,Male,0,1,1,1,False,1
1932,35,Male,12,1,1,0,False,1
1933,25,Male,4,1,1,0,False,1
1934,56,Female,2,1,1,0,False,1
1935,25,Female,9,1,1,1,False,1
1936,18,Male,4,1,1,1,False,1
1937,25,Male,0,1,1,1,False,1
1938,25,Male,16,1,1,1,False,1
1939,35,Male,0,1,1,1,False,1
1940,25,Male,5,0,0,1,False,0
1941,35,Male,7,1,1,0,False,1
1942,18,Male,20,1,1,0,False,1
1943,18,Female,2,1,1,1,False,1
1944,25,Male,16,1,1,0,False,1
1945,18,Male,4,1,1,1,False,1
1946,25,Male,0,1,1,1,False,1
1947,25,Male,3,1,1,1,False,1
1948,35,Male,18,1,1,1,False,1
1949,25,Male,20,1,1,1,False,1
1950,35,Male,1,1,1,1,False,1
1951,35,Female,1,1,1,0,False,1
1952,25,Male,0,0,0,0,False,0
1953,18,Male,14,1,1,0,False,1
1954,18,Male,17,1,1,0,False,1
1955,18,Male,0,1,1,1,False,1
1956,25,Male,5,0,1,0,True,1
1957,18,Male,4,1,1,1,False,1
1958,35,Male,7,0,1,0,True,1
1959,35,Male,3,1,1,1,False,1
1960,35,Male,2,1,1,0,False,1
1961,18,Male,4,0,0,0,False,0
1962,56,Female,9,1,1,1,False,1
1963,35,Male,7,1,1,1,False,1
1964,25,Male,7,1,1,1,False,1
1965,50,Male,0,1,1,1,False,1
1966,18,Male,4,1,1,0,False,1
1967,18,Male,4,1,1,1,False,1
1968,18,Male,4,1,1,0,False,1
1969,1,Female,10,1,1,1,False,1
1970,25,Female,1,1,0,0,True,0
1971,50,Female,0,1,1,1,False,1
1972,18,Male,0,0,0,0,False,0
1973,50,Male,20,1,1,0,False,1
1974,25,Male,2,1,1,1,False,1
1975,18,Female,5,1,1,1,False,1
1976,18,Male,0,0,0,1,False,0
1977,35,Female,1,1,1,1,False,1
1978,35,Male,12,1,1,1,False,1
1979,25,Male,15,1,1,1,False,1
1980,18,Male,4,0,1,0,True,1
1981,25,Male,12,1,1,1,False,1
1982,25,Male,16,1,1,0,False,1
1983,25,Male,4,1,1,1,False,1
1984,25,Male,0,0,0,0,False,0
1985,25,Male,7,0,0,1,False,0
1986,45,Male,0,1,1,1,False,1
1987,25,Female,14,1,1,1,False,1
1988,18,Male,17,1,1,1,False,1
1989,25,Male,1,1,1,0,False,1
1990,50,Male,1,1,1,1,False,1
1991,50,Male,19,1,1,0,False,1
1992,25,Male,17,1,1,1,False,1
1993,25,Male,7,1,1,1,False,1
1994,18,Male,6,1,1,0,False,1
1995,18,Female,1,0,0,1,False,0
1996,18,Female,9,0,0,0,False,0
1997,25,Male,4,1,1,1,False,1
1998,18,Male,4,0,0,0,False,0
1999,25,Female,2,1,1,1,False,1
2000,35,Female,7,1,0,1,True,0
2001,25,Male,14,1,1,1,False,1
2002,45,Female,5,1,1,0,False,1
2003,1,Female,10,1,1,1,False,1
2004,25,Male,2,0,1,0,True,1
2005,25,Female,6,1,1,0,False,1
2006,45,Female,15,1,1,1,False,1
2007,18,Male,4,1,1,1,False,1
2008,45,Male,17,1,1,0,False,1
2009,25,Female,1,1,1,1,False,1
2010,25,Female,6,1,1,1,False,1
2011,18,Male,4,1,1,0,False,1
2012,56,Male,13,1,1,1,False,1
2013,18,Male,14,0,0,0,False,0
2014,25,Male,7,0,1,1,True,1
2015,18,Male,4,1,1,1,False,1
2016,18,Male,12,1,1,1,False,1
2017,25,Male,12,1,1,1,False,1
2018,25,Male,7,1,1,0,False,1
2019,56,Male,7,1,1,0,False,1
2020,35,Male,0,1,1,1,False,1
2021,18,Male,4,0,1,0,True,1
2022,35,Male,0,0,0,0,False,0
2023,25,Male,15,0,0,1,False,0
2024,18,Male,12,1,1,0,False,1
2025,18,Female,4,1,1,1,False,1
2026,35,Female,16,1,1,1,False,1
2027,56,Male,1,0,0,0,False,0
2028,25,Male,4,0,0,0,False,0
2029,45,Female,0,1,1,0,False,1
2030,25,Male,16,1,1,1,False,1
2031,18,Male,1,1,1,1,False,1
2032,1,Male,19,0,0,1,False,0
2033,35,Female,11,1,1,0,False,1
2034,35,Female,14,1,1,1,False,1
2035,25,Male,12,1,1,1,False,1
2036,35,Female,1,1,1,0,False,1
2037,35,Male,7,1,1,1,False,1
2038,18,Male,0,1,1,0,False,1
2039,56,Male,13,1,1,0,False,1
2040,35,Male,17,1,1,0,False,1
2041,18,Male,2,1,1,1,False,1
2042,35,Male,12,1,1,1,False,1
2043,35,Male,12,1,1,1,False,1
2044,25,Male,16,1,1,0,False,1
2045,45,Male,13,1,1,0,False,1
2046,18,Female,4,1,1,1,False,1
2047,50,Male,0,1,1,1,False,1
2048,18,Male,0,1,1,1,False,1
2049,35,Male,13,1,1,0,False,1
2050,35,Female,9,1,1,1,False,1
2051,18,Male,4,1,1,1,False,1
2052,35,Female,0,1,1,1,False,1
2053,25,Male,12,1,1,0,False,1
2054,35,Male,0,0,0,0,False,0
2055,35,Male,10,1,1,1,False,1
2056,25,Female,3,1,1,0,False,1
2057,25,Male,14,0,0,0,False,0
2058,25,Male,12,1,1,0,False,1
2059,35,Male,14,1,1,0,False,1
2060,25,Male,12,0,0,1,False,0
2061,25,Male,12,1,1,1,False,1
2062,25,Male,3,1,1,1,False,1
2063,18,Male,3,1,1,0,False,1
2064,25,Male,7,0,0,1,False,0
2065,35,Male,0,1,1,1,False,1
2066,35,Male,8,1,1,0,False,1
2067,18,Male,4,1,1,0,False,1
2068,45,Male,12,1,1,1,False,1
2069,50,Male,16,1,1,0,False,1
2070,25,Male,11,0,0,0,False,0
2071,25,Female,14,1,1,1,False,1
2072,50,Male,14,1,1,0,False,1
2073,25,Male,16,1,1,0,False,1
2074,25,Male,0,0,0,0,False,0
2075,35,Male,17,0,0,1,False,0
2076,35,Male,0,0,0,1,False,0
2077,45,Male,6,0,1,1,True,1
2078,18,Male,0,1,1,1,False,1
2079,56,Male,1,1,1,0,False,1
2080,25,Male,17,1,1,1,False,1
2081,45,Male,7,0,0,1,False,0
2082,25,Male,16,0,1,1,True,1
2083,45,Male,0,1,1,0,False,1
2084,1,Male,10,1,1,0,False,1
2085,18,Male,15,1,1,1,False,1
2086,50,Female,0,1,1,0,False,1
2087,25,Male,20,1,1,1,False,1
2088,50,Male,1,1,1,1,False,1
2089,25,Male,3,1,1,1,False,1
2090,25,Female,7,1,1,1,False,1
2091,25,Male,15,1,1,1,False,1
2092,25,Male,12,1,1,1,False,1
2093,1,Male,10,0,0,1,False,0
2094,35,Male,1,1,1,0,False,1
2095,35,Male,1,1,1,1,False,1
2096,25,Female,1,1,1,0,False,1
2097,18,Male,16,1,1,0,False,1
2098,35,Male,15,1,1,1,False,1
2099,35,Male,0,0,0,0,False,0
2100,35,Female,7,1,1,1,False,1
2101,45,Female,16,1,1,1,False,1
2102,25,Female,17,1,0,0,True,0
2103,25,Male,3,0,0,1,False,0
2104,25,Male,18,1,1,0,False,1
2105,50,Male,6,1,1,0,False,1
2106,18,Male,3,1,1,1,False,1
2107,25,Male,7,1,1,1,False,1
2108,35,Female,2,1,1,1,False,1
2109,18,Male,10,0,0,0,False,0
2110,50,Male,11,1,1,0,False,1
2111,18,Male,0,0,0,1,False,0
2112,50,Male,0,1,1,1,False,1
2113,35,Male,1,0,0,0,False,0
2114,25,Male,7,1,1,1,False,1
2115,1,Male,10,1,1,1,False,1
2116,18,Male,19,0,0,0,False,0
2117,25,Female,4,1,1,1,False,1
2118,35,Male,7,1,1,0,False,1
2119,35,Male,7,1,1,0,False,1
2120,56,Male,14,1,1,0,False,1
2121,25,Male,20,1,1,1,False,1
2122,25,Male,7,1,1,1,False,1
2123,35,Male,0,1,1,0,False,1
2124,35,Male,0,1,1,1,False,1
2125,18,Male,14,1,1,1,False,1
2126,18,Female,19,1,1,1,False,1
2127,35,Male,16,1,1,0,False,1
2128,56,Male,20,1,1,1,False,1
2129,25,Female,2,1,1,1,False,1
2130,45,Male,7,1,1,0,False,1
2131,35,Male,7,1,1,0,False,1
2132,56,Male,17,1,1,0,False,1
2133,56,Male,7,1,1,1,False,1
2134,18,Male,4,1,1,1,False,1
2135,35,Male,0,0,0,0,False,0
2136,45,Male,0,0,1,0,True,1
2137,18,Female,19,1,0,0,True,0
2138,35,Female,0,1,1,1,False,1
2139,35,Male,0,1,1,0,False,1
2140,35,Male,0,0,0,0,False,0
2141,45,Male,5,1,1,1,False,1
2142,18,Male,12,1,1,1,False,1
2143,25,Male,2,1,1,1,False,1
2144,25,Male,17,1,1,0,False,1
2145,25,Male,2,1,1,0,False,1
2146,45,Male,16,1,1,1,False,1
2147,18,Female,4,1,1,1,False,1
2148,35,Male,20,1,1,0,False,1
2149,35,Female,0,1,1,0,False,1
2150,1,Male,19,0,0,0,False,0
2151,25,Male,14,1,1,1,False,1
2152,25,Male,2,1,1,1,False,1
2153,25,Male,14,1,1,0,False,1
2154,56,Male,13,1,1,1,False,1
2155,35,Male,16,1,1,1,False,1
2156,18,Male,0,0,0,0,False,0
2157,18,Male,12,1,1,1,False,1
2158,25,Male,0,0,0,1,False,0
2159,45,Male,0,1,1,1,False,1
2160,35,Male,17,1,1,1,False,1
2161,25,Male,4,1,1,1,False,1
2162,1,Male,10,1,1,1,False,1
2163,25,Male,1,1,1,1,False,1
2164,25,Female,3,1,1,1,False,1
2165,25,Male,7,1,1,0,False,1
2166,45,Female,7,1,1,0,False,1
2167,35,Male,7,0,0,0,False,0
2168,50,Female,1,1,1,1,False,1
2169,25,Female,3,1,1,1,False,1
2170,35,Male,1,1,1,0,False,1
2171,25,Male,14,1,1,1,False,1
2172,45,Male,17,0,0,0,False,0
2173,35,Male,7,1,1,1,False,1
2174,25,Male,0,1,1,0,False,1
2175,25,Male,0,0,1,1,True,1
2176,25,Male,7,1,1,0,False,1
2177,25,Male,3,1,1,1,False,1
2178,25,Male,7,1,1,1,False,1
2179,18,Male,0,0,1,1,True,1
2180,25,Female,7,1,1,1,False,1
2181,25,Female,3,1,1,1,False,1
2182,45,Male,18,1,1,0,False,1
2183,25,Male,4,0,0,0,False,0
2184,35,Male,18,1,1,1,False,1
2185,25,Male,0,1,1,0,False,1
2186,45,Female,12,1,1,1,False,1
2187,35,Male,2,1,1,1,False,1
2188,25,Female,9,1,1,1,False,1
2189,18,Male,14,1,1,0,False,1
2190,25,Male,14,1,1,1,False,1
2191,25,Male,7,0,0,1,False,0
2192,35,Male,12,1,1,1,False,1
2193,45,Male,12,1,1,1,False,1
2194,18,Female,2,1,1,0,False,1
2195,25,Male,15,1,1,1,False,1
2196,50,Male,0,1,1,0,False,1
2197,1,Male,10,1,1,1,False,1
2198,45,Male,3,1,1,1,False,1
2199,25,Female,0,0,0,1,False,0
2200,50,Female,1,1,1,0,False,1
2201,25,Female,3,1,1,1,False,1
2202,35,Male,0,1,1,0,False,1
2203,25,Female,1,1,1,0,False,1
2204,50,Male,1,1,1,1,False,1
2205,25,Male,3,1,1,0,False,1
2206,25,Male,2,1,1,0,False,1
2207,35,Female,7,1,1,1,False,1
2208,18,Male,20,1,1,1,False,1
2209,35,Female,12,1,1,1,False,1
2210,25,Male,6,1,1,0,False,1
2211,25,Female,4,1,1,1,False,1
2212,45,Male,12,1,1,0,False,1
2213,56,Female,16,1,1,1,False,1
2214,25,Female,12,1,1,0,False,1
2215,45,Female,6,1,1,1,False,1
2216,25,Male,0,0,0,0,False,0
2217,25,Female,3,1,1,0,False,1
2218,25,Male,3,1,1,0,False,1
2219,1,Male,0,1,1,0,False,1
2220,45,Male,2,1,1,1,False,1
2221,45,Female,16,1,1,1,False,1
2222,1,Male,19,1,1,0,False,1
2223,25,Male,4,0,0,0,False,0
2224,45,Male,0,0,0,0,False,0
2225,45,Male,1,1,1,0,False,1
2226,25,Female,1,1,1,1,False,1
2227,25,Female,0,0,0,0,False,0
2228,25,Male,4,1,1,0,False,1
2229,25,Male,4,0,1,1,True,1
2230,18,Male,0,0,1,0,True,1
2231,25,Male,16,1,1,0,False,1
2232,18,Male,2,0,0,0,False,0
2233,18,Male,12,1,1,0,False,1
2234,45,Male,1,1,1,1,False,1
2235,18,Male,20,0,0,1,False,0
2236,25,Male,16,1,1,1,False,1
2237,50,Female,6,1,1,1,False,1
2238,35,Male,0,1,1,0,False,1
2239,25,Male,6,1,1,1,False,1
2240,25,Male,1,1,1,1,False,1
2241,18,Male,0,0,0,0,False,0
2242,35,Female,16,1,1,1,False,1
2243,18,Male,0,1,1,0,False,1
2244,35,Male,17,1,1,1,False,1
2245,25,Male,7,1,1,1,False,1
2246,25,Male,12,0,0,0,False,0
2247,25,Female,0,1,1,1,False,1
2248,25,Male,4,1,1,1,False,1
2249,25,Male,4,1,1,0,False,1
2250,35,Male,0,0,0,1,False,0
2251,35,Male,4,0,0,1,False,0
2252,35,Male,16,1,1,1,False,1
2253,25,Male,2,0,1,0,True,1
2254,25,Male,0,0,0,0,False,0
2255,18,Male,0,1,1,0,False,1
2256,50,Male,2,1,1,1,False,1
2257,25,Male,17,1,1,0,False,1
2258,35,Male,6,1,1,1,False,1
2259,18,Male,0,0,1,1,True,1
2260,18,Male,4,0,0,1,False,0
2261,45,Male,1,1,1,1,False,1
2262,25,Female,4,1,1,0,False,1
2263,45,Male,7,1,1,1,False,1
2264,45,Female,3,1,1,1,False,1
2265,50,Male,6,1,1,0,False,1
2266,35,Female,12,1,1,0,False,1
2267,35,Male,17,1,1,1,False,1
2268,35,Male,12,1,1,0,False,1
2269,18,Male,4,0,0,1,False,0
2270,25,Male,7,1,1,1,False,1
2271,25,Male,7,1,1,1,False,1
2272,18,Female,0,1,1,1,False,1
2273,35,Female,7,1,1,0,False,1
2274,25,Male,14,1,1,1,False,1
2275,45,Male,16,1,1,0,False,1
2276,25,Male,11,1,1,1,False,1
2277,18,Male,4,1,1,0,False,1
2278,25,Female,16,1,1,1,False,1
2279,18,Male,4,1,1,1,False,1
2280,25,Male,6,0,0,0,False,0
2281,25,Female,20,1,1,1,False,1
2282,25,Male,2,0,0,0,False,0
2283,35,Male,4,1,1,1,False,1
2284,50,Male,7,0,0,1,False,0
2285,18,Male,1,1,1,0,False,1
2286,25,Male,7,0,1,0,True,1
2287,18,Male,4,1,1,1,False,1
2288,25,Male,12,1,1,1,False,1
2289,25,Female,1,1,1,1,False,1
2290,35,Male,7,1,1,0,False,1
2291,45,Male,0,1,1,0,False,1
2292,35,Male,2,1,1,1,False,1
2293,56,Male,1,1,1,1,False,1
2294,35,Male,11,1,1,0,False,1
2295,35,Female,15,1,1,0,False,1
2296,25,Female,12,1,1,1,False,1
2297,50,Male,20,1,1,1,False,1
2298,50,Female,6,1,1,1,False,1
2299,18,Male,20,0,0,0,False,0
2300,1,Male,10,1,1,1,False,1
2301,18,Male,4,1,1,1,False,1
2302,18,Male,4,0,0,0,False,0
2303,35,Female,14,1,1,0,False,1
2304,25,Male,1,1,1,0,False,1
2305,35,Male,4,1,1,1,False,1
2306,45,Male,12,0,0,0,False,0
2307,25,Male,0,1,1,1,False,1
2308,45,Male,12,1,1,1,False,1
2309,35,Male,7,1,1,1,False,1
2310,18,Male,20,0,0,0,False,0
2311,18,Male,4,1,1,1,False,1
2312,1,Female,10,1,1,0,False,1
2313,35,Male,7,1,1,0,False,1
2314,50,Female,7,1,1,0,False,1
2315,25,Female,17,1,1,1,False,1
2316,25,Male,7,0,0,1,False,0
2317,25,Male,7,1,1,1,False,1
2318,45,Male,7,1,1,0,False,1
2319,45,Female,3,1,1,0,False,1
2320,25,Male,17,1,1,0,False,1
2321,35,Male,3,1,1,1,False,1
2322,35,Male,16,1,1,1,False,1
2323,35,Male,15,0,0,1,False,0
2324,18,Male,4,1,1,1,False,1
2325,35,Female,3,1,1,0,False,1
2326,18,Male,16,0,0,0,False,0
2327,18,Female,0,1,1,1,False,1
2328,35,Male,0,1,1,0,False,1
2329,35,Female,0,1,1,1,False,1
2330,18,Male,4,0,0,0,False,0
2331,25,Male,17,1,1,0,False,1
2332,25,Male,3,1,1,0,False,1
2333,35,Female,17,1,1,0,False,1
2334,50,Female,16,1,1,1,False,1
2335,25,Female,6,1,1,0,False,1
2336,18,Female,4,1,1,1,False,1
2337,25,Male,20,0,0,0,False,0
2338,35,Male,17,1,1,0,False,1
2339,35,Male,16,0,0,1,False,0
2340,25,Male,7,1,1,1,False,1
2341,56,Male,12,1,1,0,False,1
2342,18,Female,4,1,1,1,False,1
2343,25,Male,4,1,1,0,False,1
2344,18,Male,20,0,0,1,False,0
2345,25,Male,0,1,1,0,False,1
2346,25,Male,19,1,1,0,False,1
2347,25,Female,17,1,1,0,False,1
2348,18,Male,4,0,0,0,False,0
2349,35,Female,20,0,0,1,False,0
2350,35,Female,2,1,1,1,False,1
2351,18,Male,4,1,1,1,False,1
2352,50,Male,1,1,1,1,False,1
2353,18,Male,14,1,1,0,False,1
2354,18,Female,4,0,0,0,False,0
2355,18,Male,0,1,1,0,False,1
2356,18,Male,4,1,1,1,False,1
2357,25,Male,7,1,1,0,False,1
2358,25,Male,18,1,1,1,False,1
2359,18,Female,4,1,1,1,False,1
2360,35,Male,17,1,1,0,False,1
2361,35,Male,14,1,1,0,False,1
2362,25,Female,0,1,1,1,False,1
2363,25,Male,0,0,1,1,True,1
2364,56,Female,0,1,1,0,False,1
2365,35,Female,1,1,1,1,False,1
2366,35,Male,2,1,1,1,False,1
2367,45,Female,9,1,1,0,False,1
2368,18,Male,1,0,0,0,False,0
2369,45,Male,2,1,1,1,False,1
2370,35,Male,6,1,1,0,False,1
2371,18,Male,4,1,1,1,False,1
2372,50,Female,7,1,1,1,False,1
2373,25,Male,0,1,1,1,False,1
2374,25,Female,7,1,1,0,False,1
2375,50,Male,0,1,1,1,False,1
2376,35,Female,7,1,1,1,False,1
2377,25,Male,4,1,1,0,False,1
2378,25,Male,15,1,1,1,False,1
2379,25,Male,12,1,1,0,False,1
2380,25,Male,4,1,1,1,False,1
2381,45,Male,7,1,1,1,False,1
2382,25,Male,7,1,1,1,False,1
2383,18,Male,17,1,1,1,False,1
2384,25,Male,5,0,0,1,False,0
2385,50,Male,17,1,1,1,False,1
2386,35,Male,6,1,1,1,False,1
2387,25,Male,17,1,1,0,False,1
2388,18,Male,18,0,0,0,False,0
2389,35,Male,7,1,1,1,False,1
2390,25,Female,0,1,1,1,False,1
2391,25,Female,1,1,1,1,False,1
2392,25,Male,4,1,1,0,False,1
2393,25,Female,17,1,1,1,False,1
2394,35,Male,7,1,1,0,False,1
2395,25,Male,18,1,1,0,False,1
2396,25,Male,4,1,1,0,False,1
2397,35,Male,7,0,0,0,False,0
2398,35,Male,0,1,1,0,False,1
2399,25,Male,17,0,0,1,False,0
2400,1,Female,19,0,0,0,False,0
2401,25,Male,0,0,0,1,False,0
2402,25,Male,17,0,0,1,False,0
2403,56,Male,13,1,1,1,False,1
2404,35,Male,0,1,1,0,False,1
2405,35,Male,16,1,1,1,False,1
2406,35,Male,7,1,1,1,False,1
2407,18,Female,4,1,1,1,False,1
2408,35,Female,1,1,1,1,False,1
2409,35,Male,2,1,1,0,False,1
2410,50,Male,7,1,1,1,False,1
2411,35,Male,7,0,1,0,True,1
2412,35,Male,17,1,1,1,False,1
2413,45,Male,1,1,1,0,False,1
2414,25,Male,12,1,1,0,False,1
2415,45,Female,17,1,1,1,False,1
2416,25,Female,4,1,1,1,False,1
2417,35,Male,20,1,1,1,False,1
2418,25,Male,1,1,1,1,False,1
2419,18,Male,17,1,1,1,False,1
2420,25,Female,6,0,0,1,False,0
2421,50,Female,6,1,1,1,False,1
2422,50,Female,2,0,0,0,False,0
2423,35,Female,9,1,1,1,False,1
2424,18,Male,4,1,1,1,False,1
2425,56,Male,0,0,0,0,False,0
2426,56,Male,15,1,1,1,False,1
2427,25,Female,1,1,1,0,False,1
2428,18,Male,4,1,1,1,False,1
2429,18,Female,3,1,1,1,False,1
2430,25,Male,14,1,1,1,False,1
2431,35,Female,7,1,0,1,True,0
2432,25,Male,7,1,1,0,False,1
2433,25,Male,19,1,1,0,False,1
2434,50,Male,17,1,1,1,False,1
2435,25,Male,4,1,1,1,False,1
2436,45,Female,0,1,1,1,False,1
2437,18,Male,19,0,0,0,False,0
2438,25,Male,4,1,1,0,False,1
2439,18,Male,14,1,1,1,False,1
2440,45,Male,1,1,1,1,False,1
2441,25,Male,2,1,1,1,False,1
2442,25,Female,17,1,1,1,False,1
2443,35,Male,17,1,1,0,False,1
2444,25,Male,1,1,1,1,False,1
2445,25,Female,15,1,1,1,False,1
2446,25,Male,0,1,1,0,False,1
2447,18,Female,4,1,1,1,False,1
2448,25,Male,2,0,0,0,False,0
2449,35,Male,14,1,1,1,False,1
2450,1,Male,10,1,1,1,False,1
2451,35,Female,1,1,1,1,False,1
2452,25,Male,12,1,1,0,False,1
2453,25,Female,15,1,1,1,False,1
2454,25,Male,4,1,1,1,False,1
2455,18,Male,19,0,0,1,False,0
2456,25,Male,5,1,1,0,False,1
2457,18,Male,4,1,1,1,False,1
2458,18,Male,0,1,1,1,False,1
2459,1,Female,10,1,1,1,False,1
2460,25,Male,7,0,0,1,False,0
2461,1,Male,19,0,0,1,False,0
2462,25,Female,7,1,1,0,False,1
2463,25,Female,0,1,1,1,False,1
2464,25,Male,14,1,1,1,False,1
2465,25,Male,2,1,1,1,False,1
2466,35,Female,2,1,1,0,False,1
2467,18,Male,4,1,1,1,False,1
2468,35,Male,18,1,1,0,False,1
2469,35,Male,7,1,1,0,False,1
2470,35,Male,3,1,1,1,False,1
2471,25,Male,5,0,0,0,False,0
2472,18,Male,17,1,1,0,False,1
2473,25,Male,7,1,1,1,False,1
2474,25,Female,9,0,0,0,False,0
2475,35,Male,1,1,1,1,False,1
2476,1,Male,10,1,1,1,False,1
2477,25,Male,1,1,1,1,False,1
2478,35,Male,1,0,0,0,False,0
2479,25,Male,16,1,1,0,False,1
2480,18,Male,4,0,1,0,True,1
2481,25,Male,0,1,1,0,False,1
2482,25,Female,4,1,1,1,False,1
2483,18,Male,15,1,1,0,False,1
2484,25,Male,12,0,0,1,False,0
2485,45,Male,20,1,1,0,False,1
2486,18,Female,4,0,0,0,False,0
2487,18,Female,4,1,1,1,False,1
2488,25,Female,3,1,1,1,False,1
2489,25,Female,6,1,1,0,False,1
2490,25,Male,15,1,1,0,False,1
2491,45,Male,20,1,1,0,False,1
2492,35,Female,3,1,1,0,False,1
2493,18,Male,17,1,1,1,False,1
2494,18,Male,4,0,1,1,True,1
2495,1,Male,10,1,1,0,False,1
2496,25,Male,15,1,1,1,False,1
2497,18,Male,2,1,1,1,False,1
2498,25,Male,0,1,1,0,False,1
2499,25,Male,6,0,0,1,False,0
2500,56,Male,0,1,1,0,False,1
2501,35,Female,14,1,1,1,False,1
2502,35,Female,20,1,1,1,False,1
2503,50,Male,17,1,1,0,False,1
2504,35,Male,17,1,1,1,False,1
2505,45,Male,1,1,1,0,False,1
2506,35,Male,20,1,1,0,False,1
2507,25,Female,4,1,1,1,False,1
2508,35,Male,17,1,1,1,False,1
2509,1,Male,0,0,0,1,False,0
2510,18,Male,4,1,1,0,False,1
2511,25,Female,1,1,1,1,False,1
2512,25,Male,14,1,1,1,False,1
2513,25,Male,0,0,0,0,False,0
2514,25,Male,20,0,0,0,False,0
2515,35,Male,14,1,1,0,False,1
2516,18,Female,4,1,1,1,False,1
2517,18,Male,4,1,1,0,False,1
2518,18,Male,4,1,1,0,False,1
2519,25,Female,3,1,1,1,False,1
2520,25,Male,17,1,1,1,False,1
2521,18,Male,4,0,1,1,True,1
2522,35,Female,9,0,0,0,False,0
2523,25,Male,7,1,1,1,False,1
2524,35,Male,2,1,1,0,False,1
2525,35,Male,17,1,1,0,False,1
2526,50,Male,1,1,1,1,False,1
2527,45,Female,0,1,1,0,False,1
2528,25,Male,0,0,0,1,False,0
2529,45,Female,7,1,1,1,False,1
2530,45,Male,17,1,1,1,False,1
2531,18,Female,4,1,0,1,True,0
2532,45,Male,7,1,1,1,False,1
2533,18,Male,14,1,1,1,False,1
2534,25,Male,15,1,1,0,False,1
2535,25,Male,1,1,1,1,False,1
2536,35,Male,12,1,1,1,False,1
2537,25,Male,17,0,1,1,True,1
2538,35,Female,4,1,1,1,False,1
2539,35,Male,0,1,1,0,False,1
2540,18,Male,12,1,1,0,False,1
2541,18,Male,19,1,1,1,False,1
2542,18,Male,4,0,1,0,True,1
2543,25,Male,17,1,1,1,False,1
2544,35,Male,12,1,1,1,False,1
2545,18,Male,4,1,1,0,False,1
2546,35,Male,18,0,1,0,True,1
2547,25,Male,14,1,1,1,False,1
2548,1,Male,10,1,1,1,False,1
2549,50,Male,0,1,1,1,False,1
2550,45,Male,1,1,1,1,False,1
2551,18,Male,20,0,0,1,False,0
2552,35,Male,7,1,1,0,False,1
2553,25,Female,4,1,1,0,False,1
2554,45,Male,17,0,0,0,False,0
2555,1,Female,10,1,1,1,False,1
2556,18,Female,2,1,1,0,False,1
2557,18,Male,4,1,1,0,False,1
2558,35,Male,7,1,1,1,False,1
2559,35,Male,17,1,1,1,False,1
2560,25,Male,20,1,1,0,False,1
2561,25,Male,17,1,1,1,False,1
2562,35,Female,1,1,1,0,False,1
2563,50,Male,13,1,1,1,False,1
2564,18,Male,11,1,1,1,False,1
2565,25,Female,20,1,1,1,False,1
2566,18,Male,4,0,1,0,True,1
2567,18,Male,4,1,1,1,False,1
2568,18,Male,4,1,1,1,False,1
2569,25,Male,1,0,0,1,False,0
2570,18,Female,2,0,0,0,False,0
2571,25,Female,0,1,1,0,False,1
2572,25,Female,12,1,1,1,False,1
2573,18,Male,0,0,0,1,False,0
2574,25,Male,0,1,1,0,False,1
2575,18,Male,16,1,1,1,False,1
2576,25,Male,0,1,1,0,False,1
2577,35,Male,14,1,1,0,False,1
2578,56,Male,12,1,1,1,False,1
2579,25,Male,4,1,1,0,False,1
2580,35,Male,1,1,1,1,False,1
2581,25,Male,2,0,0,1,False,0
2582,35,Male,2,1,1,1,False,1
2583,18,Female,1,0,0,0,False,0
2584,18,Male,4,0,0,0,False,0
2585,25,Male,5,0,0,0,False,0
2586,35,Female,20,1,1,0,False,1
2587,25,Female,0,1,1,1,False,1
2588,35,Female,11,1,1,1,False,1
2589,18,Male,17,1,1,1,False,1
2590,25,Female,7,1,1,1,False,1
2591,25,Male,17,1,1,1,False,1
2592,35,Male,5,1,1,0,False,1
2593,50,Male,6,1,1,0,False,1
2594,45,Male,14,1,1,1,False,1
2595,35,Male,15,1,1,0,False,1
2596,25,Male,2,1,1,1,False,1
2597,45,Male,17,1,1,0,False,1
2598,25,Male,20,1,1,1,False,1
2599,25,Male,0,0,0,1,False,0
2600,25,Male,4,1,1,1,False,1
2601,25,Male,20,0,1,0,True,1
2602,35,Male,17,1,1,1,False,1
2603,18,Male,4,1,1,1,False,1
2604,18,Female,2,1,0,0,True,0
2605,35,Male,0,1,1,1,False,1
2606,35,Male,15,1,1,1,False,1
2607,45,Female,15,1,1,0,False,1
2608,56,Male,6,1,1,1,False,1
2609,45,Female,1,1,1,0,False,1
2610,25,Male,6,1,1,1,False,1
2611,35,Male,0,1,1,1,False,1
2612,25,Male,16,1,1,1,False,1
2613,35,Male,7,1,1,1,False,1
2614,25,Female,4,1,1,0,False,1
2615,18,Female,4,1,1,0,False,1
2616,35,Male,7,0,0,1,False,0
2617,50,Female,1,1,1,0,False,1
2618,25,Male,15,1,1,1,False,1
2619,50,Male,7,1,1,1,False,1
2620,25,Female,4,1,1,1,False,1
2621,50,Male,7,1,1,1,False,1
2622,45,Male,11,1,1,1,False,1
2623,35,Male,14,1,1,0,False,1
2624,18,Female,4,1,1,0,False,1
2625,25,Male,15,1,1,0,False,1
2626,18,Male,4,1,1,0,False,1
2627,25,Female,20,1,1,1,False,1
2628,18,Male,14,1,1,1,False,1
2629,18,Male,20,1,1,1,False,1
2630,25,Female,6,1,1,1,False,1
2631,25,Male,17,1,1,0,False,1
2632,25,Male,17,0,0,0,False,0
2633,45,Male,17,1,1,0,False,1
2634,56,Male,7,0,1,0,True,1
2635,50,Male,6,1,1,0,False,1
2636,35,Female,14,1,1,0,False,1
2637,25,Male,2,1,1,1,False,1
2638,25,Female,12,1,1,1,False,1
2639,25,Male,4,0,1,0,True,1
2640,35,Male,7,1,1,1,False,1
2641,18,Female,16,1,1,0,False,1
2642,50,Male,7,1,1,1,False,1
2643,50,Male,17,1,1,1,False,1
2644,1,Female,2,1,1,1,False,1
2645,25,Male,7,1,1,0,False,1
2646,25,Male,15,1,1,1,False,1
2647,25,Male,5,1,1,1,False,1
2648,35,Male,15,1,1,0,False,1
2649,25,Male,4,1,1,1,False,1
2650,25,Female,4,1,1,1,False,1
2651,50,Female,0,1,1,1,False,1
2652,25,Female,7,1,1,0,False,1
2653,25,Male,3,1,1,1,False,1
2654,35,Male,16,1,1,0,False,1
2655,25,Male,7,1,1,1,False,1
2656,25,Male,0,0,0,0,False,0
2657,35,Male,0,0,0,0,False,0
2658,35,Male,18,0,1,0,True,1
2659,18,Male,16,1,1,1,False,1
2660,18,Male,0,1,1,0,False,1
2661,25,Male,12,1,1,1,False,1
2662,18,Male,4,1,1,1,False,1
2663,25,Female,5,0,0,1,False,0
2664,25,Male,1,1,1,1,False,1
2665,25,Male,6,1,1,1,False,1
2666,25,Male,0,1,1,1,False,1
2667,35,Male,11,1,1,1,False,1
2668,50,Female,6,1,1,1,False,1
2669,45,Male,7,1,1,0,False,1
2670,50,Female,0,1,1,0,False,1
2671,25,Female,6,1,1,1,False,1
2672,50,Male,1,1,1,0,False,1
2673,25,Male,0,0,1,0,True,1
2674,25,Male,2,0,1,1,True,1
2675,25,Female,1,1,1,0,False,1
2676,25,Male,0,0,0,0,False,0
2677,25,Male,0,1,1,1,False,1
2678,45,Female,17,1,1,1,False,1
2679,45,Male,16,1,1,1,False,1
2680,45,Male,7,1,1,1,False,1
2681,25,Female,2,1,1,0,False,1
2682,35,Female,16,1,1,1,False,1
2683,25,Male,14,1,1,1,False,1
2684,18,Male,17,0,0,0,False,0
2685,25,Female,0,1,1,1,False,1
2686,25,Female,1,0,0,0,False,0
2687,56,Male,1,1,1,1,False,1
2688,50,Male,16,1,1,0,False,1
2689,35,Male,0,1,1,1,False,1
2690,25,Male,15,1,1,1,False,1
2691,35,Female,0,1,1,1,False,1
2692,25,Male,15,1,1,1,False,1
2693,25,Female,5,1,1,1,False,1
2694,25,Male,0,1,1,1,False,1
2695,18,Female,4,1,1,0,False,1
2696,25,Male,4,1,1,1,False,1
2697,18,Male,18,1,1,0,False,1
2698,45,Female,1,1,1,1,False,1
2699,25,Male,1,1,1,0,False,1
2700,25,Female,15,1,1,1,False,1
2701,45,Male,16,1,1,0,False,1
2702,45,Female,2,1,1,0,False,1
2703,25,Female,20,1,1,1,False,1
2704,25,Male,20,0,0,0,False,0
2705,25,Male,4,1,1,1,False,1
2706,18,Male,20,1,1,0,False,1
2707,35,Male,3,1,1,0,False,1
2708,25,Male,14,1,1,1,False,1
2709,18,Male,4,1,1,1,False,1
2710,45,Female,12,1,1,1,False,1
2711,25,Male,4,1,1,0,False,1
2712,25,Male,15,1,1,1,False,1
2713,18,Male,17,1,1,1,False,1
2714,50,Male,14,1,1,1,False,1
2715,25,Male,0,0,0,0,False,0
2716,25,Male,12,1,1,0,False,1
2717,1,Female,1,1,0,0,True,0
2718,25,Male,5,0,1,1,True,1
2719,25,Male,0,0,0,0,False,0
2720,56,Female,13,1,1,1,False,1
2721,25,Female,20,1,0,1,True,0
2722,18,Male,6,1,1,1,False,1
2723,25,Female,20,1,1,0,False,1
2724,18,Male,0,1,1,0,False,1
2725,50,Male,13,1,1,1,False,1
2726,50,Male,1,1,1,0,False,1
2727,35,Male,18,1,1,0,False,1
2728,45,Female,16,1,1,0,False,1
2729,35,Male,1,1,1,1,False,1
2730,35,Male,18,1,1,0,False,1
2731,25,Male,2,1,1,1,False,1
2732,50,Male,16,1,1,1,False,1
2733,35,Male,7,1,1,0,False,1
2734,25,Male,6,0,0,1,False,0
2735,35,Male,6,1,1,1,False,1
2736,25,Male,19,1,1,0,False,1
2737,18,Male,4,1,1,0,False,1
2738,18,Male,0,0,0,0,False,0
2739,1,Male,10,0,0,0,False,0
2740,56,Male,7,1,1,0,False,1
2741,35,Male,9,0,0,0,False,0
2742,25,Female,6,0,0,0,False,0
2743,25,Male,11,1,1,0,False,1
2744,25,Male,20,1,1,1,False,1
2745,18,Male,4,0,0,0,False,0
2746,18,Male,4,1,1,0,False,1
2747,25,Male,12,1,1,1,False,1
2748,18,Male,4,0,0,0,False,0
2749,1,Male,10,1,1,1,False,1
2750,35,Male,7,1,1,1,False,1
2751,25,Female,7,1,1,0,False,1
2752,25,Male,16,1,1,0,False,1
2753,25,Male,1,1,1,0,False,1
2754,35,Male,16,1,1,1,False,1
2755,25,Female,19,1,1,0,False,1
2756,35,Male,7,1,1,1,False,1
2757,45,Male,7,1,1,1,False,1
2758,35,Male,4,1,1,1,False,1
2759,25,Male,4,1,1,1,False,1
2760,50,Female,16,1,1,1,False,1
2761,18,Female,20,0,0,1,False,0
2762,18,Male,0,1,1,1,False,1
2763,35,Female,17,0,0,0,False,0
2764,25,Female,0,0,0,0,False,0
2765,18,Male,4,1,1,0,False,1
2766,35,Male,0,0,0,0,False,0
2767,25,Male,7,1,1,0,False,1
2768,35,Male,6,1,1,1,False,1
2769,25,Male,0,1,1,0,False,1
2770,18,Female,20,0,0,0,False,0
2771,45,Female,7,1,1,1,False,1
2772,18,Female,4,1,1,0,False,1
2773,25,Male,0,1,1,1,False,1
2774,45,Male,17,1,1,1,False,1
2775,18,Male,0,1,1,1,False,1
2776,25,Male,7,1,1,1,False,1
2777,25,Male,16,0,0,0,False,0
2778,18,Male,0,1,1,0,False,1
2779,45,Female,0,1,1,0,False,1
2780,18,Male,2,1,1,1,False,1
2781,25,Female,9,1,1,0,False,1
2782,35,Male,2,1,1,1,False,1
2783,25,Male,7,1,1,1,False,1
2784,25,Male,5,0,0,1,False,0
2785,1,Male,0,1,1,1,False,1
2786,35,Male,14,1,1,0,False,1
2787,18,Male,4,1,1,1,False,1
2788,25,Male,0,1,1,0,False,1
2789,25,Male,7,1,1,1,False,1
2790,1,Female,10,1,1,0,False,1
2791,18,Male,6,1,1,0,False,1
2792,18,Male,4,1,1,1,False,1
2793,25,Male,15,1,1,1,False,1
2794,25,Male,0,0,0,0,False,0
2795,25,Male,4,1,1,1,False,1
2796,35,Male,14,1,1,0,False,1
2797,45,Male,2,1,1,1,False,1
2798,35,Male,7,1,1,1,False,1
2799,25,Male,0,1,1,0,False,1
2800,45,Male,18,1,1,1,False,1
2801,25,Male,4,0,0,1,False,0
2802,18,Male,4,1,1,1,False,1
2803,56,Male,1,1,1,0,False,1
2804,18,Male,4,1,1,0,False,1
2805,25,Male,14,1,1,1,False,1
2806,25,Male,16,0,1,1,True,1
2807,18,Female,4,1,1,1,False,1
2808,18,Female,4,1,1,0,False,1
2809,25,Female,0,1,1,1,False,1
2810,45,Female,2,0,0,0,False,0
2811,18,Male,4,1,1,1,False,1
2812,50,Male,1,1,1,1,False,1
2813,35,Male,15,1,1,1,False,1
2814,45,Male,20,1,1,0,False,1
2815,25,Male,14,1,1,1,False,1
2816,35,Male,12,1,1,1,False,1
2817,25,Male,5,1,1,0,False,1
2818,18,Male,4,1,1,0,False,1
2819,25,Male,14,1,1,1,False,1
2820,35,Male,1,0,0,0,False,0
2821,50,Male,17,1,1,0,False,1
2822,18,Male,17,1,1,1,False,1
2823,18,Male,14,0,0,1,False,0
2824,25,Male,6,1,1,1,False,1
2825,35,Male,7,0,0,0,False,0
2826,25,Male,5,1,1,0,False,1
2827,35,Female,16,1,1,0,False,1
2828,50,Female,20,1,1,1,False,1
2829,45,Male,1,1,1,1,False,1
2830,25,Male,17,1,1,1,False,1
2831,35,Male,15,1,1,0,False,1
2832,18,Male,16,0,0,1,False,0
2833,18,Male,18,1,1,0,False,1
2834,35,Male,7,1,1,1,False,1
2835,18,Female,4,1,1,1,False,1
2836,56,Female,13,1,1,1,False,1
2837,35,Male,15,1,1,0,False,1
2838,50,Female,12,1,1,1,False,1
2839,25,Female,0,1,1,1,False,1
2840,35,Male,10,1,1,1,False,1
2841,25,Male,7,1,1,1,False,1
2842,25,Male,5,0,0,0,False,0
2843,1,Male,19,0,0,0,False,0
2844,35,Male,12,1,1,1,False,1
2845,25,Male,19,1,1,0,False,1
2846,25,Male,4,1,1,0,False,1
2847,25,Male,0,0,1,0,True,1
2848,18,Male,17,1,1,0,False,1
2849,18,Male,2,1,1,0,False,1
2850,45,Male,2,1,1,0,False,1
2851,25,Male,15,1,1,0,False,1
2852,25,Female,0,1,1,0,False,1
2853,25,Male,4,1,1,1,False,1
2854,35,Male,16,0,1,1,True,1
2855,25,Male,7,1,1,0,False,1
2856,45,Male,5,1,1,0,False,1
2857,18,Male,4,1,1,1,False,1
2858,25,Female,5,0,0,0,False,0
2859,35,Male,7,1,1,1,False,1
2860,25,Female,17,1,1,1,False,1
2861,25,Male,12,1,1,1,False,1
2862,25,Male,1,1,1,1,False,1
2863,45,Female,1,1,1,1,False,1
2864,25,Female,6,1,1,0,False,1
2865,35,Female,9,1,1,0,False,1
2866,25,Male,4,1,1,0,False,1
2867,18,Male,1,0,1,0,True,1
2868,35,Male,7,0,1,1,True,1
2869,25,Male,15,1,1,1,False,1
2870,35,Male,7,1,1,1,False,1
2871,25,Male,4,1,1,1,False,1
2872,25,Male,0,0,0,0,False,0
2873,35,Male,1,1,1,1,False,1
2874,18,Male,4,0,0,1,False,0
2875,35,Male,7,1,1,0,False,1
2876,25,Female,3,1,1,0,False,1
2877,18,Female,0,0,0,0,False,0
2878,18,Male,17,0,0,0,False,0
2879,35,Female,2,0,0,0,False,0
2880,25,Male,12,1,1,0,False,1
2881,18,Male,4,1,1,1,False,1
2882,18,Male,5,1,1,1,False,1
2883,50,Female,7,1,1,1,False,1
2884,25,Male,18,1,1,1,False,1
2885,18,Female,4,1,1,1,False,1
2886,56,Male,20,1,1,1,False,1
2887,35,Male,14,1,1,1,False,1
2888,1,Male,10,1,1,1,False,1
2889,25,Male,12,1,1,1,False,1
2890,25,Male,17,1,1,0,False,1
2891,56,Male,13,1,1,0,False,1
2892,25,Male,5,1,1,0,False,1
2893,35,Male,3,1,1,0,False,1
2894,35,Male,12,1,1,1,False,1
2895,1,Female,10,1,0,0,True,0
2896,25,Female,15,1,1,0,False,1
2897,35,Male,2,1,1,0,False,1
2898,25,Male,20,1,1,0,False,1
2899,35,Male,7,1,1,1,False,1
2900,25,Male,6,1,1,1,False,1
2901,25,Male,2,1,1,1,False,1
2902,25,Male,12,1,1,1,False,1
2903,25,Female,3,1,1,1,False,1
2904,25,Male,12,1,1,1,False,1
2905,25,Female,4,1,1,1,False,1
2906,25,Male,20,0,1,0,True,1
2907,45,Female,17,1,1,1,False,1
2908,45,Male,16,1,1,1,False,1
2909,50,Male,2,1,1,1,False,1
2910,35,Female,12,1,1,0,False,1
2911,18,Male,6,1,1,1,False,1
2912,25,Male,0,1,1,0,False,1
2913,25,Male,17,1,1,1,False,1
2914,25,Female,0,1,1,1,False,1
2915,25,Male,7,1,1,1,False,1
2916,25,Male,19,0,0,0,False,0
2917,35,Male,17,1,1,0,False,1
2918,25,Female,15,1,1,1,False,1
2919,35,Male,20,1,1,1,False,1
2920,18,Male,4,1,1,1,False,1
2921,35,Male,7,1,1,1,False,1
2922,25,Male,12,1,1,1,False,1
2923,35,Male,12,1,1,1,False,1
2924,25,Male,14,1,1,1,False,1
2925,25,Male,7,1,1,1,False,1
2926,25,Male,4,1,1,1,False,1
2927,35,Male,3,1,1,0,False,1
2928,18,Female,4,1,1,1,False,1
2929,35,Female,3,1,1,1,False,1
2930,25,Male,5,1,1,1,False,1
2931,25,Male,17,1,1,1,False,1
2932,25,Female,20,0,0,0,False,0
2933,25,Male,17,1,1,1,False,1
2934,25,Male,4,1,1,0,False,1
2935,25,Male,1,1,1,0,False,1
2936,35,Female,20,0,0,1,False,0
2937,45,Male,12,1,1,1,False,1
2938,25,Female,0,1,1,1,False,1
2939,25,Male,0,1,1,0,False,1
2940,18,Female,0,0,0,0,False,0
2941,18,Male,4,0,1,1,True,1
2942,25,Female,1,0,0,0,False,0
2943,25,Male,15,1,1,1,False,1
2944,35,Male,2,1,1,1,False,1
2945,35,Male,14,0,0,0,False,0
2946,25,Male,6,1,1,1,False,1
2947,25,Male,20,1,1,1,False,1
2948,45,Male,7,1,1,0,False,1
2949,25,Male,7,1,1,1,False,1
2950,1,Female,10,1,1,1,False,1
2951,18,Male,4,1,1,1,False,1
2952,18,Female,2,0,0,0,False,0
2953,25,Male,16,1,1,0,False,1
2954,25,Male,0,1,1,1,False,1
2955,35,Male,17,1,1,0,False,1
2956,35,Male,1,1,1,0,False,1
2957,25,Male,18,1,1,1,False,1
2958,18,Male,18,1,1,0,False,1
2959,56,Male,20,1,1,1,False,1
2960,25,Male,4,0,0,0,False,0
2961,25,Female,7,1,1,1,False,1
2962,25,Male,0,0,0,1,False,0
2963,25,Female,0,1,0,1,True,0
2964,25,Female,6,1,1,1,False,1
2965,45,Male,6,1,1,0,False,1
2966,18,Male,4,1,1,0,False,1
2967,35,Female,20,1,1,1,False,1
2968,25,Male,20,1,1,0,False,1
2969,18,Female,4,0,0,0,False,0
2970,25,Male,0,1,1,1,False,1
2971,50,Male,14,1,1,1,False,1
2972,50,Male,0,1,1,0,False,1
2973,50,Male,7,1,1,1,False,1
2974,25,Male,12,1,1,0,False,1
2975,25,Male,20,1,1,1,False,1
2976,18,Female,6,1,1,0,False,1
2977,25,Female,11,1,1,1,False,1
2978,25,Female,0,1,1,1,False,1
2979,45,Male,14,1,1,1,False,1
2980,45,Male,2,1,1,0,False,1
2981,25,Male,7,0,1,0,True,1
2982,56,Male,16,0,0,0,False,0
2983,45,Male,20,1,1,0,False,1
2984,1,Male,0,0,0,1,False,0
2985,25,Male,16,1,1,0,False,1
2986,25,Female,4,1,1,1,False,1
2987,25,Male,0,1,1,1,False,1
2988,25,Female,7,1,1,0,False,1
2989,35,Male,12,1,1,1,False,1
2990,18,Male,4,1,1,0,False,1
2991,25,Male,2,1,1,1,False,1
2992,25,Male,17,0,0,0,False,0
2993,1,Female,10,1,1,0,False,1
2994,18,Male,5,1,1,0,False,1
2995,35,Male,1,1,1,1,False,1
2996,35,Female,1,1,1,1,False,1
2997,25,Male,14,1,1,1,False,1
2998,25,Male,7,1,1,0,False,1
2999,25,Male,20,1,1,0,False,1
3000,35,Male,0,1,1,1,False,1
3001,25,Male,5,1,1,0,False,1
3002,35,Female,20,1,1,1,False,1
3003,25,Female,17,1,0,0,True,0
3004,25,Female,6,1,1,0,False,1
3005,18,Male,4,0,0,1,False,0
3006,25,Male,2,1,1,1,False,1
3007,25,Male,14,0,0,0,False,0
3008,35,Male,0,1,1,1,False,1
3009,25,Male,15,1,1,1,False,1
3010,45,Male,7,1,1,1,False,1
3011,35,Male,17,1,1,1,False,1
3012,1,Female,10,1,1,1,False,1
3013,35,Female,3,1,1,1,False,1
3014,25,Female,6,1,1,0,False,1
3015,25,Male,11,0,1,1,True,1
3016,45,Male,1,1,1,0,False,1
3017,25,Female,7,1,1,0,False,1
3018,35,Male,17,1,1,1,False,1
3019,18,Male,4,0,1,0,True,1
3020,1,Male,10,0,1,0,True,1
3021,35,Male,16,1,1,1,False,1
3022,18,Male,20,0,0,0,False,0
3023,25,Male,0,0,0,0,False,0
3024,35,Male,7,1,1,1,False,1
3025,18,Male,4,1,1,1,False,1
3026,45,Female,0,1,1,0,False,1
3027,45,Female,1,0,0,1,False,0
3028,18,Male,19,0,0,0,False,0
3029,25,Male,12,1,1,0,False,1
3030,25,Male,4,1,1,1,False,1
3031,45,Male,17,1,1,1,False,1
3032,25,Male,16,0,0,1,False,0
3033,35,Male,2,1,1,1,False,1
3034,35,Male,20,0,0,1,False,0
3035,35,Male,3,1,1,1,False,1
3036,25,Male,2,1,1,1,False,1
3037,18,Male,4,1,1,0,False,1
3038,35,Female,6,1,1,0,False,1
3039,35,Male,11,1,1,0,False,1
3040,25,Male,6,1,1,1,False,1
3041,25,Female,1,0,0,1,False,0
3042,25,Male,2,1,1,0,False,1
3043,35,Female,5,0,0,0,False,0
3044,18,Male,4,1,1,0,False,1
3045,18,Female,4,1,1,0,False,1
3046,56,Male,16,1,1,0,False,1
3047,50,Male,6,1,1,0,False,1
3048,18,Male,18,1,1,1,False,1
3049,56,Female,7,1,1,1,False,1
3050,25,Male,15,1,1,0,False,1
3051,35,Female,2,1,1,0,False,1
3052,50,Female,9,1,1,1,False,1
3053,45,Male,13,1,1,0,False,1
3054,18,Male,7,1,1,1,False,1
3055,56,Male,7,1,1,1,False,1
3056,18,Female,2,0,0,0,False,0
3057,18,Male,16,0,0,0,False,0
3058,25,Male,15,1,1,1,False,1
3059,50,Male,5,0,0,1,False,0
3060,50,Male,16,1,1,1,False,1
3061,25,Male,12,1,1,1,False,1
3062,25,Female,1,1,1,0,False,1
3063,25,Female,14,1,1,0,False,1
3064,18,Male,14,1,1,1,False,1
3065,25,Male,6,1,1,1,False,1
3066,25,Male,1,1,1,1,False,1
3067,25,Male,1,1,1,1,False,1
3068,35,Female,20,0,0,0,False,0
3069,18,Male,4,1,1,1,False,1
3070,50,Male,11,1,1,1,False,1
3071,35,Male,16,1,1,1,False,1
3072,35,Male,14,1,1,0,False,1
3073,18,Male,12,0,0,1,False,0
3074,25,Male,18,0,0,0,False,0
3075,25,Female,3,1,1,0,False,1
3076,35,Male,7,1,1,0,False,1
3077,18,Male,14,1,1,0,False,1
3078,35,Male,15,1,1,1,False,1
3079,18,Female,14,1,1,1,False,1
3080,35,Male,15,1,1,1,False,1
3081,25,Male,12,1,1,1,False,1
3082,45,Female,20,1,0,0,True,0
3083,18,Male,17,0,0,0,False,0
3084,25,Male,1,1,1,1,False,1
3085,45,Female,1,1,1,1,False,1
3086,45,Female,16,1,1,1,False,1
3087,25,Male,14,1,1,0,False,1
3088,25,Female,12,1,1,1,False,1
3089,1,Male,10,0,0,1,False,0
3090,35,Male,7,1,1,0,False,1
3091,35,Male,7,1,1,0,False,1
3092,25,Male,0,1,1,1,False,1
3093,45,Male,17,1,1,1,False,1
3094,25,Male,3,1,1,1,False,1
3095,18,Female,4,0,0,1,False,0
3096,18,Male,17,1,1,1,False,1
3097,56,Male,7,1,1,0,False,1
3098,18,Male,4,1,1,1,False,1
3099,25,Female,15,1,1,0,False,1
3100,25,Male,2,1,1,0,False,1
3101,25,Male,12,1,1,1,False,1
3102,25,Male,7,1,1,0,False,1
3103,18,Male,4,1,1,1,False,1
3104,25,Female,3,1,1,1,False,1
3105,18,Male,4,1,1,1,False,1
3106,35,Male,15,1,1,0,False,1
3107,1,Female,10,1,1,1,False,1
3108,56,Male,0,1,1,1,False,1
3109,35,Male,1,1,1,0,False,1
3110,25,Male,17,1,1,1,False,1
3111,25,Male,1,1,1,1,False,1
3112,18,Female,14,1,1,1,False,1
3113,25,Female,0,1,1,1,False,1
3114,35,Male,14,1,1,0,False,1
3115,45,Male,12,1,1,0,False,1
3116,25,Male,17,1,1,1,False,1
3117,25,Female,5,1,1,1,False,1
3118,25,Male,14,1,1,0,False,1
3119,35,Female,17,1,1,0,False,1
3120,35,Male,14,1,1,0,False,1
3121,25,Male,20,0,0,1,False,0
3122,25,Male,2,1,1,1,False,1
3123,50,Female,7,1,1,0,False,1
3124,18,Male,4,0,0,1,False,0
3125,25,Male,7,1,1,1,False,1
3126,50,Male,0,1,1,0,False,1
3127,35,Male,2,1,1,0,False,1
3128,25,Female,2,1,1,1,False,1
3129,56,Male,13,1,1,1,False,1
3130,18,Male,4,1,1,0,False,1
3131,50,Male,0,1,1,1,False,1
3132,35,Male,5,0,0,0,False,0
3133,35,Male,17,0,0,0,False,0
3134,18,Female,4,1,1,1,False,1
3135,25,Male,17,1,1,0,False,1
3136,25,Male,16,0,0,1,False,0
3137,1,Female,10,1,1,1,False,1
3138,25,Male,17,1,1,1,False,1
3139,25,Female,14,1,1,0,False,1
3140,25,Male,1,1,1,1,False,1
3141,25,Female,1,1,1,1,False,1
3142,1,Male,10,1,1,1,False,1
3143,45,Female,0,1,1,0,False,1
3144,25,Male,7,1,1,0,False,1
3145,25,Male,7,1,1,1,False,1
3146,35,Male,7,1,1,0,False,1
3147,25,Male,16,1,1,1,False,1
3148,25,Male,6,1,1,1,False,1
3149,25,Female,4,1,1,1,False,1
3150,25,Male,7,1,1,1,False,1
3151,35,Female,14,1,1,0,False,1
3152,45,Male,6,1,1,0,False,1
3153,1,Male,12,1,1,1,False,1
3154,50,Male,18,0,0,1,False,0
3155,18,Female,14,1,1,1,False,1
3156,25,Female,19,1,1,1,False,1
3157,35,Male,12,1,1,0,False,1
3158,35,Male,20,0,0,1,False,0
3159,35,Male,17,1,1,1,False,1
3160,35,Male,7,1,1,0,False,1
3161,25,Female,2,0,0,0,False,0
3162,18,Female,4,1,1,1,False,1
3163,50,Male,0,1,1,0,False,1
3164,25,Male,16,1,1,0,False,1
3165,18,Female,4,0,0,0,False,0
3166,50,Male,16,1,1,1,False,1
3167,18,Female,12,1,1,0,False,1
3168,45,Male,11,1,1,1,False,1
3169,35,Male,0,1,1,1,False,1
3170,1,Male,10,1,1,0,False,1
3171,50,Male,5,1,1,0,False,1
3172,56,Female,0,1,1,1,False,1
3173,35,Male,14,1,1,1,False,1
3174,25,Male,4,1,1,1,False,1
3175,25,Male,2,0,1,1,True,1
3176,35,Female,11,1,1,0,False,1
3177,25,Male,16,1,1,1,False,1
3178,18,Male,5,0,0,0,False,0
3179,25,Female,0,1,1,1,False,1
3180,56,Male,1,1,1,0,False,1
3181,35,Female,2,1,1,1,False,1
3182,18,Male,15,1,1,0,False,1
3183,35,Female,7,1,1,0,False,1
3184,56,Male,17,1,1,0,False,1
3185,25,Male,0,1,1,1,False,1
3186,25,Male,17,1,1,1,False,1
3187,45,Male,16,1,1,0,False,1
3188,25,Male,0,1,1,1,False,1
3189,25,Female,15,1,1,0,False,1
3190,25,Male,19,1,1,1,False,1
3191,45,Male,18,1,1,1,False,1
3192,25,Male,0,0,0,0,False,0
3193,18,Female,4,1,1,1,False,1
3194,18,Male,10,1,1,1,False,1
3195,50,Male,16,0,1,1,True,1
3196,50,Male,14,1,1,0,False,1
3197,18,Female,1,1,1,1,False,1
3198,25,Male,7,1,1,0,False,1
3199,45,Male,0,1,1,0,False,1
3200,25,Male,12,1,1,0,False,1
3201,18,Male,4,1,1,0,False,1
3202,18,Male,4,1,1,1,False,1
3203,25,Male,15,1,1,0,False,1
3204,18,Male,6,1,1,1,False,1
3205,25,Male,11,0,1,1,True,1
3206,25,Male,4,0,0,1,False,0
3207,25,Male,4,0,0,0,False,0
3208,45,Female,1,1,1,0,False,1
3209,25,Female,17,1,1,1,False,1
3210,45,Female,0,1,1,0,False,1
3211,56,Male,13,1,1,1,False,1
3212,35,Male,12,1,1,0,False,1
3213,18,Female,4,1,1,0,False,1
3214,35,Male,20,1,1,1,False,1
3215,25,Male,12,1,1,1,False,1
3216,35,Female,12,1,1,1,False,1
3217,50,Female,2,1,1,1,False,1
3218,35,Male,5,1,1,0,False,1
3219,25,Male,17,0,0,0,False,0
3220,35,Female,16,1,1,1,False,1
3221,18,Male,4,1,1,1,False,1
3222,35,Female,3,1,1,1,False,1
3223,25,Male,2,1,1,1,False,1
3224,25,Male,7,1,1,0,False,1
3225,35,Male,12,1,1,1,False,1
3226,45,Male,17,1,1,1,False,1
3227,18,Male,19,0,0,0,False,0
3228,25,Female,0,1,1,1,False,1
3229,18,Male,4,0,0,1,False,0
3230,56,Male,1,1,1,0,False,1
3231,18,Male,0,1,1,0,False,1
3232,35,Male,12,1,1,1,False,1
3233,18,Male,4,0,1,1,True,1
3234,25,Male,2,1,1,0,False,1
3235,1,Female,10,0,0,0,False,0
3236,45,Female,1,1,1,1,False,1
3237,45,Male,7,1,1,1,False,1
3238,35,Male,18,1,1,1,False,1
3239,25,Male,0,1,1,0,False,1
3240,25,Male,7,1,1,0,False,1
3241,25,Female,0,1,1,0,False,1
3242,50,Male,6,1,1,1,False,1
3243,18,Male,0,1,1,0,False,1
3244,25,Male,14,1,1,1,False,1
3245,25,Female,0,1,1,1,False,1
3246,18,Male,4,0,0,0,False,0
3247,35,Male,20,0,1,1,True,1
3248,35,Male,7,1,1,1,False,1
3249,45,Male,0,0,0,1,False,0
3250,56,Male,13,1,1,0,False,1
3251,25,Male,15,1,1,1,False,1
3252,25,Male,0,1,1,1,False,1
3253,25,Male,3,1,1,1,False,1
3254,18,Male,14,1,1,1,False,1
3255,25,Male,5,1,1,1,False,1
3256,25,Male,12,1,1,0,False,1
3257,25,Male,12,1,1,1,False,1
3258,56,Female,0,1,1,0,False,1
3259,18,Male,4,1,1,0,False,1
3260,25,Male,0,0,0,1,False,0
3261,25,Male,6,0,0,1,False,0
3262,45,Male,3,1,1,0,False,1
3263,35,Male,7,1,1,1,False,1
3264,35,Female,20,1,1,1,False,1
3265,35,Female,12,1,1,1,False,1
3266,25,Male,12,1,1,0,False,1
3267,1,Male,0,1,1,0,False,1
3268,56,Male,13,1,1,1,False,1
3269,18,Male,17,0,0,0,False,0
3270,25,Male,17,1,1,0,False,1
3271,35,Female,9,1,1,0,False,1
3272,25,Male,7,1,1,1,False,1
3273,35,Male,15,1,1,1,False,1
3274,18,Male,11,1,1,0,False,1
3275,18,Male,17,1,1,1,False,1
3276,25,Male,12,1,1,1,False,1
3277,25,Male,14,1,1,1,False,1
3278,25,Male,0,1,1,1,False,1
3279,45,Male,0,1,1,1,False,1
3280,18,Male,4,1,1,1,False,1
3281,56,Female,12,1,1,0,False,1
3282,25,Male,4,1,1,1,False,1
3283,25,Male,14,1,1,1,False,1
3284,50,Male,7,1,1,1,False,1
3285,1,Male,0,0,0,0,False,0
3286,25,Male,7,1,1,0,False,1
3287,18,Male,20,0,0,0,False,0
3288,45,Male,19,1,1,0,False,1
3289,45,Male,14,0,0,1,False,0
3290,25,Male,12,1,1,1,False,1
3291,35,Female,1,1,1,1,False,1
3292,25,Female,7,1,1,1,False,1
3293,50,Male,16,1,1,0,False,1
3294,25,Male,1,1,1,0,False,1
3295,45,Male,17,1,1,0,False,1
3296,35,Male,20,1,1,1,False,1
3297,25,Male,14,1,1,0,False,1
3298,18,Male,12,1,1,0,False,1
3299,18,Male,3,1,1,1,False,1
3300,35,Female,7,1,1,1,False,1
3301,18,Female,0,1,1,1,False,1
3302,25,Female,9,1,1,0,False,1
3303,50,Male,11,1,1,1,False,1
3304,45,Male,20,0,0,0,False,0
3305,25,Female,3,1,1,0,False,1
3306,35,Female,20,0,0,0,False,0
3307,35,Female,0,1,1,1,False,1
3308,35,Male,17,1,1,1,False,1
3309,18,Female,4,1,1,1,False,1
3310,25,Male,12,1,1,1,False,1
3311,45,Male,7,1,1,1,False,1
3312,45,Female,1,1,1,1,False,1
3313,25,Male,17,1,1,1,False,1
3314,35,Female,1,1,1,0,False,1
3315,50,Female,6,1,1,1,False,1
3316,25,Male,7,1,1,1,False,1
3317,18,Male,14,1,1,0,False,1
3318,35,Female,1,1,1,1,False,1
3319,25,Male,15,1,1,0,False,1
3320,25,Male,2,1,1,1,False,1
3321,50,Female,9,1,1,1,False,1
3322,35,Male,17,1,1,1,False,1
3323,18,Male,2,1,1,1,False,1
3324,25,Male,15,1,1,1,False,1
3325,18,Female,11,1,1,1,False,1
3326,25,Female,12,1,1,1,False,1
3327,18,Female,9,0,0,1,False,0
3328,25,Male,20,0,0,0,False,0
3329,25,Male,12,1,1,1,False,1
3330,25,Female,0,0,0,1,False,0
3331,18,Male,4,1,1,0,False,1
3332,25,Male,4,1,1,1,False,1
3333,25,Male,4,1,1,1,False,1
3334,25,Female,1,1,1,1,False,1
3335,25,Male,20,1,1,0,False,1
3336,18,Male,5,1,1,1,False,1
3337,25,Female,6,1,1,0,False,1
3338,45,Male,14,1,1,0,False,1
3339,25,Male,3,1,1,1,False,1
3340,35,Male,11,1,1,1,False,1
3341,35,Male,1,1,1,0,False,1
3342,35,Male,12,1,1,0,False,1
3343,45,Male,1,1,1,1,False,1
3344,25,Male,2,1,1,0,False,1
3345,18,Male,4,1,1,0,False,1
3346,35,Female,5,0,0,0,False,0
3347,25,Male,7,1,1,1,False,1
3348,35,Female,9,1,1,0,False,1
3349,18,Male,14,1,1,1,False,1
3350,25,Male,6,0,0,0,False,0
3351,50,Male,16,1,1,1,False,1
3352,25,Male,2,1,1,1,False,1
3353,50,Male,1,1,1,0,False,1
3354,56,Male,2,1,1,1,False,1
3355,25,Male,2,1,1,1,False,1
3356,18,Female,14,1,1,0,False,1
3357,45,Male,1,0,0,0,False,0
3358,35,Male,12,1,1,1,False,1
3359,25,Male,12,1,1,0,False,1
3360,35,Male,12,1,1,1,False,1
3361,18,Female,1,1,1,0,False,1
3362,25,Female,14,1,1,0,False,1
3363,25,Male,12,1,1,0,False,1
3364,25,Male,7,1,1,0,False,1
3365,25,Male,12,1,1,1,False,1
3366,18,Male,16,1,1,0,False,1
3367,18,Male,4,1,1,1,False,1
3368,25,Male,17,0,0,0,False,0
3369,35,Female,1,1,1,0,False,1
3370,50,Male,17,1,1,1,False,1
3371,25,Male,20,1,1,1,False,1
3372,18,Female,0,1,1,1,False,1
3373,25,Male,2,1,1,1,False,1
3374,25,Male,15,1,1,1,False,1
3375,18,Female,4,1,1,1,False,1
3376,50,Male,16,1,1,0,False,1
3377,25,Male,17,1,1,0,False,1
3378,35,Male,20,0,1,0,True,1
3379,25,Male,0,1,1,0,False,1
3380,25,Male,14,1,1,0,False,1
3381,25,Male,1,0,0,1,False,0
3382,25,Female,0,1,1,1,False,1
3383,35,Male,4,1,1,1,False,1
3384,25,Male,12,1,1,1,False,1
3385,25,Male,4,1,1,0,False,1
3386,1,Male,10,1,1,0,False,1
3387,18,Male,4,0,0,1,False,0
3388,45,Male,3,1,1,1,False,1
3389,25,Male,17,1,1,1,False,1
3390,25,Male,2,0,0,1,False,0
3391,56,Male,20,1,1,1,False,1
3392,25,Male,2,1,1,1,False,1
3393,35,Female,15,1,1,1,False,1
3394,45,Male,7,1,1,1,False,1
3395,35,Male,18,0,0,1,False,0
3396,45,Female,6,1,1,1,False,1
3397,25,Male,19,0,0,0,False,0
3398,18,Male,4,1,1,1,False,1
3399,35,Male,6,1,1,1,False,1
3400,25,Male,2,1,1,0,False,1
3401,18,Male,4,0,1,0,True,1
3402,25,Male,2,1,1,1,False,1
3403,35,Male,12,1,1,1,False,1
3404,18,Male,5,1,1,0,False,1
3405,50,Male,6,1,1,1,False,1
3406,35,Female,0,1,1,1,False,1
3407,56,Male,14,1,1,0,False,1
3408,35,Male,17,1,1,1,False,1
3409,25,Male,16,1,1,0,False,1
3410,25,Female,0,1,0,0,True,0
3411,18,Male,4,1,1,1,False,1
3412,25,Male,0,0,0,0,False,0
3413,25,Female,12,1,1,1,False,1
3414,50,Male,20,1,1,1,False,1
3415,35,Female,1,1,1,1,False,1
3416,25,Male,11,1,1,0,False,1
3417,25,Male,1,1,1,1,False,1
3418,45,Male,14,1,1,1,False,1
3419,18,Male,4,1,1,0,False,1
3420,25,Male,0,1,1,0,False,1
3421,18,Female,20,1,1,0,False,1
3422,18,Male,12,1,1,0,False,1
3423,25,Male,12,1,1,0,False,1
3424,45,Male,0,1,1,0,False,1
3425,1,Male,10,1,1,0,False,1
3426,18,Male,20,0,0,0,False,0
3427,25,Male,16,1,1,1,False,1
3428,50,Male,16,1,1,1,False,1
3429,25,Male,7,1,1,1,False,1
3430,25,Male,16,1,1,1,False,1
3431,35,Male,0,1,1,1,False,1
3432,56,Male,0,1,1,1,False,1
3433,18,Male,10,1,1,0,False,1
3434,56,Male,17,1,1,0,False,1
3435,35,Female,1,1,1,1,False,1
3436,25,Male,2,1,1,1,False,1
3437,25,Male,12,1,1,0,False,1
3438,45,Male,0,0,1,0,True,1
3439,25,Male,0,1,1,1,False,1
3440,35,Female,2,1,1,0,False,1
3441,56,Male,1,0,0,1,False,0
3442,56,Male,8,1,1,0,False,1
3443,45,Male,0,1,1,0,False,1
3444,35,Male,2,0,1,0,True,1
3445,25,Male,7,1,1,0,False,1
3446,18,Female,20,0,0,0,False,0
3447,35,Male,17,1,1,1,False,1
3448,18,Male,17,1,1,1,False,1
3449,1,Female,10,1,1,0,False,1
3450,25,Male,20,0,1,0,True,1
3451,25,Male,0,0,0,1,False,0
3452,25,Male,17,1,1,1,False,1
3453,18,Female,1,1,1,1,False,1
3454,50,Female,13,1,1,1,False,1
3455,25,Male,0,0,0,1,False,0
3456,35,Male,20,1,1,0,False,1
3457,50,Female,2,1,1,0,False,1
3458,18,Male,4,0,0,1,False,0
3459,35,Male,6,1,1,1,False,1
3460,25,Male,0,0,0,0,False,0
3461,1,Male,10,1,1,1,False,1
3462,25,Male,12,1,1,0,False,1
3463,25,Female,3,1,1,0,False,1
3464,25,Male,20,0,1,0,True,1
3465,1,Male,10,0,1,1,True,1
3466,56,Male,13,1,1,0,False,1
3467,25,Male,4,1,1,1,False,1
3468,25,Male,7,1,1,1,False,1
3469,18,Male,4,1,1,0,False,1
3470,18,Male,20,0,0,0,False,0
3471,25,Male,17,1,1,0,False,1
3472,35,Male,16,1,1,1,False,1
3473,56,Male,20,1,1,1,False,1
3474,45,Male,16,1,1,1,False,1
3475,45,Female,16,1,1,0,False,1
3476,25,Male,7,1,1,0,False,1
3477,56,Male,2,1,1,1,False,1
3478,25,Female,1,1,1,0,False,1
3479,35,Female,6,1,1,0,False,1
3480,25,Female,2,1,1,1,False,1
3481,25,Male,2,1,1,1,False,1
3482,35,Male,0,0,0,1,False,0
3483,18,Male,14,1,1,0,False,1
3484,45,Male,17,1,1,1,False,1
3485,35,Male,7,1,1,0,False,1
3486,18,Male,4,1,1,0,False,1
3487,35,Female,9,1,1,1,False,1
3488,25,Male,16,1,1,0,False,1
3489,25,Male,7,1,1,1,False,1
3490,25,Male,11,1,1,0,False,1
3491,35,Male,1,1,1,0,False,1
3492,18,Male,4,0,0,1,False,0
3493,25,Male,16,0,1,0,True,1
3494,25,Male,0,1,1,1,False,1
3495,25,Male,6,1,1,1,False,1
3496,25,Male,12,0,0,1,False,0
3497,35,Male,2,1,1,1,False,1
3498,25,Male,0,1,1,1,False,1
3499,50,Male,7,1,1,0,False,1
3500,25,Female,0,1,1,1,False,1
3501,25,Male,4,1,1,1,False,1
3502,18,Male,4,0,0,0,False,0
3503,18,Male,4,1,1,1,False,1
3504,1,Male,10,1,1,1,False,1
3505,18,Male,0,1,1,0,False,1
3506,25,Female,20,0,0,0,False,0
3507,25,Female,20,1,1,0,False,1
3508,35,Male,1,0,0,1,False,0
3509,35,Male,17,1,1,0,False,1
3510,25,Male,16,1,1,1,False,1
3511,25,Female,20,1,0,0,True,0
3512,25,Male,4,1,1,0,False,1
3513,45,Male,17,1,1,0,False,1
3514,25,Male,1,1,1,1,False,1
3515,1,Male,10,1,1,1,False,1
3516,25,Male,7,1,1,1,False,1
3517,25,Male,2,0,0,1,False,0
3518,45,Male,6,1,1,0,False,1
3519,18,Male,15,1,1,1,False,1
3520,18,Male,15,1,1,1,False,1
3521,25,Male,6,1,1,1,False,1
3522,25,Male,2,1,1,1,False,1
3523,50,Male,7,1,1,0,False,1
3524,18,Female,17,1,1,0,False,1
3525,25,Male,2,1,1,0,False,1
3526,50,Male,17,1,1,1,False,1
3527,25,Male,15,1,1,0,False,1
3528,25,Male,0,0,0,1,False,0
3529,50,Male,17,1,1,1,False,1
3530,25,Male,17,0,0,0,False,0
3531,1,Male,10,0,0,1,False,0
3532,25,Male,4,1,1,0,False,1
3533,35,Male,0,1,1,0,False,1
3534,25,Male,1,1,1,1,False,1
3535,35,Female,9,1,0,1,True,0
3536,35,Male,0,1,1,1,False,1
3537,18,Male,14,0,1,1,True,1
3538,1,Female,10,1,1,0,False,1
3539,25,Female,14,1,0,1,True,0
3540,50,Male,20,1,1,1,False,1
3541,50,Female,6,1,1,0,False,1
3542,18,Female,4,1,1,1,False,1
3543,18,Female,4,1,1,1,False,1
3544,25,Male,7,1,1,1,False,1
3545,25,Male,5,1,1,0,False,1
3546,25,Male,20,1,1,1,False,1
3547,25,Male,0,1,1,0,False,1
3548,56,Male,6,1,1,0,False,1
3549,25,Female,1,1,1,0,False,1
3550,50,Male,14,1,1,1,False,1
3551,25,Female,1,0,0,0,False,0
3552,56,Male,0,1,1,1,False,1
3553,25,Male,0,1,1,1,False,1
3554,25,Male,2,0,0,0,False,0
3555,25,Male,17,1,1,1,False,1
3556,35,Male,1,1,1,1,False,1
3557,50,Male,17,1,1,0,False,1
3558,35,Male,12,1,1,0,False,1
3559,18,Male,3,1,1,0,False,1
3560,25,Female,14,1,1,1,False,1
3561,35,Male,0,1,1,0,False,1
3562,35,Male,17,1,1,1,False,1
3563,25,Male,11,1,1,1,False,1
3564,25,Male,17,1,1,1,False,1
3565,56,Male,15,1,1,0,False,1
3566,45,Male,17,1,1,0,False,1
3567,35,Male,7,1,1,1,False,1
3568,45,Female,2,1,1,0,False,1
3569,50,Male,0,0,0,0,False,0
3570,18,Female,4,1,1,1,False,1
3571,35,Male,17,1,1,1,False,1
3572,35,Male,6,0,0,1,False,0
3573,50,Male,7,1,1,1,False,1
3574,25,Male,2,1,1,1,False,1
3575,56,Female,13,1,1,1,False,1
3576,25,Male,20,0,1,1,True,1
3577,35,Male,12,1,1,1,False,1
3578,50,Male,14,1,1,0,False,1
3579,25,Male,11,1,1,1,False,1
3580,56,Female,6,1,1,1,False,1
3581,25,Male,12,1,1,1,False,1
3582,35,Male,11,1,1,1,False,1
3583,18,Male,2,0,0,1,False,0
3584,18,Male,4,1,1,1,False,1
3585,50,Male,12,1,1,1,False,1
3586,18,Male,4,1,1,1,False,1
3587,35,Female,20,1,1,1,False,1
3588,25,Male,17,1,1,1,False,1
3589,18,Male,4,1,1,1,False,1
3590,25,Male,3,1,1,0,False,1
3591,25,Male,1,1,1,1,False,1
3592,50,Male,18,1,1,0,False,1
3593,35,Female,20,1,1,0,False,1
3594,25,Male,20,1,1,1,False,1
3595,35,Female,9,1,1,1,False,1
3596,35,Male,0,1,1,1,False,1
3597,50,Male,18,1,1,1,False,1
3598,35,Female,12,1,1,1,False,1
3599,18,Female,4,1,1,1,False,1
3600,18,Male,4,1,1,1,False,1
3601,35,Male,6,1,1,0,False,1
3602,50,Male,12,1,1,0,False,1
3603,25,Female,1,1,1,1,False,1
3604,35,Male,1,1,1,0,False,1
3605,35,Male,17,1,1,0,False,1
3606,25,Male,17,1,1,1,False,1
3607,25,Male,1,1,1,0,False,1
3608,18,Male,1,1,1,1,False,1
3609,25,Female,0,1,1,1,False,1
3610,56,Male,12,1,1,1,False,1
3611,50,Female,0,1,1,0,False,1
3612,35,Female,2,1,1,1,False,1
3613,25,Male,1,1,1,1,False,1
3614,35,Female,15,1,1,1,False,1
3615,35,Female,3,1,1,1,False,1
3616,35,Female,7,0,0,1,False,0
3617,50,Male,0,1,1,0,False,1
3618,18,Male,4,1,1,1,False,1
3619,25,Male,7,0,1,1,True,1
3620,35,Male,17,1,1,1,False,1
3621,25,Male,19,0,0,0,False,0
3622,25,Male,6,1,1,0,False,1
3623,25,Male,17,0,1,1,True,1
3624,25,Male,18,1,1,1,False,1
3625,50,Male,7,1,1,0,False,1
3626,50,Male,7,1,1,0,False,1
3627,35,Male,14,1,1,1,False,1
3628,25,Male,5,0,1,0,True,1
3629,18,Male,4,1,1,0,False,1
3630,25,Male,12,1,1,0,False,1
3631,45,Male,1,1,1,0,False,1
3632,18,Male,5,1,1,0,False,1
3633,18,Male,4,1,1,1,False,1
3634,18,Female,20,0,0,0,False,0
3635,18,Male,0,0,0,1,False,0
3636,18,Male,20,1,1,0,False,1
3637,25,Female,20,0,0,0,False,0
3638,25,Female,0,1,1,1,False,1
3639,50,Male,18,1,1,0,False,1
3640,35,Male,5,1,1,0,False,1
3641,35,Male,2,1,1,0,False,1
3642,50,Male,7,1,1,1,False,1
3643,18,Male,1,1,1,1,False,1
3644,18,Male,4,1,1,1,False,1
3645,25,Male,19,0,0,0,False,0
3646,50,Female,1,1,1,1,False,1
3647,35,Female,12,1,1,0,False,1
3648,18,Male,12,1,1,1,False,1
3649,56,Male,7,1,1,1,False,1
3650,35,Male,17,1,1,1,False,1
3651,25,Male,4,1,1,0,False,1
3652,35,Male,20,1,1,0,False,1
3653,1,Male,0,0,0,1,False,0
3654,35,Male,1,1,1,0,False,1
3655,35,Male,0,0,0,1,False,0
3656,35,Male,7,1,1,1,False,1
3657,35,Male,7,0,1,0,True,1
3658,18,Female,14,1,1,1,False,1
3659,50,Female,6,1,1,1,False,1
3660,25,Female,1,1,1,1,False,1
3661,35,Male,7,1,1,0,False,1
3662,25,Male,7,1,1,1,False,1
3663,18,Male,15,1,1,1,False,1
3664,25,Male,19,1,1,0,False,1
3665,25,Male,7,1,1,0,False,1
3666,25,Male,0,1,1,1,False,1
3667,18,Male,17,1,1,1,False,1
3668,25,Male,20,1,1,1,False,1
3669,35,Male,0,1,1,0,False,1
3670,25,Female,2,1,1,0,False,1
3671,45,Male,7,1,1,1,False,1
3672,25,Male,3,0,0,1,False,0
3673,25,Female,4,1,1,0,False,1
3674,25,Male,0,1,1,1,False,1
3675,45,Male,7,1,1,1,False,1
3676,18,Male,10,0,0,0,False,0
3677,25,Male,7,0,0,1,False,0
3678,35,Male,2,1,1,0,False,1
3679,45,Male,17,1,1,1,False,1
3680,50,Male,6,1,1,1,False,1
3681,25,Male,12,1,1,1,False,1
3682,1,Male,0,0,0,1,False,0
3683,25,Male,2,1,1,0,False,1
3684,56,Male,0,1,1,0,False,1
3685,25,Female,17,1,1,1,False,1
3686,35,Male,7,1,1,1,False,1
3687,18,Male,4,1,1,1,False,1
3688,25,Male,17,1,1,1,False,1
3689,25,Female,0,1,1,1,False,1
3690,25,Female,7,1,1,1,False,1
3691,35,Male,3,1,1,0,False,1
3692,35,Male,17,0,0,1,False,0
3693,18,Female,4,0,0,0,False,0
3694,25,Male,2,1,1,0,False,1
3695,25,Male,16,1,1,1,False,1
3696,25,Male,20,1,1,1,False,1
3697,25,Male,19,0,0,1,False,0
3698,25,Male,17,1,1,1,False,1
3699,45,Male,20,1,1,0,False,1
3700,25,Male,15,1,1,1,False,1
3701,18,Male,4,0,0,1,False,0
3702,35,Male,20,0,1,0,True,1
3703,25,Male,11,1,1,1,False,1
3704,45,Female,1,0,0,1,False,0
3705,35,Male,1,1,1,1,False,1
3706,50,Male,0,1,1,1,False,1
3707,25,Male,20,0,0,1,False,0
3708,35,Male,1,1,1,0,False,1
3709,18,Male,4,1,1,1,False,1
3710,18,Male,17,1,1,1,False,1
3711,25,Male,7,1,1,1,False,1
3712,35,Female,7,1,1,1,False,1
3713,35,Male,17,0,1,0,True,1
3714,25,Female,18,1,1,1,False,1
3715,25,Male,2,1,1,1,False,1
3716,45,Male,12,1,1,0,False,1
3717,18,Male,17,0,0,0,False,0
3718,50,Male,11,1,1,1,False,1
3719,18,Male,4,0,0,0,False,0
3720,50,Female,1,1,1,0,False,1
3721,25,Female,1,0,0,0,False,0
3722,25,Male,7,0,0,0,False,0
3723,25,Female,0,1,0,1,True,0
3724,35,Male,1,1,1,0,False,1
3725,18,Male,18,1,1,1,False,1
3726,35,Female,1,1,1,1,False,1
3727,35,Male,2,1,1,1,False,1
3728,25,Male,16,1,1,0,False,1
3729,1,Male,0,0,0,1,False,0
3730,18,Male,17,1,1,0,False,1
3731,18,Male,4,1,1,0,False,1
3732,18,Male,1,1,1,0,False,1
3733,35,Female,12,1,1,0,False,1
3734,1,Female,10,1,1,1,False,1
3735,25,Male,7,1,1,0,False,1
3736,35,Male,7,1,1,1,False,1
3737,25,Male,1,1,1,0,False,1
3738,45,Female,17,1,1,1,False,1
3739,56,Male,17,1,1,1,False,1
3740,18,Male,0,0,0,1,False,0
3741,25,Male,14,1,1,0,False,1
3742,1,Male,10,1,1,0,False,1
3743,25,Male,3,1,1,1,False,1
3744,18,Male,15,1,1,1,False,1
3745,25,Male,17,1,1,1,False,1
3746,18,Female,4,1,1,1,False,1
3747,35,Male,7,0,0,0,False,0
3748,35,Male,3,0,0,1,False,0
3749,18,Female,20,1,1,1,False,1
3750,35,Male,7,0,0,1,False,0
3751,25,Male,17,1,1,1,False,1
3752,18,Female,4,1,1,0,False,1
3753,45,Male,17,1,1,1,False,1
3754,25,Male,17,1,1,0,False,1
3755,45,Female,1,1,1,1,False,1
3756,35,Male,12,0,0,1,False,0
3757,25,Male,1,1,1,1,False,1
3758,18,Male,4,1,1,1,False,1
3759,25,Male,0,1,1,1,False,1
3760,25,Male,6,1,1,1,False,1
3761,18,Male,4,1,1,0,False,1
3762,35,Male,20,1,1,0,False,1
3763,45,Male,1,1,1,1,False,1
3764,25,Male,18,1,1,1,False,1
3765,25,Male,7,0,0,0,False,0
3766,35,Female,3,1,1,0,False,1
3767,18,Male,4,1,1,1,False,1
3768,25,Male,16,1,1,1,False,1
3769,25,Male,12,1,1,0,False,1
3770,25,Male,12,1,1,1,False,1
3771,25,Female,20,1,1,1,False,1
3772,18,Male,16,0,0,1,False,0
3773,18,Male,3,1,1,1,False,1
3774,25,Female,1,1,1,0,False,1
3775,25,Female,1,1,1,1,False,1
3776,25,Male,10,1,1,0,False,1
3777,18,Male,4,0,0,1,False,0
3778,35,Male,11,0,0,0,False,0
3779,50,Male,13,1,1,1,False,1
3780,50,Male,2,1,1,1,False,1
3781,25,Male,7,1,1,1,False,1
3782,25,Male,6,1,1,0,False,1
3783,50,Male,17,1,1,1,False,1
3784,35,Male,3,1,1,1,False,1
3785,35,Male,1,1,1,1,False,1
3786,25,Male,2,0,0,0,False,0
3787,18,Female,4,1,1,0,False,1
3788,56,Male,14,1,1,1,False,1
3789,45,Male,3,1,1,1,False,1
3790,18,Female,19,1,1,1,False,1
3791,50,Male,0,1,1,1,False,1
3792,35,Male,7,1,1,0,False,1
3793,35,Male,0,1,1,1,False,1
3794,25,Male,7,1,1,1,False,1
3795,35,Male,18,1,1,1,False,1
3796,18,Female,0,1,1,0,False,1
3797,45,Male,7,1,1,1,False,1
3798,25,Male,0,1,1,0,False,1
3799,35,Male,7,1,1,1,False,1
3800,18,Female,20,1,1,1,False,1
3801,18,Male,4,0,0,1,False,0
3802,25,Male,7,1,1,0,False,1
3803,25,Male,14,1,1,1,False,1
3804,45,Male,1,0,0,1,False,0
3805,35,Male,18,1,1,0,False,1
3806,18,Female,0,1,0,1,True,0
3807,50,Male,0,1,1,1,False,1
3808,25,Male,5,1,1,0,False,1
3809,45,Male,7,0,0,0,False,0
3810,35,Male,16,0,0,1,False,0
3811,25,Male,12,1,1,1,False,1
3812,25,Male,11,1,1,1,False,1
3813,50,Male,6,1,1,1,False,1
3814,35,Female,16,1,1,1,False,1
3815,25,Female,7,1,1,0,False,1
3816,18,Male,12,1,1,1,False,1
3817,35,Male,20,1,1,1,False,1
3818,25,Male,12,1,1,1,False,1
3819,35,Male,7,1,1,0,False,1
3820,25,Male,20,1,1,0,False,1
3821,35,Female,7,1,1,0,False,1
3822,45,Male,20,1,1,0,False,1
3823,50,Male,16,1,1,1,False,1
3824,50,Male,7,1,1,1,False,1
3825,25,Female,14,1,1,0,False,1
3826,35,Male,17,0,0,0,False,0
3827,35,Male,5,1,1,1,False,1
3828,35,Male,5,1,1,1,False,1
3829,18,Male,4,1,1,0,False,1
3830,25,Male,17,1,1,0,False,1
3831,25,Male,0,1,1,1,False,1
3832,25,Male,17,1,1,1,False,1
3833,35,Male,17,1,1,1,False,1
3834,45,Male,7,1,1,1,False,1
3835,25,Male,7,1,1,0,False,1
3836,25,Male,16,1,1,1,False,1
3837,25,Male,2,1,1,0,False,1
3838,25,Male,4,1,1,1,False,1
3839,18,Male,4,1,1,0,False,1
3840,25,Male,1,1,1,1,False,1
3841,35,Male,5,0,0,0,False,0
3842,50,Male,0,1,1,1,False,1
3843,18,Male,0,1,1,0,False,1
3844,45,Male,11,0,0,1,False,0
3845,25,Male,4,1,1,1,False,1
3846,25,Male,14,1,1,0,False,1
3847,18,Male,4,1,1,0,False,1
3848,25,Female,9,1,1,1,False,1
3849,35,Female,15,1,1,1,False,1
3850,25,Male,0,1,1,0,False,1
3851,18,Male,4,0,0,0,False,0
3852,50,Male,17,0,0,1,False,0
3853,18,Male,4,1,1,1,False,1
3854,18,Male,17,1,1,1,False,1
3855,25,Male,16,1,1,0,False,1
3856,35,Male,1,1,1,1,False,1
3857,25,Male,7,1,1,1,False,1
3858,25,Female,4,1,1,1,False,1
3859,25,Male,14,1,1,1,False,1
3860,35,Male,3,1,1,1,False,1
3861,45,Male,0,1,1,0,False,1
3862,18,Male,6,1,1,0,False,1
3863,25,Male,15,1,1,0,False,1
3864,25,Male,0,1,1,0,False,1
3865,18,Male,4,1,1,0,False,1
3866,50,Male,20,1,1,1,False,1
3867,25,Male,0,1,1,1,False,1
3868,25,Female,7,1,1,0,False,1
3869,25,Male,7,1,1,1,False,1
3870,45,Female,1,1,1,1,False,1
3871,35,Male,11,1,1,1,False,1
3872,35,Male,17,1,1,0,False,1
3873,25,Male,11,1,1,1,False,1
3874,45,Male,6,1,1,0,False,1
3875,50,Male,16,1,1,0,False,1
3876,25,Female,1,1,1,0,False,1
3877,1,Male,10,1,1,1,False,1
3878,25,Male,17,1,1,1,False,1
3879,25,Male,16,1,1,0,False,1
3880,35,Male,0,1,1,1,False,1
3881,18,Male,10,1,1,1,False,1
3882,18,Male,4,1,1,1,False,1
3883,25,Male,0,1,1,0,False,1
3884,35,Male,7,1,1,1,False,1
3885,25,Female,1,1,1,1,False,1
3886,56,Female,1,1,1,1,False,1
3887,25,Male,1,0,0,1,False,0
3888,45,Male,14,1,1,0,False,1
3889,18,Male,4,1,1,1,False,1
3890,50,Male,16,1,1,0,False,1
3891,1,Male,10,1,1,1,False,1
3892,25,Male,2,1,1,0,False,1
3893,35,Male,17,0,0,0,False,0
3894,56,Female,3,1,1,1,False,1
3895,35,Male,12,1,1,1,False,1
3896,25,Male,4,1,1,1,False,1
3897,25,Female,4,1,1,1,False,1
3898,45,Male,1,1,1,0,False,1
3899,18,Male,4,1,1,0,False,1
3900,45,Male,11,1,1,0,False,1
3901,56,Female,2,1,1,1,False,1
3902,25,Male,7,1,1,0,False,1
3903,18,Male,17,1,1,0,False,1
3904,25,Male,12,1,1,0,False,1
3905,25,Male,11,1,1,0,False,1
3906,25,Male,4,1,1,0,False,1
3907,56,Male,14,1,1,1,False,1
3908,25,Female,0,1,1,0,False,1
3909,25,Male,4,1,1,1,False,1
3910,18,Male,19,0,0,1,False,0
3911,45,Male,5,1,1,1,False,1
3912,50,Male,14,1,1,1,False,1
3913,50,Male,12,1,1,1,False,1
3914,50,Male,12,1,1,0,False,1
3915,18,Male,15,1,1,1,False,1
3916,25,Female,0,0,0,1,False,0
3917,18,Male,4,1,1,0,False,1
3918,25,Male,6,1,1,1,False,1
3919,25,Male,5,0,0,1,False,0
3920,50,Male,6,1,1,1,False,1
3921,25,Male,17,0,1,1,True,1
3922,25,Male,4,1,1,1,False,1
3923,45,Male,5,1,1,0,False,1
3924,25,Male,4,1,1,1,False,1
3925,18,Male,5,1,1,1,False,1
3926,35,Male,20,0,0,1,False,0
3927,18,Male,12,1,1,1,False,1
3928,25,Male,20,1,1,0,False,1
3929,45,Male,3,1,1,0,False,1
3930,35,Male,0,1,1,1,False,1
3931,25,Male,14,1,1,0,False,1
3932,25,Female,20,1,1,0,False,1
3933,25,Male,17,0,1,0,True,1
3934,18,Female,4,1,1,0,False,1
3935,50,Male,20,1,1,0,False,1
3936,25,Male,1,1,1,0,False,1
3937,35,Male,15,1,1,0,False,1
3938,25,Male,4,1,1,0,False,1
3939,25,Male,1,0,0,1,False,0
3940,45,Male,7,1,1,0,False,1
3941,35,Male,16,0,0,0,False,0
3942,18,Female,4,1,1,0,False,1
3943,18,Male,0,1,1,0,False,1
3944,18,Male,4,0,0,0,False,0
3945,18,Male,12,1,1,0,False,1
3946,18,Male,15,1,1,1,False,1
3947,25,Male,7,1,1,0,False,1
3948,25,Male,7,1,1,1,False,1
3949,45,Male,15,1,1,0,False,1
3950,35,Male,17,1,1,0,False,1
3951,35,Female,9,1,0,0,True,0
3952,25,Male,12,1,1,0,False,1
3953,35,Female,7,1,1,1,False,1
3954,50,Male,13,1,1,1,False,1
3955,25,Male,7,1,1,1,False,1
3956,25,Male,12,1,1,1,False,1
3957,18,Male,4,1,1,1,False,1
3958,35,Male,7,1,1,1,False,1
3959,45,Female,17,1,1,1,False,1
3960,25,Male,4,0,0,0,False,0
3961,25,Female,4,1,1,1,False,1
3962,50,Male,7,1,1,1,False,1
3963,1,Female,10,1,1,1,False,1
3964,35,Male,7,1,1,0,False,1
3965,35,Male,16,1,1,1,False,1
3966,35,Male,15,1,1,1,False,1
3967,35,Male,4,1,1,1,False,1
3968,25,Male,1,1,1,0,False,1
3969,45,Male,7,1,1,0,False,1
3970,35,Male,7,0,0,0,False,0
3971,56,Female,9,1,1,1,False,1
3972,25,Male,4,1,1,1,False,1
3973,35,Male,17,1,1,1,False,1
3974,18,Male,4,0,0,1,False,0
3975,45,Female,2,1,1,0,False,1
3976,50,Male,11,1,1,0,False,1
3977,35,Female,7,1,1,1,False,1
3978,35,Male,3,1,1,0,False,1
3979,35,Male,16,1,1,0,False,1
3980,25,Male,14,1,1,0,False,1
3981,25,Male,12,1,1,1,False,1
3982,35,Male,12,1,1,1,False,1
3983,35,Male,20,1,1,1,False,1
3984,18,Male,4,1,1,0,False,1
3985,18,Male,19,1,1,1,False,1
3986,18,Male,4,1,1,1,False,1
3987,45,Male,20,1,1,1,False,1
3988,18,Male,4,1,1,0,False,1
3989,18,Female,4,0,0,1,False,0
3990,25,Female,20,1,1,0,False,1
3991,25,Female,1,1,0,1,True,0
3992,18,Male,4,1,1,0,False,1
3993,25,Female,1,1,1,0,False,1
3994,25,Female,20,0,0,1,False,0
3995,25,Male,15,1,1,1,False,1
3996,18,Male,20,1,1,0,False,1
3997,50,Female,1,1,1,1,False,1
3998,25,Male,4,1,1,1,False,1
3999,25,Male,16,1,1,1,False,1
4000,18,Female,19,1,1,0,False,1
4001,18,Female,4,1,1,0,False,1
4002,35,Male,7,1,1,1,False,1
4003,25,Male,16,0,0,1,False,0
4004,35,Male,15,1,1,1,False,1
4005,50,Male,13,1,1,1,False,1
4006,25,Male,7,1,1,1,False,1
4007,25,Male,14,1,1,1,False,1
4008,45,Female,20,1,1,1,False,1
4009,35,Male,17,1,1,0,False,1
4010,18,Male,0,1,1,1,False,1
4011,25,Male,0,1,1,1,False,1
4012,35,Male,0,0,0,0,False,0
4013,25,Male,4,1,1,1,False,1
4014,25,Male,4,0,1,0,True,1
4015,25,Male,12,1,1,0,False,1
4016,35,Male,2,1,1,1,False,1
4017,25,Male,0,1,1,1,False,1
4018,25,Male,6,1,1,0,False,1
4019,50,Male,14,1,1,1,False,1
4020,35,Female,0,1,1,1,False,1
4021,35,Male,14,1,1,0,False,1
4022,45,Male,7,1,1,1,False,1
4023,50,Male,17,1,1,1,False,1
4024,56,Male,14,1,1,1,False,1
4025,25,Male,19,0,0,0,False,0
4026,25,Male,11,1,1,0,False,1
4027,25,Female,7,1,1,0,False,1
4028,35,Female,2,1,1,1,False,1
4029,25,Male,7,1,1,1,False,1
4030,18,Male,19,0,0,1,False,0
4031,25,Male,2,1,1,1,False,1
4032,35,Male,6,1,1,0,False,1
4033,35,Male,7,0,0,0,False,0
4034,25,Male,4,1,1,0,False,1
4035,25,Female,7,1,1,1,False,1
4036,25,Male,7,1,1,1,False,1
4037,35,Male,7,1,1,0,False,1
4038,25,Male,0,1,1,1,False,1
4039,25,Female,17,1,1,1,False,1
4040,25,Male,20,1,1,0,False,1
4041,25,Male,4,1,1,1,False,1
4042,35,Female,3,1,1,1,False,1
4043,45,Female,0,1,1,0,False,1
4044,35,Female,0,1,1,1,False,1
4045,56,Male,14,1,1,0,False,1
4046,18,Male,20,0,0,1,False,0
4047,35,Male,19,1,1,0,False,1
4048,1,Male,10,1,1,1,False,1
4049,45,Female,1,1,1,0,False,1
4050,35,Female,20,0,0,1,False,0
4051,25,Male,2,1,1,1,False,1
4052,18,Male,4,1,1,1,False,1
4053,50,Male,0,1,1,0,False,1
4054,35,Male,7,1,1,0,False,1
4055,18,Male,4,0,0,1,False,0
4056,25,Male,6,1,1,1,False,1
4057,45,Male,12,1,1,1,False,1
4058,50,Male,0,1,1,0,False,1
4059,25,Male,0,1,1,1,False,1
4060,18,Male,4,1,1,1,False,1
4061,25,Male,1,1,1,1,False,1
4062,18,Male,5,1,1,0,False,1
4063,18,Male,17,1,1,1,False,1
4064,25,Male,7,0,0,0,False,0
4065,25,Female,15,1,1,1,False,1
4066,35,Male,7,1,1,0,False,1
4067,25,Male,3,1,1,0,False,1
4068,25,Male,20,1,1,0,False,1
4069,35,Male,0,0,0,0,False,0
4070,18,Female,2,1,1,0,False,1
4071,25,Male,2,1,1,1,False,1
4072,18,Male,0,1,1,1,False,1
4073,18,Male,4,1,1,1,False,1
4074,35,Male,3,1,1,1,False,1
4075,18,Female,6,1,1,0,False,1
4076,18,Female,4,1,1,0,False,1
4077,45,Male,5,1,1,0,False,1
4078,25,Male,14,1,1,1,False,1
4079,25,Male,14,1,1,1,False,1
4080,35,Male,7,1,1,0,False,1
4081,1,Female,10,0,0,1,False,0
4082,50,Male,6,1,1,1,False,1
4083,25,Female,1,1,1,1,False,1
4084,45,Male,7,1,1,1,False,1
4085,25,Male,5,1,1,0,False,1
4086,25,Male,4,1,1,0,False,1
4087,18,Female,4,1,1,0,False,1
4088,35,Male,1,1,1,0,False,1
4089,35,Female,9,1,1,0,False,1
4090,56,Male,7,1,1,0,False,1
4091,45,Female,14,1,1,1,False,1
4092,25,Male,11,1,1,1,False,1
4093,35,Male,5,1,1,0,False,1
4094,18,Male,14,1,1,1,False,1
4095,25,Male,7,1,1,1,False,1
4096,18,Female,0,0,0,1,False,0
4097,35,Male,7,1,1,0,False,1
4098,18,Female,4,1,1,1,False,1
4099,25,Male,0,1,1,1,False,1
4100,56,Male,13,1,1,0,False,1
4101,18,Male,4,0,0,1,False,0
4102,25,Male,1,1,1,0,False,1
4103,18,Female,20,1,1,1,False,1
4104,50,Male,17,1,1,0,False,1
4105,50,Male,6,1,1,0,False,1
4106,35,Male,12,0,1,1,True,1
4107,18,Male,7,0,0,1,False,0
4108,25,Male,4,1,1,0,False,1
4109,18,Female,2,1,0,0,True,0
4110,25,Male,17,1,1,0,False,1
4111,25,Male,14,1,1,1,False,1
4112,18,Male,10,0,0,0,False,0
4113,25,Male,0,1,1,0,False,1
4114,25,Male,16,1,1,0,False,1
4115,35,Female,9,1,1,1,False,1
4116,18,Female,4,1,1,1,False,1
4117,45,Female,6,1,1,1,False,1
4118,18,Female,1,1,1,1,False,1
4119,25,Male,16,0,1,0,True,1
4120,25,Male,0,1,1,1,False,1
4121,35,Male,12,1,1,0,False,1
4122,45,Male,17,1,1,0,False,1
4123,25,Male,7,1,1,1,False,1
4124,25,Male,7,1,1,0,False,1
4125,25,Male,7,0,1,1,True,1
4126,45,Male,16,1,1,1,False,1
4127,25,Female,0,1,1,1,False,1
4128,35,Male,7,1,1,0,False,1
4129,50,Female,2,1,1,0,False,1
4130,25,Male,7,1,1,1,False,1
4131,25,Female,20,1,1,1,False,1
4132,25,Male,4,1,1,0,False,1
4133,35,Female,1,0,0,1,False,0
4134,45,Female,1,1,1,1,False,1
4135,35,Male,2,1,1,0,False,1
4136,35,Male,17,1,1,0,False,1
4137,35,Male,12,1,1,1,False,1
4138,25,Male,1,1,1,1,False,1
4139,18,Male,0,1,1,1,False,1
4140,25,Male,20,0,0,0,False,0
4141,25,Male,0,0,0,0,False,0
4142,45,Male,8,1,1,1,False,1
4143,35,Female,2,1,1,1,False,1
4144,25,Female,1,1,1,0,False,1
4145,25,Male,4,0,0,0,False,0
4146,18,Female,4,1,1,0,False,1
4147,50,Male,16,1,1,0,False,1
4148,35,Male,17,0,0,0,False,0
4149,25,Male,14,1,1,0,False,1
4150,25,Female,6,1,1,1,False,1
4151,35,Female,9,1,1,0,False,1
4152,25,Male,0,1,1,1,False,1
4153,18,Female,4,0,0,1,False,0
4154,25,Female,17,1,1,0,False,1
4155,25,Male,4,1,1,1,False,1
4156,18,Female,20,1,0,1,True,0
4157,35,Male,7,1,1,1,False,1
4158,50,Male,7,0,0,0,False,0
4159,35,Male,6,1,1,0,False,1
4160,35,Male,12,1,1,1,False,1
4161,18,Male,5,1,1,1,False,1
4162,45,Male,7,1,1,1,False,1
4163,25,Male,12,1,1,0,False,1
4164,35,Male,0,1,1,0,False,1
4165,1,Male,10,1,1,1,False,1
4166,45,Male,12,1,1,1,False,1
4167,25,Male,7,1,1,0,False,1
4168,35,Male,3,1,1,0,False,1
4169,18,Female,2,0,0,1,False,0
4170,25,Male,17,1,1,0,False,1
4171,35,Male,16,1,1,0,False,1
4172,50,Male,17,0,0,1,False,0
4173,1,Male,10,0,1,1,True,1
4174,1,Male,10,1,1,0,False,1
4175,35,Male,5,1,1,0,False,1
4176,35,Male,12,1,1,1,False,1
4177,25,Male,7,1,1,0,False,1
4178,35,Female,20,1,0,1,True,0
4179,25,Male,17,1,1,1,False,1
4180,25,Male,20,1,1,0,False,1
4181,18,Female,4,1,1,1,False,1
4182,18,Male,6,1,1,1,False,1
4183,25,Female,7,1,1,1,False,1
4184,25,Female,2,1,1,0,False,1
4185,25,Female,0,1,1,1,False,1
4186,25,Male,4,1,1,0,False,1
4187,50,Male,2,1,1,0,False,1
4188,35,Female,4,1,1,0,False,1
4189,25,Male,15,1,1,1,False,1
4190,50,Male,0,1,1,0,False,1
4191,25,Male,15,1,1,0,False,1
4192,25,Male,0,1,1,1,False,1
4193,25,Female,6,1,1,0,False,1
4194,25,Male,7,1,1,1,False,1
4195,18,Male,4,1,1,0,False,1
4196,25,Male,7,1,1,1,False,1
4197,18,Male,4,1,1,0,False,1
4198,25,Male,11,1,1,0,False,1
4199,25,Male,0,1,1,0,False,1
4200,35,Male,12,1,1,1,False,1
4201,56,Female,0,1,1,1,False,1
4202,45,Female,6,1,1,1,False,1
4203,25,Male,0,0,1,1,True,1
4204,35,Male,1,1,1,1,False,1
4205,45,Male,3,1,1,1,False,1
4206,50,Male,1,1,1,0,False,1
4207,25,Male,7,0,0,1,False,0
4208,25,Male,11,1,1,1,False,1
4209,35,Male,1,1,1,1,False,1
4210,25,Male,17,1,1,1,False,1
4211,45,Female,14,1,1,1,False,1
4212,45,Male,7,1,1,0,False,1
4213,25,Female,20,1,1,1,False,1
4214,50,Male,6,1,1,0,False,1
4215,35,Female,2,1,1,0,False,1
4216,18,Female,4,1,1,0,False,1
4217,18,Female,4,1,1,0,False,1
4218,18,Female,2,1,1,1,False,1
4219,25,Male,11,1,1,1,False,1
4220,56,Male,15,1,1,0,False,1
4221,25,Male,17,1,1,1,False,1
4222,25,Male,4,0,0,0,False,0
4223,35,Female,0,0,0,0,False,0
4224,18,Male,12,1,1,0,False,1
4225,18,Male,4,1,1,1,False,1
4226,25,Male,14,1,1,1,False,1
4227,25,Male,14,1,1,0,False,1
4228,25,Female,17,1,1,0,False,1
4229,35,Female,7,1,1,1,False,1
4230,35,Male,12,1,1,1,False,1
4231,25,Male,14,1,1,1,False,1
4232,45,Male,3,1,1,1,False,1
4233,35,Male,1,1,1,1,False,1
4234,50,Male,16,1,1,0,False,1
4235,35,Female,3,1,1,1,False,1
4236,18,Female,4,1,1,1,False,1
4237,25,Male,15,0,0,1,False,0
4238,18,Female,0,1,1,0,False,1
4239,18,Male,4,1,1,1,False,1
4240,1,Male,10,1,1,1,False,1
4241,25,Male,6,1,1,0,False,1
4242,35,Male,14,1,1,1,False,1
4243,18,Male,14,1,1,1,False,1
4244,18,Male,4,1,1,0,False,1
4245,25,Male,17,1,1,1,False,1
4246,18,Male,4,0,0,0,False,0
4247,50,Female,0,1,0,1,True,0
4248,18,Male,12,1,1,0,False,1
4249,18,Female,2,1,1,1,False,1
4250,25,Female,0,0,0,1,False,0
4251,25,Male,20,0,0,0,False,0
4252,25,Male,12,0,0,1,False,0
4253,25,Male,15,1,1,0,False,1
4254,56,Male,17,1,1,1,False,1
4255,18,Female,3,1,1,1,False,1
4256,56,Female,3,1,1,1,False,1
4257,25,Male,7,0,1,1,True,1
4258,25,Male,0,0,0,1,False,0
4259,45,Male,0,1,1,1,False,1
4260,18,Female,2,1,1,0,False,1
4261,56,Male,7,1,1,1,False,1
4262,18,Female,4,1,1,1,False,1
4263,56,Female,13,1,1,0,False,1
4264,18,Male,16,1,1,1,False,1
4265,25,Male,1,1,1,0,False,1
4266,25,Female,1,1,1,1,False,1
4267,25,Male,16,1,1,0,False,1
4268,25,Male,0,1,1,1,False,1
4269,25,Male,20,1,1,0,False,1
4270,25,Female,0,1,1,1,False,1
4271,25,Male,4,1,1,0,False,1
4272,25,Male,15,1,1,0,False,1
4273,50,Male,7,1,1,0,False,1
4274,25,Male,18,0,0,0,False,0
4275,45,Male,16,1,1,1,False,1
4276,25,Female,14,0,0,0,False,0
4277,45,Male,17,1,1,1,False,1
4278,25,Male,12,1,1,1,False,1
4279,1,Male,10,0,0,1,False,0
4280,35,Male,7,0,0,1,False,0
4281,45,Male,12,0,0,0,False,0
4282,25,Male,15,1,1,1,False,1
4283,1,Male,10,0,0,0,False,0
4284,56,Male,0,1,1,1,False,1
4285,1,Male,19,1,1,0,False,1
4286,25,Male,0,1,1,0,False,1
4287,25,Female,0,1,1,1,False,1
4288,35,Female,0,1,1,1,False,1
4289,35,Male,0,1,1,1,False,1
4290,56,Male,13,1,1,0,False,1
4291,1,Male,10,1,1,1,False,1
4292,18,Male,20,0,0,1,False,0
4293,25,Female,1,1,1,1,False,1
4294,18,Female,1,1,1,1,False,1
4295,25,Male,1,1,1,1,False,1
4296,18,Male,4,1,1,1,False,1
4297,18,Male,14,1,1,1,False,1
4298,25,Female,14,1,1,1,False,1
4299,45,Male,20,1,1,0,False,1
4300,35,Male,7,1,1,0,False,1
4301,56,Male,13,1,1,1,False,1
4302,25,Male,0,1,1,0,False,1
4303,35,Male,7,1,1,1,False,1
4304,35,Male,7,0,0,0,False,0
4305,25,Male,17,1,1,0,False,1
4306,1,Female,0,1,1,1,False,1
4307,25,Female,4,1,1,0,False,1
4308,35,Male,2,1,1,0,False,1
4309,25,Male,0,0,0,1,False,0
4310,45,Female,7,1,1,1,False,1
4311,35,Female,2,1,1,0,False,1
4312,35,Male,2,1,1,1,False,1
4313,25,Male,2,1,1,1,False,1
4314,45,Male,14,1,1,1,False,1
4315,18,Female,2,0,0,0,False,0
4316,18,Male,17,1,1,1,False,1
4317,56,Male,0,1,1,1,False,1
4318,18,Male,4,1,1,0,False,1
4319,25,Male,5,1,1,0,False,1
4320,25,Female,19,1,1,1,False,1
4321,25,Male,20,0,1,0,True,1
4322,25,Male,6,1,1,0,False,1
4323,25,Male,19,0,0,0,False,0
4324,45,Male,7,1,1,1,False,1
4325,50,Male,15,1,1,1,False,1
4326,45,Female,17,0,0,0,False,0
4327,56,Male,13,1,1,1,False,1
4328,56,Male,3,1,1,1,False,1
4329,18,Female,17,1,1,1,False,1
4330,25,Male,4,1,1,1,False,1
4331,45,Male,17,1,1,0,False,1
4332,25,Male,7,1,1,1,False,1
4333,18,Male,2,1,1,0,False,1
4334,18,Female,0,0,0,0,False,0
4335,35,Male,0,0,0,0,False,0
4336,25,Male,0,0,0,0,False,0
4337,35,Male,0,1,1,1,False,1
4338,25,Male,0,0,0,0,False,0
4339,35,Female,2,1,1,0,False,1
4340,18,Male,0,0,0,0,False,0
4341,18,Male,11,0,0,1,False,0
4342,50,Female,16,1,1,1,False,1
4343,18,Female,14,1,1,0,False,1
4344,18,Male,10,1,1,0,False,1
4345,35,Female,12,1,1,1,False,1
4346,18,Female,11,1,1,0,False,1
4347,35,Female,3,1,1,1,False,1
4348,35,Male,20,0,0,0,False,0
4349,25,Female,3,1,1,1,False,1
4350,25,Male,14,0,0,1,False,0
4351,56,Male,13,1,1,1,False,1
4352,45,Male,2,1,1,1,False,1
4353,35,Male,12,1,1,1,False,1
4354,35,Female,1,1,1,0,False,1
4355,35,Male,20,0,0,1,False,0
4356,35,Male,17,0,1,0,True,1
4357,18,Male,12,1,1,0,False,1
4358,35,Male,17,1,1,1,False,1
4359,35,Female,5,1,1,0,False,1
4360,25,Male,17,1,1,0,False,1
4361,35,Male,16,1,1,1,False,1
4362,50,Male,1,0,0,0,False,0
4363,35,Male,7,1,1,0,False,1
4364,18,Male,4,1,1,1,False,1
4365,1,Male,10,1,1,0,False,1
4366,18,Male,10,1,1,1,False,1
4367,18,Female,4,1,1,0,False,1
4368,45,Male,15,1,1,0,False,1
4369,50,Male,6,1,1,1,False,1
4370,35,Male,7,1,1,1,False,1
4371,25,Female,6,1,1,1,False,1
4372,35,Male,7,0,0,1,False,0
4373,25,Male,12,1,1,0,False,1
4374,50,Female,0,1,1,1,False,1
4375,18,Male,4,1,1,1,False,1
4376,25,Male,3,0,0,0,False,0
4377,25,Female,1,1,1,1,False,1
4378,25,Female,4,1,1,1,False,1
4379,18,Male,19,0,0,1,False,0
4380,45,Male,1,0,0,0,False,0
4381,18,Male,4,1,1,0,False,1
4382,25,Male,17,1,1,1,False,1
4383,50,Male,0,0,1,0,True,1
4384,56,Female,1,1,1,1,False,1
4385,25,Male,18,1,1,1,False,1
4386,25,Female,1,1,1,0,False,1
4387,25,Female,4,1,1,1,False,1
4388,18,Male,0,1,1,1,False,1
4389,18,Male,4,1,1,0,False,1
4390,25,Male,0,0,0,1,False,0
4391,25,Male,0,1,1,1,False,1
4392,25,Male,16,0,0,1,False,0
4393,56,Male,1,1,1,1,False,1
4394,25,Female,20,1,1,1,False,1
4395,25,Male,14,1,1,0,False,1
4396,45,Female,9,1,1,1,False,1
4397,50,Male,1,1,1,1,False,1
4398,35,Female,0,0,0,1,False,0
4399,25,Male,20,1,1,1,False,1
4400,25,Male,2,0,0,1,False,0
4401,45,Male,17,1,1,1,False,1
4402,18,Male,4,1,1,1,False,1
4403,18,Male,4,1,1,1,False,1
4404,35,Male,12,1,1,1,False,1
4405,18,Male,6,1,1,0,False,1
4406,35,Male,0,1,1,0,False,1
4407,18,Female,20,1,1,1,False,1
4408,18,Male,4,1,1,1,False,1
4409,25,Male,12,1,1,0,False,1
4410,25,Female,1,1,1,1,False,1
4411,18,Male,17,1,1,1,False,1
4412,18,Male,4,0,0,1,False,0
4413,45,Male,2,1,1,0,False,1
4414,18,Female,4,1,1,1,False,1
4415,25,Male,14,1,1,1,False,1
4416,18,Female,4,1,1,1,False,1
4417,25,Male,15,1,1,1,False,1
4418,25,Male,4,1,1,1,False,1
4419,25,Male,17,0,0,0,False,0
4420,25,Male,4,1,1,1,False,1
4421,25,Male,20,1,1,1,False,1
4422,35,Female,0,1,1,1,False,1
4423,25,Female,20,1,1,0,False,1
4424,18,Female,4,1,1,0,False,1
4425,18,Male,20,0,0,1,False,0
4426,25,Male,4,0,0,0,False,0
4427,25,Male,1,1,1,1,False,1
4428,45,Male,1,1,1,1,False,1
4429,25,Female,2,1,0,0,True,0
4430,25,Female,6,1,1,1,False,1
4431,25,Female,4,1,1,1,False,1
4432,45,Male,0,1,1,0,False,1
4433,35,Male,1,0,0,0,False,0
4434,18,Male,17,1,1,1,False,1
4435,35,Male,0,1,1,0,False,1
4436,18,Male,2,0,0,0,False,0
4437,25,Female,2,1,1,1,False,1
4438,25,Male,0,1,1,0,False,1
4439,18,Male,4,1,1,1,False,1
4440,25,Female,2,0,0,0,False,0
4441,25,Male,4,1,1,0,False,1
4442,25,Male,4,1,1,1,False,1
4443,45,Male,20,1,1,0,False,1
4444,35,Male,0,0,0,1,False,0
4445,25,Male,4,1,1,0,False,1
4446,25,Male,16,0,1,0,True,1
4447,18,Male,7,1,1,1,False,1
4448,25,Female,4,1,1,1,False,1
4449,35,Male,16,0,0,1,False,0
4450,25,Female,1,1,1,1,False,1
4451,25,Male,14,1,1,0,False,1
4452,35,Male,14,1,1,1,False,1
4453,18,Female,0,1,1,1,False,1
4454,45,Male,7,1,1,0,False,1
4455,35,Male,1,0,0,0,False,0
4456,45,Female,6,1,1,1,False,1
4457,50,Male,6,1,1,1,False,1
4458,45,Male,20,0,0,0,False,0
4459,35,Male,7,0,1,1,True,1
4460,25,Male,3,1,1,0,False,1
4461,1,Female,10,1,1,0,False,1
4462,25,Female,2,1,1,1,False,1
4463,25,Female,14,0,0,0,False,0
4464,50,Male,7,1,1,1,False,1
4465,25,Male,3,1,1,0,False,1
4466,18,Female,2,1,1,1,False,1
4467,25,Female,1,0,0,0,False,0
4468,35,Female,2,1,1,1,False,1
4469,25,Male,0,1,1,0,False,1
4470,45,Male,0,1,1,1,False,1
4471,25,Male,4,1,1,1,False,1
4472,25,Male,15,1,1,1,False,1
4473,25,Female,7,0,0,0,False,0
4474,18,Male,17,1,1,1,False,1
4475,35,Female,7,1,1,1,False,1
4476,45,Male,2,1,1,0,False,1
4477,25,Male,0,1,1,1,False,1
4478,35,Female,1,1,1,0,False,1
4479,25,Female,17,1,1,0,False,1
4480,25,Female,15,1,1,1,False,1
4481,56,Male,13,1,1,0,False,1
4482,56,Female,13,1,1,1,False,1
4483,25,Male,7,1,1,1,False,1
4484,35,Male,3,1,1,1,False,1
4485,35,Female,20,1,1,1,False,1
4486,25,Female,7,0,0,1,False,0
4487,25,Female,1,1,1,1,False,1
4488,25,Male,14,1,1,0,False,1
4489,25,Male,11,1,1,0,False,1
4490,25,Male,0,0,0,0,False,0
4491,25,Male,12,1,1,0,False,1
4492,18,Male,11,1,1,0,False,1
4493,45,Male,1,1,1,0,False,1
4494,18,Male,0,0,0,1,False,0
4495,1,Male,10,1,1,1,False,1
4496,18,Male,20,0,0,1,False,0
4497,35,Male,14,1,1,0,False,1
4498,56,Male,1,1,1,0,False,1
4499,18,Male,14,1,1,1,False,1
4500,25,Male,7,1,1,1,False,1
4501,18,Female,4,1,1,1,False,1
4502,25,Male,14,0,0,0,False,0
4503,25,Male,0,1,1,0,False,1
4504,25,Male,4,1,1,0,False,1
4505,50,Male,20,1,1,1,False,1
4506,50,Male,20,1,1,1,False,1
4507,35,Male,12,1,1,0,False,1
4508,25,Male,7,1,1,1,False,1
4509,25,Female,1,1,0,1,True,0
4510,25,Male,12,1,1,1,False,1
4511,18,Male,12,1,1,0,False,1
4512,50,Male,16,1,1,1,False,1
4513,25,Male,16,0,0,1,False,0
4514,18,Male,4,1,1,1,False,1
4515,50,Female,6,1,1,0,False,1
4516,25,Male,4,1,1,0,False,1
4517,18,Male,4,1,1,0,False,1
4518,35,Male,17,0,0,0,False,0
4519,25,Female,20,1,1,1,False,1
4520,25,Male,4,1,1,0,False,1
4521,25,Male,14,1,1,0,False,1
4522,45,Male,17,1,1,0,False,1
4523,35,Male,16,1,1,1,False,1
4524,25,Male,1,1,1,1,False,1
4525,18,Male,12,1,1,0,False,1
4526,35,Male,7,1,1,0,False,1
4527,25,Female,11,1,1,1,False,1
4528,50,Female,1,1,0,1,True,0
4529,45,Male,2,1,1,0,False,1
4530,18,Female,20,1,1,0,False,1
4531,35,Female,12,1,1,1,False,1
4532,25,Male,7,1,1,0,False,1
4533,25,Female,3,1,0,1,True,0
4534,25,Male,20,0,1,0,True,1
4535,18,Male,7,1,1,1,False,1
4536,50,Male,0,1,1,0,False,1
4537,50,Male,19,0,1,1,True,1
4538,18,Male,18,0,0,0,False,0
4539,45,Male,15,1,1,1,False,1
4540,45,Male,0,1,1,1,False,1
4541,25,Male,14,1,1,1,False,1
4542,18,Male,0,0,0,1,False,0
4543,18,Male,4,1,1,1,False,1
4544,25,Male,0,1,1,0,False,1
4545,25,Male,1,1,1,0,False,1
4546,18,Male,6,1,1,0,False,1
4547,35,Male,12,1,1,0,False,1
4548,18,Male,4,1,1,1,False,1
4549,35,Male,14,1,1,0,False,1
4550,18,Male,4,1,1,1,False,1
4551,18,Female,4,1,0,1,True,0
4552,35,Male,7,1,1,0,False,1
4553,35,Male,17,0,0,0,False,0
4554,25,Male,1,1,1,0,False,1
4555,25,Male,17,1,1,1,False,1
4556,25,Female,4,1,1,0,False,1
4557,35,Male,5,1,1,0,False,1
4558,25,Male,15,1,1,0,False,1
4559,45,Male,7,1,1,0,False,1
4560,25,Female,14,1,1,1,False,1
4561,56,Male,16,1,1,0,False,1
4562,18,Male,4,0,0,0,False,0
4563,25,Female,7,1,1,1,False,1
4564,18,Male,16,1,1,0,False,1
4565,45,Female,3,1,1,0,False,1
4566,35,Male,7,1,1,1,False,1
4567,25,Male,16,1,1,0,False,1
4568,35,Male,7,1,1,0,False,1
4569,35,Male,12,1,1,0,False,1
4570,25,Male,7,1,1,1,False,1
4571,18,Female,4,1,1,1,False,1
4572,25,Male,5,1,1,1,False,1
4573,35,Male,20,0,1,0,True,1
4574,56,Female,3,1,1,1,False,1
4575,25,Male,5,1,1,0,False,1
4576,25,Female,0,1,1,1,False,1
4577,25,Male,4,1,1,1,False,1
4578,18,Male,4,0,0,1,False,0
4579,35,Female,0,0,0,1,False,0
4580,25,Male,0,1,1,0,False,1
4581,18,Male,17,1,1,1,False,1
4582,1,Male,10,1,1,0,False,1
4583,25,Female,2,0,0,1,False,0
4584,25,Female,15,1,1,1,False,1
4585,45,Male,7,1,1,0,False,1
4586,35,Female,3,1,1,1,False,1
4587,35,Male,16,1,1,1,False,1
4588,18,Male,17,1,1,1,False,1
4589,25,Male,12,1,1,1,False,1
4590,25,Male,7,1,1,0,False,1
4591,18,Male,18,0,0,1,False,0
4592,25,Male,3,1,1,0,False,1
4593,45,Male,6,1,1,1,False,1
4594,50,Male,7,1,1,1,False,1
4595,25,Male,12,1,1,1,False,1
4596,35,Female,17,1,0,0,True,0
4597,25,Male,16,1,1,1,False,1
4598,35,Male,12,0,0,1,False,0
4599,35,Male,11,1,1,0,False,1
4600,35,Male,15,1,1,0,False,1
4601,56,Male,17,1,1,1,False,1
4602,25,Male,0,0,0,0,False,0
4603,18,Male,1,1,1,1,False,1
4604,18,Female,20,0,0,0,False,0
4605,25,Male,14,1,1,1,False,1
4606,18,Male,4,1,1,1,False,1
4607,25,Male,18,0,0,0,False,0
4608,25,Female,0,1,1,0,False,1
4609,35,Male,14,1,1,1,False,1
4610,50,Female,0,1,1,0,False,1
4611,18,Male,4,1,1,1,False,1
4612,18,Male,2,1,1,0,False,1
4613,56,Male,17,0,0,1,False,0
4614,50,Male,20,1,1,1,False,1
4615,35,Male,0,0,0,1,False,0
4616,50,Male,16,1,1,1,False,1
4617,25,Male,0,0,0,1,False,0
4618,35,Male,16,1,1,0,False,1
4619,35,Male,12,1,1,1,False,1
4620,45,Male,7,1,1,0,False,1
4621,18,Male,4,1,1,1,False,1
4622,25,Male,0,1,1,0,False,1
4623,18,Male,18,0,1,0,True,1
4624,25,Male,5,1,1,1,False,1
4625,18,Male,4,1,1,1,False,1
4626,25,Female,4,1,1,1,False,1
4627,35,Male,7,1,1,1,False,1
4628,35,Male,17,1,1,1,False,1
4629,25,Male,17,1,1,1,False,1
4630,25,Female,2,1,1,1,False,1
4631,18,Male,0,0,0,1,False,0
4632,1,Female,0,1,1,1,False,1
4633,25,Male,18,0,0,1,False,0
4634,25,Male,2,1,1,0,False,1
4635,25,Male,16,0,0,1,False,0
4636,18,Female,4,1,1,0,False,1
4637,25,Male,16,0,0,0,False,0
4638,56,Male,13,1,1,0,False,1
4639,25,Male,17,1,1,0,False,1
4640,50,Male,7,1,1,1,False,1
4641,25,Male,7,1,1,1,False,1
4642,35,Male,0,0,0,0,False,0
4643,25,Male,17,1,1,0,False,1
4644,18,Female,14,1,1,1,False,1
4645,45,Male,0,1,1,1,False,1
4646,25,Male,12,1,1,0,False,1
4647,45,Male,7,1,1,1,False,1
4648,18,Male,4,1,1,1,False,1
4649,35,Male,17,1,1,1,False,1
4650,35,Male,18,1,1,0,False,1
4651,25,Male,14,1,1,1,False,1
4652,25,Male,0,1,1,1,False,1
4653,25,Female,14,1,1,0,False,1
4654,18,Male,4,1,1,1,False,1
4655,45,Male,12,1,1,1,False,1
4656,25,Female,1,1,1,1,False,1
4657,35,Male,4,1,1,1,False,1
4658,50,Female,20,1,1,0,False,1
4659,18,Male,4,1,1,1,False,1
4660,18,Male,4,0,0,0,False,0
4661,25,Male,0,1,1,0,False,1
4662,25,Female,3,1,1,1,False,1
4663,35,Male,6,1,1,1,False,1
4664,45,Female,5,1,1,0,False,1
4665,35,Female,1,0,0,1,False,0
4666,35,Male,0,1,1,1,False,1
4667,35,Male,0,0,0,0,False,0
4668,18,Male,12,1,1,0,False,1
4669,25,Male,5,1,1,1,False,1
4670,25,Male,0,1,1,0,False,1
4671,18,Male,14,1,1,1,False,1
4672,35,Male,7,0,1,0,True,1
4673,25,Female,11,1,1,1,False,1
4674,45,Female,1,0,0,0,False,0
4675,25,Male,7,0,0,1,False,0
4676,45,Male,16,1,1,1,False,1
4677,50,Male,7,1,1,1,False,1
4678,18,Female,4,1,1,1,False,1
4679,25,Male,2,0,0,1,False,0
4680,25,Male,7,1,1,0,False,1
4681,45,Male,7,1,1,1,False,1
4682,25,Male,2,0,1,0,True,1
4683,25,Male,0,1,1,0,False,1
4684,56,Male,14,1,1,1,False,1
4685,35,Female,6,1,1,1,False,1
4686,25,Male,17,1,1,0,False,1
4687,25,Male,4,1,1,0,False,1
4688,35,Male,7,1,1,0,False,1
4689,45,Male,6,1,1,1,False,1
4690,18,Male,0,1,1,0,False,1
4691,25,Male,3,1,1,1,False,1
4692,35,Male,7,1,1,1,False,1
4693,25,Female,1,1,1,1,False,1
4694,18,Female,0,1,1,1,False,1
4695,18,Female,4,0,0,0,False,0
4696,35,Male,1,1,1,1,False,1
4697,25,Male,20,1,1,1,False,1
4698,25,Male,7,1,1,1,False,1
4699,25,Female,7,1,1,1,False,1
4700,25,Male,19,0,0,0,False,0
4701,25,Male,20,1,1,0,False,1
4702,50,Male,0,1,1,1,False,1
4703,56,Male,7,1,1,1,False,1
4704,45,Male,16,1,1,1,False,1
4705,25,Male,14,1,1,0,False,1
4706,18,Male,12,1,1,0,False,1
4707,25,Male,6,1,1,1,False,1
4708,18,Female,0,1,1,1,False,1
4709,25,Male,0,1,1,1,False,1
4710,25,Male,17,1,1,1,False,1
4711,50,Male,12,1,1,0,False,1
4712,18,Female,4,0,0,1,False,0
4713,25,Male,17,1,1,1,False,1
4714,35,Male,12,1,1,1,False,1
4715,25,Female,4,0,0,1,False,0
4716,25,Male,4,0,0,1,False,0
4717,25,Male,14,1,1,0,False,1
4718,25,Male,3,1,1,1,False,1
4719,35,Female,1,1,1,1,False,1
4720,45,Male,2,1,1,1,False,1
4721,50,Male,0,1,1,0,False,1
4722,50,Male,14,1,1,1,False,1
4723,25,Female,3,1,1,0,False,1
4724,25,Male,5,1,1,0,False,1
4725,25,Male,1,0,0,0,False,0
4726,45,Male,3,1,1,1,False,1
4727,56,Female,2,1,1,1,False,1
4728,25,Male,7,1,1,1,False,1
4729,25,Male,20,1,1,1,False,1
4730,25,Male,20,1,1,1,False,1
4731,45,Male,6,1,1,0,False,1
4732,50,Female,14,1,1,1,False,1
4733,35,Male,5,1,1,1,False,1
4734,18,Male,4,1,1,0,False,1
4735,1,Female,0,1,1,1,False,1
4736,25,Female,2,1,1,0,False,1
4737,18,Male,4,1,1,0,False,1
4738,25,Male,0,1,1,1,False,1
4739,25,Male,1,1,1,0,False,1
4740,25,Male,16,1,1,0,False,1
4741,35,Female,6,1,1,0,False,1
4742,25,Male,14,1,1,0,False,1
4743,18,Male,4,1,1,1,False,1
4744,25,Female,4,1,1,1,False,1
4745,18,Female,4,0,0,0,False,0
4746,25,Female,2,1,1,0,False,1
4747,25,Male,11,0,0,0,False,0
4748,25,Male,0,1,1,0,False,1
4749,25,Male,17,1,1,1,False,1
4750,18,Female,1,1,1,1,False,1
4751,35,Male,5,1,1,1,False,1
4752,18,Female,4,1,1,1,False,1
4753,50,Male,13,1,1,0,False,1
4754,18,Male,4,1,1,0,False,1
4755,18,Female,2,1,1,0,False,1
4756,56,Male,13,1,1,1,False,1
4757,50,Male,15,1,1,0,False,1
4758,45,Male,14,1,1,1,False,1
4759,25,Male,4,1,1,0,False,1
4760,25,Male,0,1,1,1,False,1
4761,18,Male,4,1,1,1,False,1
4762,18,Male,0,0,0,1,False,0
4763,50,Female,6,1,1,0,False,1
4764,25,Male,11,1,1,0,False,1
4765,25,Male,0,0,0,0,False,0
4766,50,Male,16,1,1,0,False,1
4767,18,Male,4,1,1,1,False,1
4768,45,Male,20,1,1,0,False,1
4769,18,Male,0,1,1,1,False,1
4770,25,Male,6,1,1,1,False,1
4771,18,Male,16,1,1,0,False,1
4772,25,Male,3,1,1,1,False,1
4773,25,Male,17,1,1,1,False,1
4774,1,Male,0,0,0,0,False,0
4775,25,Male,16,0,0,1,False,0
4776,18,Male,12,1,1,1,False,1
4777,35,Male,1,1,1,1,False,1
4778,45,Male,13,1,1,0,False,1
4779,35,Male,20,1,1,1,False,1
4780,45,Male,15,1,1,0,False,1
4781,18,Female,2,1,1,0,False,1
4782,25,Female,4,1,1,1,False,1
4783,45,Male,8,1,1,1,False,1
4784,35,Male,14,1,1,1,False,1
4785,35,Male,1,1,1,0,False,1
4786,35,Male,2,1,1,0,False,1
4787,50,Male,7,1,1,1,False,1
4788,25,Male,4,1,1,0,False,1
4789,35,Male,15,1,1,1,False,1
4790,25,Male,19,1,1,0,False,1
4791,35,Female,12,1,0,1,True,0
4792,35,Female,16,1,1,1,False,1
4793,25,Male,20,0,0,1,False,0
4794,50,Male,0,1,1,1,False,1
4795,25,Female,20,1,1,0,False,1
4796,45,Male,8,1,1,1,False,1
4797,35,Male,20,0,0,1,False,0
4798,25,Male,0,1,1,0,False,1
4799,25,Male,18,0,0,0,False,0
4800,35,Female,16,1,0,1,True,0
4801,25,Male,0,1,1,0,False,1
4802,25,Male,17,1,1,1,False,1
4803,35,Female,0,1,1,0,False,1
4804,18,Male,4,0,0,0,False,0
4805,25,Male,14,1,1,1,False,1
4806,25,Female,9,1,1,0,False,1
4807,35,Female,0,1,1,1,False,1
4808,25,Male,11,1,1,0,False,1
4809,25,Male,4,1,1,1,False,1
4810,45,Male,11,1,1,0,False,1
4811,35,Male,20,1,1,1,False,1
4812,45,Male,20,0,1,0,True,1
4813,25,Male,0,1,1,0,False,1
4814,35,Female,1,1,1,0,False,1
4815,35,Male,7,1,1,0,False,1
4816,18,Male,17,1,1,1,False,1
4817,25,Male,14,1,1,0,False,1
4818,25,Male,2,1,1,0,False,1
4819,25,Male,0,1,1,0,False,1
4820,50,Female,7,1,1,0,False,1
4821,18,Male,4,1,1,1,False,1
4822,18,Male,0,1,1,1,False,1
4823,35,Male,1,0,0,0,False,0
4824,18,Female,2,1,0,0,True,0
4825,18,Female,0,1,1,1,False,1
4826,25,Female,14,1,1,0,False,1
4827,18,Male,0,1,1,1,False,1
4828,18,Male,4,1,1,1,False,1
4829,25,Male,12,0,0,1,False,0
4830,35,Male,0,1,1,1,False,1
4831,25,Male,7,1,1,0,False,1
4832,18,Male,0,1,1,1,False,1
4833,35,Male,1,0,0,0,False,0
4834,35,Male,18,1,1,0,False,1
4835,45,Male,8,1,1,1,False,1
4836,25,Male,14,1,1,1,False,1
4837,25,Male,15,1,1,0,False,1
4838,25,Male,0,1,1,1,False,1
4839,25,Male,7,1,1,1,False,1
4840,35,Male,3,1,1,0,False,1
4841,25,Male,5,1,1,1,False,1
4842,25,Male,2,1,1,0,False,1
4843,35,Male,20,0,0,1,False,0
4844,25,Male,1,1,1,1,False,1
4845,25,Male,16,0,0,1,False,0
4846,25,Male,3,1,1,1,False,1
4847,1,Female,10,0,0,0,False,0
4848,25,Female,20,1,1,1,False,1
4849,25,Male,2,1,1,0,False,1
4850,35,Male,17,1,1,1,False,1
4851,25,Male,20,1,1,1,False,1
4852,18,Female,14,1,1,1,False,1
4853,25,Male,17,1,1,1,False,1
4854,18,Male,4,0,1,0,True,1
4855,25,Male,0,1,1,0,False,1
4856,35,Male,18,1,1,0,False,1
4857,56,Male,0,1,1,1,False,1
4858,50,Female,7,1,1,1,False,1
4859,25,Female,9,1,1,1,False,1
4860,50,Female,13,1,1,1,False,1
4861,25,Male,12,1,1,1,False,1
4862,18,Male,0,1,1,1,False,1
4863,25,Male,3,1,1,1,False,1
4864,35,Male,20,0,0,0,False,0
4865,18,Male,4,1,1,1,False,1
4866,25,Male,17,1,1,0,False,1
4867,25,Female,7,1,1,0,False,1
4868,18,Male,12,1,1,0,False,1
4869,18,Male,1,0,0,1,False,0
4870,25,Female,5,1,1,1,False,1
4871,18,Male,0,1,1,1,False,1
4872,50,Female,6,1,1,1,False,1
4873,18,Male,12,1,1,0,False,1
4874,25,Female,4,1,1,1,False,1
4875,45,Male,18,1,1,0,False,1
4876,35,Male,7,1,1,0,False,1
4877,25,Female,0,1,1,1,False,1
4878,1,Female,1,0,0,1,False,0
4879,25,Male,17,1,1,1,False,1
4880,45,Male,8,0,0,1,False,0
4881,25,Male,12,1,1,1,False,1
4882,18,Female,4,0,0,0,False,0
4883,35,Male,7,1,1,0,False,1
4884,18,Male,6,1,1,0,False,1
4885,25,Female,6,1,1,0,False,1
4886,18,Female,11,1,1,1,False,1
4887,50,Male,6,1,1,1,False,1
4888,25,Male,6,1,1,1,False,1
4889,50,Male,13,1,1,1,False,1
4890,45,Male,7,0,1,0,True,1
4891,18,Male,10,1,1,1,False,1
4892,18,Male,12,1,1,0,False,1
4893,18,Female,4,1,1,1,False,1
4894,35,Male,7,1,1,1,False,1
4895,25,Female,0,1,1,0,False,1
4896,25,Male,19,0,0,1,False,0
4897,35,Male,7,1,1,0,False,1
4898,50,Male,16,0,0,0,False,0
4899,50,Male,20,1,1,0,False,1
4900,45,Male,18,1,1,1,False,1
4901,50,Male,12,1,1,1,False,1
4902,25,Male,1,0,0,1,False,0
4903,25,Female,14,1,1,0,False,1
4904,35,Male,5,1,1,1,False,1
4905,35,Male,5,1,1,1,False,1
4906,25,Female,2,1,1,1,False,1
4907,25,Female,14,1,1,0,False,1
4908,25,Female,7,1,1,0,False,1
4909,18,Male,0,0,1,1,True,1
4910,25,Female,20,1,1,1,False,1
4911,25,Male,14,1,1,0,False,1
4912,45,Female,0,1,1,0,False,1
4913,25,Male,17,1,1,0,False,1
4914,35,Female,6,1,1,1,False,1
4915,35,Male,12,1,1,1,False,1
4916,56,Male,1,1,1,0,False,1
4917,35,Male,6,1,1,1,False,1
4918,35,Female,5,1,1,1,False,1
4919,50,Male,17,1,1,1,False,1
4920,25,Female,1,1,1,0,False,1
4921,25,Male,0,1,1,0,False,1
4922,35,Male,7,1,1,0,False,1
4923,25,Female,3,1,1,1,False,1
4924,45,Male,7,1,1,1,False,1
4925,25,Male,7,0,0,0,False,0
4926,35,Male,17,0,0,0,False,0
4927,25,Female,3,1,1,1,False,1
4928,25,Female,19,0,0,1,False,0
4929,25,Male,5,0,1,1,True,1
4930,25,Male,0,1,1,1,False,1
4931,18,Male,4,1,1,1,False,1
4932,25,Male,0,1,1,0,False,1
4933,18,Male,16,1,1,1,False,1
4934,25,Male,1,1,1,1,False,1
4935,18,Male,18,1,1,0,False,1
4936,35,Male,7,0,0,1,False,0
4937,50,Male,0,1,1,0,False,1
4938,35,Male,3,1,1,1,False,1
4939,25,Male,5,1,1,1,False,1
4940,25,Male,4,1,1,1,False,1
4941,25,Male,0,1,1,1,False,1
4942,35,Male,13,1,1,0,False,1
4943,18,Male,4,1,1,1,False,1
4944,18,Male,4,1,1,1,False,1
4945,35,Male,14,1,1,0,False,1
4946,18,Female,4,1,1,0,False,1
4947,25,Male,0,1,1,1,False,1
4948,35,Female,1,1,1,0,False,1
4949,18,Male,4,1,1,1,False,1
4950,25,Male,7,1,1,1,False,1
4951,1,Female,19,0,0,1,False,0
4952,25,Male,4,1,1,0,False,1
4953,25,Male,12,1,1,0,False,1
4954,25,Male,17,1,1,0,False,1
4955,25,Male,6,1,1,1,False,1
4956,25,Male,3,0,0,0,False,0
4957,18,Female,2,1,1,0,False,1
4958,25,Male,0,1,1,0,False,1
4959,25,Male,7,1,1,0,False,1
4960,56,Male,1,1,1,1,False,1
4961,56,Male,15,1,1,1,False,1
4962,18,Female,17,1,1,1,False,1
4963,18,Male,18,0,1,1,True,1
4964,35,Female,1,1,1,1,False,1
4965,25,Male,3,1,1,0,False,1
4966,25,Male,12,1,1,0,False,1
4967,25,Female,19,1,1,0,False,1
4968,18,Male,0,1,1,1,False,1
4969,25,Male,7,1,1,0,False,1
4970,18,Male,0,1,1,1,False,1
4971,25,Male,3,1,1,0,False,1
4972,25,Male,11,1,1,1,False,1
4973,50,Male,1,1,1,0,False,1
4974,25,Male,15,1,1,1,False,1
4975,25,Female,0,1,1,1,False,1
4976,25,Male,20,1,1,0,False,1
4977,45,Male,2,0,0,1,False,0
4978,25,Male,12,1,1,1,False,1
4979,50,Female,7,1,1,1,False,1
4980,45,Female,0,1,1,1,False,1
4981,25,Female,7,1,1,0,False,1
4982,45,Male,20,1,1,1,False,1
4983,45,Female,1,1,1,0,False,1
4984,35,Male,2,1,1,0,False,1
4985,35,Male,7,0,1,0,True,1
4986,25,Female,16,1,1,0,False,1
4987,18,Male,12,1,1,0,False,1
4988,35,Male,20,1,1,0,False,1
4989,35,Male,13,0,0,1,False,0
4990,25,Male,15,1,1,0,False,1
4991,25,Male,4,1,1,0,False,1
4992,45,Female,17,0,0,1,False,0
4993,18,Male,20,1,1,1,False,1
4994,25,Male,8,1,1,0,False,1
4995,25,Male,7,1,1,0,False,1
4996,18,Male,20,1,1,0,False,1
4997,35,Male,16,0,1,0,True,1
4998,1,Female,10,1,1,1,False,1
4999,45,Male,6,1,1,0,False,1
5000,18,Male,6,1,1,0,False,1
5001,25,Male,0,1,1,1,False,1
5002,25,Female,0,1,1,1,False,1
5003,18,Male,12,1,1,1,False,1
5004,25,Male,16,1,1,1,False,1
5005,35,Female,9,1,1,1,False,1
5006,35,Male,0,1,1,1,False,1
5007,25,Female,14,1,1,0,False,1
5008,35,Male,3,1,1,1,False,1
5009,18,Male,14,1,1,1,False,1
5010,35,Female,7,1,0,1,True,0
5011,25,Male,0,1,1,1,False,1
5012,45,Male,2,1,1,0,False,1
5013,18,Male,16,0,0,0,False,0
5014,35,Male,2,1,1,1,False,1
5015,25,Male,4,0,0,1,False,0
5016,25,Male,2,0,0,1,False,0
5017,35,Male,7,1,1,1,False,1
5018,1,Female,10,1,1,1,False,1
5019,25,Male,12,1,1,1,False,1
5020,56,Male,7,1,1,1,False,1
5021,45,Male,12,1,1,1,False,1
5022,18,Male,4,1,1,1,False,1
5023,45,Male,1,1,1,1,False,1
5024,25,Male,4,0,1,0,True,1
5025,25,Male,2,1,1,0,False,1
5026,25,Male,4,1,1,0,False,1
5027,35,Male,1,0,0,0,False,0
5028,35,Male,0,1,1,1,False,1
5029,50,Male,1,1,1,1,False,1
5030,18,Male,4,1,1,0,False,1
5031,18,Female,4,1,1,1,False,1
5032,25,Male,17,1,1,1,False,1
5033,35,Female,0,1,1,1,False,1
5034,18,Female,4,1,1,1,False,1
5035,25,Male,20,0,0,1,False,0
5036,25,Male,0,0,0,0,False,0
5037,50,Male,7,1,1,1,False,1
5038,35,Male,20,1,1,0,False,1
5039,56,Male,2,1,1,1,False,1
5040,25,Male,0,1,1,1,False,1
5041,35,Male,16,1,1,0,False,1
5042,18,Male,0,0,1,1,True,1
5043,45,Male,18,1,1,0,False,1
5044,35,Male,0,0,0,0,False,0
5045,25,Male,17,0,1,0,True,1
5046,50,Male,0,1,1,1,False,1
5047,25,Male,4,1,1,0,False,1
5048,35,Male,17,1,1,1,False,1
5049,25,Female,3,0,0,0,False,0
5050,35,Male,3,0,0,1,False,0
5051,35,Male,1,1,1,0,False,1
5052,25,Male,17,1,1,0,False,1
5053,18,Male,4,1,1,0,False,1
5054,45,Female,20,0,0,0,False,0
5055,25,Male,4,1,1,0,False,1
5056,18,Female,4,1,1,0,False,1
5057,45,Male,17,1,1,1,False,1
5058,35,Male,4,1,1,0,False,1
5059,50,Male,0,1,1,0,False,1
5060,18,Male,3,1,1,0,False,1
5061,35,Male,15,1,1,0,False,1
5062,18,Male,16,1,1,1,False,1
5063,25,Male,7,1,1,0,False,1
5064,18,Male,4,1,1,1,False,1
5065,25,Male,1,0,0,1,False,0
5066,25,Male,4,1,1,0,False,1
5067,50,Male,0,1,1,1,False,1
5068,50,Male,20,1,1,1,False,1
5069,25,Male,0,0,0,1,False,0
5070,25,Male,12,1,1,1,False,1
5071,18,Male,17,1,1,1,False,1
5072,45,Male,16,1,1,1,False,1
5073,25,Male,0,1,1,0,False,1
5074,25,Male,0,1,1,1,False,1
5075,18,Female,4,1,1,1,False,1
5076,25,Male,15,1,1,1,False,1
5077,25,Male,12,1,1,1,False,1
5078,18,Male,0,1,1,0,False,1
5079,35,Male,17,1,1,1,False,1
5080,25,Male,4,1,1,0,False,1
5081,25,Female,14,1,1,1,False,1
5082,18,Male,14,0,0,0,False,0
5083,25,Female,7,1,1,1,False,1
5084,25,Male,2,0,0,0,False,0
5085,25,Male,7,1,1,1,False,1
5086,25,Male,6,1,1,1,False,1
5087,25,Male,7,1,1,1,False,1
5088,18,Female,16,1,1,1,False,1
5089,50,Male,11,1,1,0,False,1
5090,45,Female,0,1,1,0,False,1
5091,35,Male,17,1,1,1,False,1
5092,45,Female,0,1,1,0,False,1
5093,25,Male,0,1,1,1,False,1
5094,25,Male,17,0,1,0,True,1
5095,18,Male,0,1,1,1,False,1
5096,18,Female,9,1,1,1,False,1
5097,25,Male,7,1,1,0,False,1
5098,18,Female,4,1,1,1,False,1
5099,35,Female,1,1,1,0,False,1
5100,35,Male,7,1,1,1,False,1
5101,25,Male,14,1,1,1,False,1
5102,45,Male,7,1,1,0,False,1
5103,25,Male,0,1,1,0,False,1
5104,35,Male,10,1,1,0,False,1
5105,45,Male,17,1,1,1,False,1
5106,50,Male,17,1,1,1,False,1
5107,35,Male,5,1,1,1,False,1
5108,35,Male,17,1,1,0,False,1
5109,25,Male,20,0,1,1,True,1
5110,18,Male,2,1,1,1,False,1
5111,50,Female,6,1,1,0,False,1
5112,18,Male,4,0,0,0,False,0
5113,35,Male,12,1,1,0,False,1
5114,25,Male,6,1,1,1,False,1
5115,45,Male,1,1,1,0,False,1
5116,1,Female,10,1,1,1,False,1
5117,35,Male,6,1,1,1,False,1
5118,18,Female,4,1,1,1,False,1
5119,1,Male,10,0,0,0,False,0
5120,35,Male,7,1,1,0,False,1
5121,35,Male,7,1,1,0,False,1
5122,25,Female,1,1,1,0,False,1
5123,25,Male,0,1,1,0,False,1
5124,35,Female,2,1,1,0,False,1
5125,25,Male,0,1,1,0,False,1
5126,25,Female,12,1,1,0,False,1
5127,56,Female,11,1,1,1,False,1
5128,45,Male,0,0,0,1,False,0
5129,18,Male,4,1,1,1,False,1
5130,18,Male,4,1,1,1,False,1
5131,18,Male,4,0,1,1,True,1
5132,35,Male,11,1,1,0,False,1
5133,25,Male,6,1,1,0,False,1
5134,25,Male,0,1,1,0,False,1
5135,50,Male,17,1,1,0,False,1
5136,45,Male,2,1,1,1,False,1
5137,25,Male,16,1,1,1,False,1
5138,45,Female,20,1,1,1,False,1
5139,35,Male,16,1,1,0,False,1
5140,50,Male,0,1,1,0,False,1
5141,25,Female,7,1,1,1,False,1
5142,25,Male,4,0,0,0,False,0
5143,35,Male,1,1,1,1,False,1
5144,35,Male,16,1,1,1,False,1
5145,25,Male,17,1,1,0,False,1
5146,25,Male,7,1,1,1,False,1
5147,18,Male,10,1,1,1,False,1
5148,25,Male,4,1,1,0,False,1
5149,18,Male,4,1,1,0,False,1
5150,35,Male,1,1,1,1,False,1
5151,25,Male,12,1,1,1,False,1
5152,25,Male,17,1,1,1,False,1
5153,25,Male,0,1,1,0,False,1
5154,35,Male,6,1,1,1,False,1
5155,18,Male,0,1,1,0,False,1
5156,25,Male,15,1,1,1,False,1
5157,35,Female,2,1,1,1,False,1
5158,18,Male,17,1,1,1,False,1
5159,18,Female,4,0,0,1,False,0
5160,56,Female,16,1,1,0,False,1
5161,18,Male,20,1,1,1,False,1
5162,56,Female,0,1,1,1,False,1
5163,25,Male,4,1,1,0,False,1
5164,35,Female,0,1,1,1,False,1
5165,35,Male,0,1,1,0,False,1
5166,18,Male,5,1,1,1,False,1
5167,1,Female,0,0,0,0,False,0
5168,25,Male,0,1,1,0,False,1
5169,25,Male,7,1,1,0,False,1
5170,1,Male,4,1,1,1,False,1
5171,45,Female,20,1,1,1,False,1
5172,45,Male,11,1,1,1,False,1
5173,25,Female,4,1,1,1,False,1
5174,18,Male,4,1,1,0,False,1
5175,25,Male,7,1,1,1,False,1
5176,25,Male,0,0,0,0,False,0
5177,25,Male,16,1,1,1,False,1
5178,18,Female,1,1,1,0,False,1
5179,18,Male,4,1,1,0,False,1
5180,1,Male,10,1,1,0,False,1
5181,45,Male,5,1,1,0,False,1
5182,35,Male,17,1,1,0,False,1
5183,45,Male,6,0,0,1,False,0
5184,45,Female,0,1,1,0,False,1
5185,25,Male,20,0,0,0,False,0
5186,45,Male,2,1,1,0,False,1
5187,18,Female,4,1,1,1,False,1
5188,35,Male,16,1,1,1,False,1
5189,35,Male,7,1,1,1,False,1
5190,25,Male,0,0,1,0,True,1
5191,25,Male,4,1,1,1,False,1
5192,50,Male,16,1,1,0,False,1
5193,50,Male,1,1,1,1,False,1
5194,18,Male,18,0,0,1,False,0
5195,25,Male,17,1,1,1,False,1
5196,25,Male,12,0,1,0,True,1
5197,18,Male,4,1,1,1,False,1
5198,45,Female,0,1,1,0,False,1
5199,1,Female,2,0,0,0,False,0
5200,50,Male,14,1,1,1,False,1
5201,50,Male,1,1,1,0,False,1
5202,35,Male,14,1,1,1,False,1
5203,25,Male,4,1,1,1,False,1
5204,25,Male,12,1,1,0,False,1
5205,50,Male,1,1,1,1,False,1
5206,25,Male,4,1,1,1,False,1
5207,25,Female,0,1,1,0,False,1
5208,50,Male,1,1,1,0,False,1
5209,35,Male,1,1,1,1,False,1
5210,50,Female,2,1,1,1,False,1
5211,35,Male,12,1,1,1,False,1
5212,50,Female,1,1,1,0,False,1
5213,25,Male,12,1,1,0,False,1
5214,25,Male,12,1,1,0,False,1
5215,18,Male,20,1,1,0,False,1
5216,18,Female,4,1,1,1,False,1
5217,35,Female,17,1,1,1,False,1
5218,18,Female,4,1,1,0,False,1
5219,25,Male,3,1,1,0,False,1
5220,25,Male,5,1,1,1,False,1
5221,25,Male,20,1,1,0,False,1
5222,56,Male,17,1,1,1,False,1
5223,56,Female,12,1,1,1,False,1
5224,25,Female,6,1,1,0,False,1
5225,25,Male,17,1,1,1,False,1
5226,25,Male,6,1,1,0,False,1
5227,25,Male,1,0,1,1,True,1
5228,35,Male,1,1,1,0,False,1
5229,35,Male,7,1,1,0,False,1
5230,35,Male,14,1,1,0,False,1
5231,18,Male,16,0,0,1,False,0
5232,25,Male,12,1,1,1,False,1
5233,56,Male,16,1,1,1,False,1
5234,25,Female,3,0,0,0,False,0
5235,50,Female,9,1,1,1,False,1
5236,35,Female,1,1,1,1,False,1
5237,25,Male,15,1,1,0,False,1
5238,45,Male,15,1,1,1,False,1
5239,25,Male,4,1,1,0,False,1
5240,50,Male,0,1,1,1,False,1
5241,25,Male,6,1,1,0,False,1
5242,35,Female,14,1,1,0,False,1
5243,50,Male,13,1,1,0,False,1
5244,35,Female,0,1,1,0,False,1
5245,18,Male,4,1,1,1,False,1
5246,25,Male,5,1,1,0,False,1
5247,18,Female,6,1,1,0,False,1
5248,18,Male,0,1,1,0,False,1
5249,25,Female,0,1,1,1,False,1
5250,50,Female,16,1,1,1,False,1
5251,45,Male,16,1,1,0,False,1
5252,35,Male,12,1,1,0,False,1
5253,25,Male,3,1,1,0,False,1
5254,18,Female,4,1,1,0,False,1
5255,25,Male,1,0,0,1,False,0
5256,25,Male,0,1,1,1,False,1
5257,18,Male,4,1,1,0,False,1
5258,25,Male,0,1,1,1,False,1
5259,18,Male,4,1,1,1,False,1
5260,45,Male,11,1,1,0,False,1
5261,35,Male,14,1,1,1,False,1
5262,18,Female,9,1,1,1,False,1
5263,18,Male,5,0,0,0,False,0
5264,25,Male,18,1,1,0,False,1
5265,35,Male,1,1,1,1,False,1
5266,56,Male,20,1,1,0,False,1
5267,25,Male,14,0,0,1,False,0
5268,18,Male,4,1,1,1,False,1
5269,1,Male,19,0,0,0,False,0
5270,1,Male,0,1,1,1,False,1
5271,56,Male,13,1,1,1,False,1
5272,50,Female,16,1,1,1,False,1
5273,18,Male,6,1,1,0,False,1
5274,25,Male,12,1,1,0,False,1
5275,25,Female,1,1,1,1,False,1
5276,25,Female,0,1,1,1,False,1
5277,50,Male,5,1,1,1,False,1
5278,35,Female,0,1,1,1,False,1
5279,35,Male,7,0,0,1,False,0
5280,35,Female,9,1,1,0,False,1
5281,18,Male,0,0,0,0,False,0
5282,25,Male,1,1,1,1,False,1
5283,35,Female,16,1,1,1,False,1
5284,25,Male,20,1,1,1,False,1
5285,35,Male,0,0,0,0,False,0
5286,18,Male,17,1,1,0,False,1
5287,25,Male,14,1,1,1,False,1
5288,56,Male,7,0,0,0,False,0
5289,50,Male,0,1,1,0,False,1
5290,35,Female,1,1,1,1,False,1
5291,25,Male,5,1,1,1,False,1
5292,45,Male,18,1,1,1,False,1
5293,25,Male,0,1,1,0,False,1
5294,35,Male,7,1,1,1,False,1
5295,25,Female,14,1,0,1,True,0
5296,25,Male,2,1,1,0,False,1
5297,18,Male,4,1,1,1,False,1
5298,50,Male,17,1,1,1,False,1
5299,25,Male,16,1,1,0,False,1
5300,25,Female,4,1,1,1,False,1
5301,45,Male,17,1,1,1,False,1
5302,25,Female,14,1,1,0,False,1
5303,25,Male,14,1,1,0,False,1
5304,25,Male,16,1,1,1,False,1
5305,45,Female,1,1,1,0,False,1
5306,25,Male,17,0,0,1,False,0
5307,25,Female,18,0,0,1,False,0
5308,35,Female,0,1,1,0,False,1
5309,25,Male,15,1,1,1,False,1
5310,25,Male,12,1,1,0,False,1
5311,25,Male,6,1,1,0,False,1
5312,1,Female,10,1,1,1,False,1
5313,50,Female,20,1,1,0,False,1
5314,25,Male,1,1,1,1,False,1
5315,25,Male,2,1,1,1,False,1
5316,35,Female,17,1,1,1,False,1
5317,25,Male,7,1,1,0,False,1
5318,25,Male,0,0,0,0,False,0
5319,35,Male,1,1,1,0,False,1
5320,35,Male,15,1,1,0,False,1
5321,25,Male,4,1,1,0,False,1
5322,45,Male,7,0,0,0,False,0
5323,35,Male,0,1,1,1,False,1
5324,1,Male,10,1,1,1,False,1
5325,25,Male,4,1,1,0,False,1
5326,25,Male,3,0,1,0,True,1
5327,35,Male,17,1,1,1,False,1
5328,50,Male,17,1,1,1,False,1
5329,18,Male,4,1,1,1,False,1
5330,25,Male,1,0,0,0,False,0
5331,25,Male,4,1,1,1,False,1
5332,25,Female,20,1,1,1,False,1
5333,45,Male,11,1,1,0,False,1
5334,45,Male,15,1,1,1,False,1
5335,25,Male,7,1,1,0,False,1
5336,18,Male,4,1,1,1,False,1
5337,18,Male,4,0,1,0,True,1
5338,56,Female,16,1,1,1,False,1
5339,18,Male,18,1,1,1,False,1
5340,25,Male,0,1,1,1,False,1
5341,25,Male,5,1,1,1,False,1
5342,35,Male,7,1,1,0,False,1
5343,56,Male,1,1,1,1,False,1
5344,25,Male,12,0,0,0,False,0
5345,45,Male,0,1,1,1,False,1
5346,25,Male,0,1,1,0,False,1
5347,35,Male,7,1,1,1,False,1
5348,35,Male,0,1,1,1,False,1
5349,35,Female,9,1,1,1,False,1
5350,18,Male,1,1,1,1,False,1
5351,50,Female,16,1,1,1,False,1
5352,25,Female,0,1,1,1,False,1
5353,35,Female,7,1,1,1,False,1
5354,18,Male,4,0,0,0,False,0
5355,25,Female,0,1,1,0,False,1
5356,25,Female,14,1,1,0,False,1
5357,56,Female,3,1,1,0,False,1
5358,18,Male,20,1,1,1,False,1
5359,25,Male,6,1,1,1,False,1
5360,35,Male,0,0,0,1,False,0
5361,35,Male,0,1,1,1,False,1
5362,1,Female,10,1,1,0,False,1
5363,25,Male,19,1,1,0,False,1
5364,25,Female,17,1,1,1,False,1
5365,25,Male,14,0,1,1,True,1
5366,25,Male,17,1,1,1,False,1
5367,25,Male,12,1,1,1,False,1
5368,35,Male,7,1,1,1,False,1
5369,25,Male,1,1,1,1,False,1
5370,56,Female,2,1,1,1,False,1
5371,45,Male,0,0,0,1,False,0
5372,18,Male,12,0,0,1,False,0
5373,35,Male,0,1,1,1,False,1
5374,25,Male,3,1,1,1,False,1
5375,45,Female,0,1,1,0,False,1
5376,25,Male,0,1,1,1,False,1
5377,50,Female,20,1,1,1,False,1
5378,35,Male,0,1,1,0,False,1
5379,35,Female,9,1,1,1,False,1
5380,18,Male,7,1,1,1,False,1
5381,18,Male,4,1,1,1,False,1
5382,18,Male,17,1,1,1,False,1
5383,25,Female,0,0,0,1,False,0
5384,18,Male,4,0,0,0,False,0
5385,45,Male,1,1,1,0,False,1
5386,18,Male,4,1,1,1,False,1
5387,25,Female,9,1,1,1,False,1
5388,25,Male,6,0,1,0,True,1
5389,45,Male,1,1,1,1,False,1
5390,45,Female,20,1,1,1,False,1
5391,18,Female,20,0,0,0,False,0
5392,45,Male,7,1,1,1,False,1
5393,18,Male,4,1,1,0,False,1
5394,25,Male,19,0,0,1,False,0
5395,18,Male,20,0,0,0,False,0
5396,25,Male,4,1,1,1,False,1
5397,25,Female,14,1,1,1,False,1
5398,18,Male,14,1,1,1,False,1
5399,35,Male,17,1,1,1,False,1
5400,25,Female,1,0,0,0,False,0
5401,25,Male,20,1,1,1,False,1
5402,25,Male,0,1,1,1,False,1
5403,25,Male,15,1,1,1,False,1
5404,50,Male,0,1,1,1,False,1
5405,56,Male,3,1,1,1,False,1
5406,25,Female,14,1,1,1,False,1
5407,25,Male,7,1,1,0,False,1
5408,25,Male,7,1,1,0,False,1
5409,18,Male,4,0,0,1,False,0
5410,25,Male,20,1,1,0,False,1
5411,18,Male,0,0,0,1,False,0
5412,25,Male,2,1,1,1,False,1
5413,18,Male,4,1,1,1,False,1
5414,18,Male,7,0,0,1,False,0
5415,25,Male,7,0,0,1,False,0
5416,56,Male,13,1,1,1,False,1
5417,25,Female,0,1,1,1,False,1
5418,50,Female,6,1,1,0,False,1
5419,25,Female,17,1,1,1,False,1
5420,25,Male,4,1,1,1,False,1
5421,45,Male,17,1,1,1,False,1
5422,25,Female,2,1,1,0,False,1
5423,18,Male,4,1,1,1,False,1
5424,25,Male,5,1,1,0,False,1
5425,1,Female,0,1,1,1,False,1
5426,45,Male,13,1,1,1,False,1
5427,18,Male,4,1,1,1,False,1
5428,35,Male,11,1,1,1,False,1
5429,35,Female,2,1,1,1,False,1
5430,50,Male,7,1,1,1,False,1
5431,18,Male,4,1,1,0,False,1
5432,56,Male,16,1,1,1,False,1
5433,25,Male,0,1,1,1,False,1
5434,18,Male,4,1,1,1,False,1
5435,25,Male,0,1,1,1,False,1
5436,35,Male,2,1,1,1,False,1
5437,25,Male,3,1,1,0,False,1
5438,18,Male,15,1,1,1,False,1
5439,25,Male,20,1,1,1,False,1
5440,18,Male,12,1,1,1,False,1
5441,25,Male,1,1,1,1,False,1
5442,25,Male,0,1,1,1,False,1
5443,25,Male,6,1,1,1,False,1
5444,1,Male,10,1,1,1,False,1
5445,25,Female,7,1,1,1,False,1
5446,45,Female,17,1,1,1,False,1
5447,25,Male,17,1,1,0,False,1
5448,50,Male,6,1,1,1,False,1
5449,35,Male,12,1,1,1,False,1
5450,25,Male,16,1,1,0,False,1
5451,45,Male,0,1,1,0,False,1
5452,25,Female,0,1,1,1,False,1
5453,25,Male,12,1,1,0,False,1
5454,56,Male,13,1,1,1,False,1
5455,25,Male,0,0,0,0,False,0
5456,35,Female,3,1,1,0,False,1
5457,56,Male,1,0,0,0,False,0
5458,50,Male,7,1,1,0,False,1
5459,25,Female,0,1,1,1,False,1
5460,50,Female,6,1,1,0,False,1
5461,45,Male,1,1,1,1,False,1
5462,18,Male,6,1,1,1,False,1
5463,35,Female,7,1,1,0,False,1
5464,25,Male,17,1,1,1,False,1
5465,18,Male,12,1,1,1,False,1
5466,18,Male,14,1,1,0,False,1
5467,25,Female,14,1,1,1,False,1
5468,25,Male,7,1,1,0,False,1
5469,18,Male,4,1,1,1,False,1
5470,56,Male,0,1,1,1,False,1
5471,35,Male,1,1,1,1,False,1
5472,45,Male,3,1,1,0,False,1
5473,1,Male,10,1,1,0,False,1
5474,18,Male,14,1,1,0,False,1
5475,18,Male,4,1,1,1,False,1
5476,25,Male,4,0,0,0,False,0
5477,35,Male,7,1,1,1,False,1
5478,25,Male,7,0,0,0,False,0
5479,56,Female,13,1,1,1,False,1
5480,56,Female,13,1,1,1,False,1
5481,25,Male,7,0,0,0,False,0
5482,25,Male,0,1,1,0,False,1
5483,25,Male,14,0,1,1,True,1
5484,25,Male,2,1,1,1,False,1
5485,18,Male,20,0,0,1,False,0
5486,35,Male,0,0,0,0,False,0
5487,25,Female,7,1,1,1,False,1
5488,45,Male,16,1,1,1,False,1
5489,25,Male,4,1,1,0,False,1
5490,25,Male,4,1,1,1,False,1
5491,50,Male,16,1,1,1,False,1
5492,25,Male,0,1,1,1,False,1
5493,35,Male,18,0,0,1,False,0
5494,50,Female,6,1,1,0,False,1
5495,25,Male,14,1,1,1,False,1
5496,45,Female,7,1,1,1,False,1
5497,35,Male,7,1,1,1,False,1
5498,56,Male,7,1,1,1,False,1
5499,25,Male,4,0,0,1,False,0
5500,45,Male,2,1,1,0,False,1
5501,25,Female,2,1,1,1,False,1
5502,35,Male,18,1,1,1,False,1
5503,45,Female,1,1,1,1,False,1
5504,25,Female,0,1,1,0,False,1
5505,18,Male,4,0,1,0,True,1
5506,25,Male,11,1,1,1,False,1
5507,45,Male,5,1,1,0,False,1
5508,25,Male,20,1,1,1,False,1
5509,35,Male,0,1,1,0,False,1
5510,35,Male,2,0,1,0,True,1
5511,35,Male,14,1,1,1,False,1
5512,35,Male,16,1,1,1,False,1
5513,35,Male,17,1,1,1,False,1
5514,18,Male,10,1,1,1,False,1
5515,35,Male,17,1,1,1,False,1
5516,25,Female,3,1,1,0,False,1
5517,35,Female,1,1,1,0,False,1
5518,25,Male,12,1,1,0,False,1
5519,25,Female,0,1,1,1,False,1
5520,25,Male,16,1,1,1,False,1
5521,25,Male,11,1,1,1,False,1
5522,25,Male,4,1,1,0,False,1
5523,35,Male,16,1,1,0,False,1
5524,35,Male,20,0,1,1,True,1
5525,25,Male,14,1,1,1,False,1
5526,25,Male,1,0,0,0,False,0
5527,35,Male,17,1,1,0,False,1
5528,25,Female,17,1,1,0,False,1
5529,25,Female,0,1,1,1,False,1
5530,25,Male,0,1,1,0,False,1
5531,35,Male,6,1,1,1,False,1
5532,35,Male,2,1,1,1,False,1
5533,18,Male,20,1,1,1,False,1
5534,35,Male,4,1,1,1,False,1
5535,25,Male,7,0,1,0,True,1
5536,25,Male,16,1,1,1,False,1
5537,35,Male,7,1,1,0,False,1
5538,35,Female,9,1,1,1,False,1
5539,25,Female,17,0,0,1,False,0
5540,25,Male,17,1,1,1,False,1
5541,35,Male,12,1,1,1,False,1
5542,50,Male,12,1,1,1,False,1
5543,18,Female,4,1,1,0,False,1
5544,25,Male,6,1,1,1,False,1
5545,35,Male,7,1,1,0,False,1
5546,35,Male,5,0,0,1,False,0
5547,18,Male,4,1,1,0,False,1
5548,18,Male,4,1,1,1,False,1
5549,45,Male,1,1,1,1,False,1
5550,25,Female,0,1,1,1,False,1
5551,35,Male,7,1,1,1,False,1
5552,25,Male,17,1,1,1,False,1
5553,18,Female,0,0,0,1,False,0
5554,25,Male,0,1,1,0,False,1
5555,50,Female,1,1,1,1,False,1
5556,45,Male,1,1,1,0,False,1
5557,1,Female,10,1,1,0,False,1
5558,25,Female,2,1,1,1,False,1
5559,18,Male,0,1,1,0,False,1
5560,50,Male,6,1,1,0,False,1
5561,50,Male,20,1,1,0,False,1
5562,25,Male,2,1,1,1,False,1
5563,45,Female,1,1,1,0,False,1
5564,25,Male,15,1,1,1,False,1
5565,1,Male,4,1,1,1,False,1
5566,45,Male,16,1,1,1,False,1
5567,18,Male,4,0,1,1,True,1
5568,35,Male,18,0,0,0,False,0
5569,25,Female,14,1,1,1,False,1
5570,25,Female,7,1,1,1,False,1
5571,25,Male,6,1,1,1,False,1
5572,25,Male,0,1,1,1,False,1
5573,35,Female,3,1,1,0,False,1
5574,18,Male,0,0,1,0,True,1
5575,35,Male,7,1,1,0,False,1
5576,35,Male,7,0,0,0,False,0
5577,25,Male,17,0,0,0,False,0
5578,18,Male,4,0,1,1,True,1
5579,18,Female,6,1,1,1,False,1
5580,35,Male,17,1,1,1,False,1
5581,35,Male,7,1,1,0,False,1
5582,56,Male,16,0,0,1,False,0
5583,45,Male,7,1,1,0,False,1
5584,25,Male,2,0,0,0,False,0
5585,18,Male,4,1,1,1,False,1
5586,18,Female,4,1,1,0,False,1
5587,25,Male,1,1,1,0,False,1
5588,25,Male,0,1,1,1,False,1
5589,45,Male,7,1,1,1,False,1
5590,18,Male,7,1,1,1,False,1
5591,50,Male,0,1,1,0,False,1
5592,25,Male,5,1,1,1,False,1
5593,50,Male,7,1,1,1,False,1
5594,25,Male,17,1,1,0,False,1
5595,50,Male,16,1,1,1,False,1
5596,25,Male,20,0,0,1,False,0
5597,50,Male,16,1,1,1,False,1
5598,18,Male,0,0,0,1,False,0
5599,18,Female,4,1,1,0,False,1
5600,56,Male,18,1,1,0,False,1
5601,45,Male,0,1,1,0,False,1
5602,25,Female,0,1,1,1,False,1
5603,35,Male,20,1,1,0,False,1
5604,35,Female,19,0,0,0,False,0
5605,25,Male,12,1,1,0,False,1
5606,25,Male,18,1,1,1,False,1
5607,45,Male,17,1,1,1,False,1
5608,18,Male,20,0,0,0,False,0
5609,35,Female,7,1,1,1,False,1
5610,25,Male,2,1,1,0,False,1
5611,50,Female,2,1,1,1,False,1
5612,35,Male,0,1,1,1,False,1
5613,35,Male,0,0,1,0,True,1
5614,25,Male,14,1,1,0,False,1
5615,25,Male,20,0,1,0,True,1
5616,25,Male,20,0,0,1,False,0
5617,18,Female,15,1,1,0,False,1
5618,25,Male,12,0,0,1,False,0
5619,25,Male,7,0,0,0,False,0
5620,50,Male,7,1,1,1,False,1
5621,35,Male,7,1,1,0,False,1
5622,45,Male,20,0,0,0,False,0
5623,25,Male,2,1,1,1,False,1
5624,45,Male,7,1,1,1,False,1
5625,25,Male,0,0,1,0,True,1
5626,35,Male,12,1,1,0,False,1
5627,18,Female,1,1,1,1,False,1
5628,56,Male,6,1,1,0,False,1
5629,35,Female,0,1,0,1,True,0
5630,25,Male,7,0,0,1,False,0
5631,18,Male,14,1,1,1,False,1
5632,35,Male,15,1,1,1,False,1
5633,35,Male,12,1,1,1,False,1
5634,25,Male,6,1,1,1,False,1
5635,35,Male,1,1,1,0,False,1
5636,25,Male,14,1,1,1,False,1
5637,25,Male,5,1,1,1,False,1
5638,25,Male,20,1,1,0,False,1
5639,25,Female,1,1,1,1,False,1
5640,35,Male,14,1,1,1,False,1
5641,35,Male,7,1,1,1,False,1
5642,25,Female,7,1,1,1,False,1
5643,18,Male,0,0,0,0,False,0
5644,50,Male,14,1,1,0,False,1
5645,18,Female,0,1,0,1,True,0
5646,35,Female,3,1,1,1,False,1
5647,18,Male,4,1,1,0,False,1
5648,25,Male,5,1,1,1,False,1
5649,25,Female,7,1,1,1,False,1
5650,18,Male,0,0,1,1,True,1
5651,25,Male,11,1,1,0,False,1
5652,35,Male,14,1,1,1,False,1
5653,35,Male,1,0,0,0,False,0
5654,35,Male,17,1,1,1,False,1
5655,18,Male,4,1,1,1,False,1
5656,18,Female,1,1,1,0,False,1
5657,35,Male,7,0,1,0,True,1
5658,25,Female,14,1,1,0,False,1
5659,35,Male,2,1,1,1,False,1
5660,25,Male,18,1,1,1,False,1
5661,18,Male,0,0,0,1,False,0
5662,45,Male,12,1,1,0,False,1
5663,25,Male,15,1,1,1,False,1
5664,18,Male,19,0,1,1,True,1
5665,25,Female,14,1,1,0,False,1
5666,35,Male,16,1,1,1,False,1
5667,18,Male,18,0,0,0,False,0
5668,35,Male,7,1,1,1,False,1
5669,45,Female,12,1,1,1,False,1
5670,25,Male,7,1,1,0,False,1
5671,35,Male,5,1,1,1,False,1
5672,45,Male,12,1,1,1,False,1
5673,18,Male,12,1,1,0,False,1
5674,25,Male,20,0,0,0,False,0
5675,1,Female,10,1,1,1,False,1
5676,18,Male,4,1,1,0,False,1
5677,25,Male,17,1,1,0,False,1
5678,56,Male,17,1,1,0,False,1
5679,25,Male,2,1,1,0,False,1
5680,45,Male,8,1,1,1,False,1
5681,25,Male,1,1,1,0,False,1
5682,35,Female,6,1,1,1,False,1
5683,18,Female,4,1,1,0,False,1
5684,25,Male,20,1,1,0,False,1
5685,18,Male,14,1,1,1,False,1
5686,35,Male,0,1,1,0,False,1
5687,45,Female,2,1,1,1,False,1
5688,56,Male,6,1,1,1,False,1
5689,1,Female,0,1,1,1,False,1
5690,25,Male,20,1,1,1,False,1
5691,50,Male,7,1,1,0,False,1
5692,18,Male,20,0,0,0,False,0
5693,18,Male,4,1,1,1,False,1
5694,25,Female,0,1,0,1,True,0
5695,18,Female,4,0,0,0,False,0
5696,56,Male,0,1,1,1,False,1
5697,35,Male,5,0,0,0,False,0
5698,25,Male,0,1,1,1,False,1
5699,56,Male,1,1,1,0,False,1
5700,25,Female,14,1,1,1,False,1
5701,25,Male,0,0,0,1,False,0
5702,25,Male,4,1,1,0,False,1
5703,18,Male,4,1,1,0,False,1
5704,18,Female,0,1,1,0,False,1
5705,45,Female,16,1,1,0,False,1
5706,35,Male,5,1,1,0,False,1
5707,18,Female,3,1,1,1,False,1
5708,1,Female,10,1,1,1,False,1
5709,50,Male,0,1,1,1,False,1
5710,1,Male,10,1,1,1,False,1
5711,25,Male,0,1,1,0,False,1
5712,35,Male,7,1,1,1,False,1
5713,45,Male,16,1,1,0,False,1
5714,18,Male,17,1,1,1,False,1
5715,25,Male,3,1,1,1,False,1
5716,25,Male,20,1,1,1,False,1
5717,35,Male,1,1,1,1,False,1
5718,25,Male,17,1,1,1,False,1
5719,35,Male,20,0,0,0,False,0
5720,25,Female,3,1,1,0,False,1
5721,18,Female,1,1,1,0,False,1
5722,25,Female,0,1,1,1,False,1
5723,25,Female,3,1,1,0,False,1
5724,35,Male,7,1,1,1,False,1
5725,18,Male,0,0,1,0,True,1
5726,25,Male,20,1,1,0,False,1
5727,25,Male,20,0,0,1,False,0
5728,18,Male,0,1,1,1,False,1
5729,35,Male,1,1,1,0,False,1
5730,25,Female,14,1,1,0,False,1
5731,35,Female,7,1,1,1,False,1
5732,35,Male,7,1,1,1,False,1
5733,25,Male,5,0,0,1,False,0
5734,18,Male,4,1,1,1,False,1
5735,25,Male,4,1,1,1,False,1
5736,18,Male,0,1,1,0,False,1
5737,25,Male,6,1,1,1,False,1
5738,35,Female,1,1,1,0,False,1
5739,56,Male,20,0,0,0,False,0
5740,35,Male,7,1,1,0,False,1
5741,25,Male,7,1,1,0,False,1
5742,25,Female,2,1,1,1,False,1
5743,50,Male,14,1,1,0,False,1
5744,35,Male,5,1,1,1,False,1
5745,35,Male,3,1,1,0,False,1
5746,35,Male,0,1,1,1,False,1
5747,18,Male,0,0,0,0,False,0
5748,25,Male,7,1,1,1,False,1
5749,45,Male,17,1,1,1,False,1
5750,25,Female,0,1,1,1,False,1
5751,25,Male,0,1,1,1,False,1
5752,25,Male,7,1,1,1,False,1
5753,18,Male,17,0,0,0,False,0
5754,35,Male,17,1,1,1,False,1
5755,45,Male,7,1,1,0,False,1
5756,35,Male,17,1,1,1,False,1
5757,18,Male,4,0,0,0,False,0
5758,25,Male,12,1,1,1,False,1
5759,35,Female,2,1,1,1,False,1
5760,35,Male,20,1,1,0,False,1
5761,25,Male,12,0,0,1,False,0
5762,25,Male,17,1,1,1,False,1
5763,25,Male,2,1,1,1,False,1
5764,18,Male,4,1,1,0,False,1
5765,18,Male,4,1,1,1,False,1
5766,35,Male,7,1,1,0,False,1
5767,35,Male,12,1,1,1,False,1
5768,18,Female,4,1,1,1,False,1
5769,18,Male,4,1,1,1,False,1
5770,45,Female,6,1,1,1,False,1
5771,25,Male,0,1,1,0,False,1
5772,25,Male,18,0,0,0,False,0
5773,18,Male,0,1,1,0,False,1
5774,45,Male,17,1,1,0,False,1
5775,25,Female,0,1,1,0,False,1
5776,35,Male,7,1,1,1,False,1
5777,18,Male,14,1,1,0,False,1
5778,18,Male,5,1,1,1,False,1
5779,18,Male,4,1,1,1,False,1
5780,25,Male,6,1,1,1,False,1
5781,50,Female,13,1,1,1,False,1
5782,25,Male,19,1,1,0,False,1
5783,35,Male,5,1,1,1,False,1
5784,18,Female,4,1,1,1,False,1
5785,25,Female,4,1,1,1,False,1
5786,25,Male,4,1,1,1,False,1
5787,25,Male,7,1,1,0,False,1
5788,18,Male,4,0,0,1,False,0
5789,18,Female,4,1,1,0,False,1
5790,25,Female,0,0,0,0,False,0
5791,45,Male,17,1,1,0,False,1
5792,25,Male,11,1,1,1,False,1
5793,35,Male,14,1,1,1,False,1
5794,25,Male,20,1,1,1,False,1
5795,45,Male,1,1,1,1,False,1
5796,25,Male,1,0,0,0,False,0
5797,25,Male,1,1,1,1,False,1
5798,45,Female,16,1,1,1,False,1
5799,25,Male,0,1,1,1,False,1
5800,18,Male,0,0,0,0,False,0
5801,25,Male,5,1,1,1,False,1
5802,18,Male,10,1,1,1,False,1
5803,25,Male,17,1,1,1,False,1
5804,25,Male,7,1,1,1,False,1
5805,25,Male,17,0,0,1,False,0
5806,18,Male,4,0,0,0,False,0
5807,35,Female,6,1,1,1,False,1
5808,56,Male,10,1,1,0,False,1
5809,35,Male,4,1,1,1,False,1
5810,25,Male,12,1,1,1,False,1
5811,56,Female,0,1,1,1,False,1
5812,25,Female,0,1,1,1,False,1
5813,25,Female,0,1,1,0,False,1
5814,18,Male,4,1,1,0,False,1
5815,25,Male,14,1,1,1,False,1
5816,50,Female,9,0,0,0,False,0
5817,45,Male,17,1,1,1,False,1
5818,35,Male,0,1,1,1,False,1
5819,25,Male,4,0,1,0,True,1
5820,45,Male,16,1,1,0,False,1
5821,18,Male,0,0,0,0,False,0
5822,18,Male,5,1,1,0,False,1
5823,50,Male,16,1,1,1,False,1
5824,25,Male,7,1,1,1,False,1
5825,25,Female,12,1,1,1,False,1
5826,25,Male,7,1,1,0,False,1
5827,35,Male,13,1,1,1,False,1
5828,25,Male,17,0,1,0,True,1
5829,25,Male,7,1,1,1,False,1
5830,25,Male,14,1,1,1,False,1
5831,35,Female,2,1,1,0,False,1
5832,50,Male,7,1,1,0,False,1
5833,25,Male,17,1,1,0,False,1
5834,45,Male,7,1,1,1,False,1
5835,25,Male,12,1,1,0,False,1
5836,25,Male,14,1,1,0,False,1
5837,45,Male,19,1,1,1,False,1
5838,25,Female,7,0,0,1,False,0
5839,18,Female,2,1,0,0,True,0
5840,18,Male,16,1,1,0,False,1
5841,18,Female,0,1,1,1,False,1
5842,18,Male,4,1,1,0,False,1
5843,35,Male,12,1,1,0,False,1
5844,25,Male,17,0,1,0,True,1
5845,25,Female,3,1,0,0,True,0
5846,25,Male,2,0,0,0,False,0
5847,25,Male,12,1,1,1,False,1
5848,25,Male,11,1,1,0,False,1
5849,45,Male,7,1,1,1,False,1
5850,18,Male,4,1,1,1,False,1
5851,35,Female,0,1,1,0,False,1
5852,25,Female,17,1,1,1,False,1
5853,35,Male,17,1,1,1,False,1
5854,25,Male,7,1,1,1,False,1
5855,35,Male,16,0,0,0,False,0
5856,18,Female,3,1,1,1,False,1
5857,25,Female,20,1,0,1,True,0
5858,35,Male,17,0,0,0,False,0
5859,25,Female,12,1,1,1,False,1
5860,50,Female,20,1,1,1,False,1
5861,25,Female,4,0,0,1,False,0
5862,50,Male,17,0,0,1,False,0
5863,25,Male,15,1,1,1,False,1
5864,35,Male,0,1,1,0,False,1
5865,45,Male,0,1,1,0,False,1
5866,35,Male,6,1,1,0,False,1
5867,25,Male,12,1,1,0,False,1
5868,25,Male,12,1,1,0,False,1
5869,25,Female,1,1,1,1,False,1
5870,25,Male,2,1,1,1,False,1
5871,35,Male,17,1,1,1,False,1
5872,18,Male,7,1,1,0,False,1
5873,25,Male,0,1,1,0,False,1
5874,25,Male,7,1,1,0,False,1
5875,18,Male,4,1,1,0,False,1
5876,25,Male,17,1,1,0,False,1
5877,18,Male,4,1,1,1,False,1
5878,45,Male,12,1,1,1,False,1
5879,18,Female,20,1,1,1,False,1
5880,25,Male,14,1,1,1,False,1
5881,45,Male,20,1,1,1,False,1
5882,45,Female,17,1,1,0,False,1
5883,18,Male,4,1,1,1,False,1
5884,25,Male,19,1,1,1,False,1
5885,56,Female,1,1,1,1,False,1
5886,45,Female,1,1,1,1,False,1
5887,50,Male,7,1,1,1,False,1
5888,18,Female,20,1,1,1,False,1
5889,18,Male,0,1,1,1,False,1
5890,25,Male,7,1,1,0,False,1
5891,25,Male,20,0,1,1,True,1
5892,56,Male,1,1,1,0,False,1
5893,18,Male,4,1,1,1,False,1
5894,25,Male,0,1,1,0,False,1
5895,25,Male,0,1,1,1,False,1
5896,25,Male,0,0,0,0,False,0
5897,35,Female,12,1,1,0,False,1
5898,18,Female,4,1,0,1,True,0
5899,18,Male,14,1,1,1,False,1
5900,45,Male,17,1,1,0,False,1
5901,18,Male,20,0,0,1,False,0
5902,18,Male,4,1,1,1,False,1
5903,25,Male,1,1,1,1,False,1
5904,25,Male,1,1,1,1,False,1
5905,25,Male,0,0,0,0,False,0
5906,50,Male,16,1,1,1,False,1
5907,25,Male,14,1,1,0,False,1
5908,25,Male,11,0,0,1,False,0
5909,25,Male,15,1,1,1,False,1
5910,18,Male,14,1,1,1,False,1
5911,25,Male,20,1,1,0,False,1
5912,25,Male,20,0,1,1,True,1
5913,18,Female,20,0,0,0,False,0
5914,25,Male,2,1,1,1,False,1
5915,18,Male,4,1,1,0,False,1
5916,50,Male,13,1,1,0,False,1
5917,25,Male,1,1,1,1,False,1
5918,50,Male,7,0,0,0,False,0
5919,25,Male,7,1,1,0,False,1
5920,25,Female,0,1,1,1,False,1
5921,25,Male,7,1,1,1,False,1
5922,25,Male,7,1,1,1,False,1
5923,18,Male,4,1,1,1,False,1
5924,18,Male,4,1,1,1,False,1
5925,45,Male,0,0,0,1,False,0
5926,50,Female,1,1,1,0,False,1
5927,18,Female,0,1,1,1,False,1
5928,25,Female,1,0,0,0,False,0
5929,25,Male,1,1,1,1,False,1
5930,50,Male,1,1,1,1,False,1
5931,25,Female,1,0,0,0,False,0
5932,25,Female,4,1,1,0,False,1
5933,25,Male,2,0,1,0,True,1
5934,25,Male,17,1,1,1,False,1
5935,35,Female,12,1,1,1,False,1
5936,25,Male,2,0,0,1,False,0
5937,18,Female,15,1,1,1,False,1
5938,25,Female,0,1,1,0,False,1
5939,35,Male,14,1,1,1,False,1
5940,35,Male,12,1,1,1,False,1
5941,56,Male,15,1,1,1,False,1
5942,35,Male,1,0,0,0,False,0
5943,45,Male,17,1,1,1,False,1
5944,50,Male,1,1,1,1,False,1
5945,50,Male,13,1,1,1,False,1
5946,25,Male,18,1,1,0,False,1
5947,25,Male,14,1,1,0,False,1
5948,25,Male,12,1,1,1,False,1
5949,25,Male,5,0,0,1,False,0
5950,35,Male,1,1,1,0,False,1
5951,25,Male,20,0,0,0,False,0
5952,25,Male,17,1,1,1,False,1
5953,25,Female,0,1,1,1,False,1
5954,25,Male,11,1,1,0,False,1
5955,45,Female,17,1,1,1,False,1
5956,25,Male,7,1,1,0,False,1
5957,35,Male,0,0,0,1,False,0
5958,25,Male,1,0,0,0,False,0
5959,35,Male,7,1,1,0,False,1
5960,25,Male,4,1,1,0,False,1
5961,25,Male,12,1,1,0,False,1
5962,25,Male,17,1,1,0,False,1
5963,50,Male,18,1,1,0,False,1
5964,18,Male,4,0,0,0,False,0
5965,35,Male,20,1,1,0,False,1
5966,18,Male,6,1,1,1,False,1
5967,25,Male,7,1,1,1,False,1
5968,35,Female,16,1,1,0,False,1
5969,25,Female,11,1,1,1,False,1
5970,45,Male,1,1,1,1,False,1
5971,18,Male,4,1,1,0,False,1
5972,35,Male,11,1,1,1,False,1
5973,25,Male,7,0,0,1,False,0
5974,18,Female,1,1,1,1,False,1
5975,25,Male,14,1,1,1,False,1
5976,35,Male,16,1,1,0,False,1
5977,25,Male,1,0,1,1,True,1
5978,25,Male,17,1,1,1,False,1
5979,35,Male,20,1,1,1,False,1
5980,35,Male,4,1,1,1,False,1
5981,35,Male,14,1,1,1,False,1
5982,35,Male,3,1,1,0,False,1
5983,25,Male,2,1,1,1,False,1
5984,18,Male,4,1,1,1,False,1
5985,25,Male,17,1,1,1,False,1
5986,25,Male,4,1,1,0,False,1
5987,25,Male,12,1,1,1,False,1
5988,35,Male,2,1,1,1,False,1
5989,1,Male,10,1,1,1,False,1
5990,25,Male,12,1,1,1,False,1
5991,35,Male,5,1,1,0,False,1
5992,25,Male,17,1,1,0,False,1
5993,25,Female,4,1,1,1,False,1
5994,25,Male,18,0,1,1,True,1
5995,25,Male,20,1,1,0,False,1
5996,50,Male,6,1,1,0,False,1
5997,45,Female,1,1,1,0,False,1
5998,18,Male,5,1,1,0,False,1
5999,25,Male,16,1,1,1,False,1
6000,45,Male,2,1,1,1,False,1
6001,25,Male,1,1,1,1,False,1
6002,35,Male,7,1,1,1,False,1
6003,18,Female,4,1,1,0,False,1
6004,18,Male,19,0,0,1,False,0
6005,25,Male,15,1,1,1,False,1
6006,35,Male,20,1,1,1,False,1
6007,18,Male,17,1,1,1,False,1
6008,25,Male,0,1,1,0,False,1
6009,18,Male,10,1,1,1,False,1
6010,50,Female,7,1,1,0,False,1
6011,35,Male,0,1,1,0,False,1
6012,35,Male,14,1,1,0,False,1
6013,35,Male,0,1,1,0,False,1
6014,56,Male,1,1,1,1,False,1
6015,18,Male,4,1,1,1,False,1
6016,25,Male,12,1,1,0,False,1
6017,18,Male,4,0,1,0,True,1
6018,25,Male,7,1,1,1,False,1
6019,18,Male,4,1,1,1,False,1
6020,45,Male,20,1,1,0,False,1
6021,45,Male,14,1,1,1,False,1
6022,35,Male,0,1,1,1,False,1
6023,25,Male,7,1,1,0,False,1
6024,35,Female,3,1,1,1,False,1
6025,18,Male,4,0,0,1,False,0
6026,35,Male,12,1,1,1,False,1
6027,35,Male,6,1,1,1,False,1
6028,35,Female,6,1,1,1,False,1
6029,35,Male,4,1,1,1,False,1
6030,25,Male,0,1,1,1,False,1
6031,45,Male,2,1,1,0,False,1
6032,18,Male,4,1,1,1,False,1
6033,45,Male,11,1,1,1,False,1
6034,25,Male,7,1,1,1,False,1
6035,25,Female,0,0,0,1,False,0
6036,18,Male,2,1,1,1,False,1
6037,25,Male,4,1,1,1,False,1
6038,45,Male,14,1,1,0,False,1
6039,35,Female,2,1,1,1,False,1
6040,25,Male,7,1,1,0,False,1
6041,25,Male,17,1,1,1,False,1
6042,25,Male,1,0,0,1,False,0
6043,45,Female,0,1,1,0,False,1
6044,18,Male,15,1,1,1,False,1
6045,35,Male,17,1,1,0,False,1
6046,18,Female,4,0,0,0,False,0
6047,25,Male,0,1,1,1,False,1
6048,35,Male,12,1,1,0,False,1
6049,25,Male,1,1,1,1,False,1
6050,25,Male,17,1,1,0,False,1
6051,18,Male,2,0,1,0,True,1
6052,56,Male,15,1,1,1,False,1
6053,18,Male,12,0,0,0,False,0
6054,25,Male,20,0,1,1,True,1
6055,35,Male,20,1,1,1,False,1
6056,25,Male,14,1,1,1,False,1
6057,45,Male,13,1,1,0,False,1
6058,35,Female,0,0,0,1,False,0
6059,25,Male,12,1,1,1,False,1
6060,18,Male,16,1,1,1,False,1
6061,25,Male,14,1,1,0,False,1
6062,25,Male,0,1,1,1,False,1
6063,50,Female,20,1,1,0,False,1
6064,45,Male,17,1,1,0,False,1
6065,35,Male,16,1,1,1,False,1
6066,25,Male,4,1,1,0,False,1
6067,25,Female,4,1,1,1,False,1
6068,25,Male,20,1,1,1,False,1
6069,35,Female,0,1,1,0,False,1
6070,1,Male,10,1,1,0,False,1
6071,25,Male,0,1,1,0,False,1
6072,56,Male,17,1,1,1,False,1
6073,35,Male,0,1,1,1,False,1
6074,25,Male,2,1,1,1,False,1
6075,25,Male,12,1,1,0,False,1
6076,25,Female,4,1,1,1,False,1
6077,25,Male,17,1,1,1,False,1
6078,25,Male,1,1,1,1,False,1
6079,18,Female,17,0,0,1,False,0
6080,45,Male,18,1,1,1,False,1
6081,18,Male,4,1,1,1,False,1
6082,35,Male,7,1,1,0,False,1
6083,25,Male,3,1,1,0,False,1
6084,18,Male,17,0,0,1,False,0
6085,25,Male,12,1,1,0,False,1
6086,45,Male,3,1,1,1,False,1
6087,25,Male,15,1,1,1,False,1
6088,25,Male,2,1,1,0,False,1
6089,25,Female,3,1,1,0,False,1
6090,35,Male,15,1,1,0,False,1
6091,50,Female,3,1,1,0,False,1
6092,18,Male,4,1,1,0,False,1
6093,18,Male,4,1,1,0,False,1
6094,25,Male,20,1,1,1,False,1
6095,45,Male,1,1,1,1,False,1
6096,18,Male,4,1,1,0,False,1
6097,45,Male,7,1,1,1,False,1
6098,25,Female,7,0,0,1,False,0
6099,35,Male,7,1,1,0,False,1
6100,18,Male,4,1,1,0,False,1
6101,18,Male,14,0,0,0,False,0
6102,18,Male,18,0,0,1,False,0
6103,18,Female,4,1,1,1,False,1
6104,25,Female,20,1,1,0,False,1
6105,25,Male,0,0,0,0,False,0
6106,25,Female,7,1,1,0,False,1
6107,25,Male,6,1,1,1,False,1
6108,35,Male,17,1,1,0,False,1
6109,25,Male,7,1,1,1,False,1
6110,18,Female,4,1,1,1,False,1
6111,1,Female,10,1,0,0,True,0
6112,35,Female,16,1,1,0,False,1
6113,45,Male,1,1,1,1,False,1
6114,25,Male,12,1,1,0,False,1
6115,25,Male,7,1,1,0,False,1
6116,25,Female,0,1,1,0,False,1
6117,35,Female,9,1,1,0,False,1
6118,25,Male,0,1,1,1,False,1
6119,1,Male,10,0,0,0,False,0
6120,18,Male,17,0,1,1,True,1
6121,35,Male,0,0,0,0,False,0
6122,45,Male,3,1,1,1,False,1
6123,25,Male,11,1,1,1,False,1
6124,25,Male,11,1,1,0,False,1
6125,35,Male,0,0,0,0,False,0
6126,50,Male,11,1,1,1,False,1
6127,35,Female,0,1,1,1,False,1
6128,18,Male,0,0,1,1,True,1
6129,35,Male,7,1,1,1,False,1
6130,25,Female,16,1,1,0,False,1
6131,25,Male,4,1,1,0,False,1
6132,35,Male,16,1,1,1,False,1
6133,1,Female,10,1,1,0,False,1
6134,25,Female,6,0,0,0,False,0
6135,25,Male,1,1,1,0,False,1
6136,25,Male,14,1,1,0,False,1
6137,25,Male,12,1,1,1,False,1
6138,25,Female,15,1,1,1,False,1
6139,50,Male,1,1,1,0,False,1
6140,45,Male,13,1,1,1,False,1
6141,25,Male,1,1,1,1,False,1
6142,1,Female,10,1,1,0,False,1
6143,45,Male,16,1,1,1,False,1
6144,25,Female,1,1,1,1,False,1
6145,18,Female,4,1,1,1,False,1
6146,25,Male,0,0,0,1,False,0
6147,45,Male,7,1,1,1,False,1
6148,18,Male,20,1,1,0,False,1
6149,50,Male,0,1,1,0,False,1
6150,25,Male,0,1,1,0,False,1
6151,50,Male,7,1,1,0,False,1
6152,35,Male,7,1,1,0,False,1
6153,35,Male,7,1,1,1,False,1
6154,25,Female,1,1,1,0,False,1
6155,18,Male,4,1,1,1,False,1
6156,50,Female,1,1,1,0,False,1
6157,18,Female,4,0,0,1,False,0
6158,25,Male,1,0,0,1,False,0
6159,45,Female,1,1,1,0,False,1
6160,35,Male,7,0,0,0,False,0
6161,1,Female,10,1,1,1,False,1
6162,45,Male,12,1,1,1,False,1
6163,56,Male,12,1,1,0,False,1
6164,25,Male,0,1,1,1,False,1
6165,1,Female,10,1,1,1,False,1
6166,45,Male,18,0,0,1,False,0
6167,45,Male,1,1,1,1,False,1
6168,18,Female,4,1,1,1,False,1
6169,25,Male,4,1,1,1,False,1
6170,35,Female,1,0,0,0,False,0
6171,25,Male,12,1,1,0,False,1
6172,25,Male,4,1,1,1,False,1
6173,25,Female,1,1,1,0,False,1
6174,45,Male,16,1,1,0,False,1
6175,18,Male,20,1,1,1,False,1
6176,18,Male,4,1,1,0,False,1
6177,18,Male,16,1,1,1,False,1
6178,18,Male,4,0,1,1,True,1
6179,25,Male,3,1,1,1,False,1
6180,35,Female,20,1,1,1,False,1
6181,56,Male,13,1,1,0,False,1
6182,18,Male,4,1,1,0,False,1
6183,35,Male,12,1,1,1,False,1
6184,25,Male,16,0,0,0,False,0
6185,18,Male,16,1,1,1,False,1
6186,35,Female,1,1,1,1,False,1
6187,18,Female,19,1,1,1,False,1
6188,1,Male,12,1,1,1,False,1
6189,18,Male,0,1,1,1,False,1
6190,50,Male,20,1,1,1,False,1
6191,25,Male,7,1,1,1,False,1
6192,18,Male,20,0,0,0,False,0
6193,25,Female,14,1,1,1,False,1
6194,18,Male,12,1,1,1,False,1
6195,18,Male,7,1,1,0,False,1
6196,1,Male,10,0,0,0,False,0
6197,25,Male,17,0,1,0,True,1
6198,25,Male,1,1,1,1,False,1
6199,25,Male,0,1,1,0,False,1
6200,45,Male,16,1,1,1,False,1
6201,25,Male,1,1,1,1,False,1
6202,25,Male,16,1,1,0,False,1
6203,25,Male,4,1,1,0,False,1
6204,56,Male,20,1,1,1,False,1
6205,18,Female,4,1,1,1,False,1
6206,25,Male,0,0,0,0,False,0
6207,50,Male,14,1,1,1,False,1
6208,56,Male,14,1,1,0,False,1
6209,45,Male,5,1,1,0,False,1
6210,35,Male,15,1,1,1,False,1
6211,18,Female,2,1,1,1,False,1
6212,18,Male,14,1,1,1,False,1
6213,25,Male,5,0,0,0,False,0
6214,50,Male,7,1,1,0,False,1
6215,25,Male,0,1,1,1,False,1
6216,35,Male,18,1,1,1,False,1
6217,56,Male,20,1,1,1,False,1
6218,35,Female,0,1,1,1,False,1
6219,18,Male,4,0,0,1,False,0
6220,25,Male,0,1,1,1,False,1
6221,1,Female,10,1,1,0,False,1
6222,25,Male,14,1,1,1,False,1
6223,56,Male,17,1,1,0,False,1
6224,25,Female,4,1,1,1,False,1
6225,25,Female,3,1,1,1,False,1
6226,1,Female,10,1,1,1,False,1
6227,25,Female,16,1,1,0,False,1
6228,35,Female,16,1,1,0,False,1
6229,45,Male,14,0,0,1,False,0
6230,25,Male,0,0,0,0,False,0
6231,25,Male,1,1,1,0,False,1
6232,25,Male,7,1,1,0,False,1
6233,1,Female,10,1,1,0,False,1
6234,18,Male,4,0,0,0,False,0
6235,35,Male,1,1,1,0,False,1
6236,35,Male,6,1,1,0,False,1
6237,18,Male,4,0,1,1,True,1
6238,35,Female,20,0,0,0,False,0
6239,45,Male,6,1,1,1,False,1
6240,18,Male,2,0,0,1,False,0
6241,50,Female,9,1,1,0,False,1
6242,18,Female,17,1,1,0,False,1
6243,18,Female,4,1,1,0,False,1
6244,45,Male,12,0,1,0,True,1
6245,35,Male,7,1,1,1,False,1
6246,25,Male,15,1,1,0,False,1
6247,25,Male,12,0,1,0,True,1
6248,50,Female,7,1,1,1,False,1
6249,50,Female,1,1,1,1,False,1
6250,35,Male,12,1,1,0,False,1
6251,18,Male,4,1,1,1,False,1
6252,35,Female,3,1,1,1,False,1
6253,25,Male,17,1,1,0,False,1
6254,35,Male,7,1,1,0,False,1
6255,35,Male,0,0,1,1,True,1
6256,56,Female,2,1,1,1,False,1
6257,35,Male,7,1,1,1,False,1
6258,35,Female,0,1,1,0,False,1
6259,25,Male,12,1,1,1,False,1
6260,50,Male,12,1,1,1,False,1
6261,56,Male,1,0,0,0,False,0
6262,45,Female,2,0,0,0,False,0
6263,25,Male,1,0,0,0,False,0
6264,18,Female,14,1,1,1,False,1
6265,35,Male,17,1,1,0,False,1
6266,45,Female,1,1,1,0,False,1
6267,56,Male,14,1,1,1,False,1
6268,50,Female,1,1,1,1,False,1
6269,18,Female,4,1,1,0,False,1
6270,25,Female,14,1,1,0,False,1
6271,25,Male,6,1,1,1,False,1
6272,25,Male,7,0,0,1,False,0
6273,25,Female,7,1,1,0,False,1
6274,18,Male,19,0,0,0,False,0
6275,25,Male,0,1,1,0,False,1
6276,35,Male,7,1,1,1,False,1
6277,35,Female,1,1,1,0,False,1
6278,35,Male,1,0,0,1,False,0
6279,25,Male,4,0,0,0,False,0
6280,35,Male,0,0,0,0,False,0
6281,50,Male,6,1,1,1,False,1
6282,1,Male,19,0,0,1,False,0
6283,25,Male,15,1,1,1,False,1
6284,50,Male,0,1,1,1,False,1
6285,25,Male,0,0,0,0,False,0
6286,25,Male,6,1,1,0,False,1
6287,25,Male,2,0,0,0,False,0
6288,25,Female,4,1,1,0,False,1
6289,18,Male,2,1,1,0,False,1
6290,35,Female,1,1,1,1,False,1
6291,18,Female,2,1,1,1,False,1
6292,25,Male,0,1,1,1,False,1
6293,18,Female,4,1,1,0,False,1
6294,18,Male,4,1,1,1,False,1
6295,25,Male,7,1,1,1,False,1
6296,18,Male,4,1,1,1,False,1
6297,50,Male,20,1,1,1,False,1
6298,18,Female,4,1,1,1,False,1
6299,50,Male,6,1,1,1,False,1
6300,18,Male,4,1,1,1,False,1
6301,25,Male,7,1,1,1,False,1
6302,18,Male,17,1,1,1,False,1
6303,25,Male,0,1,1,1,False,1
6304,25,Male,2,0,0,1,False,0
6305,25,Female,6,1,1,1,False,1
6306,25,Male,4,1,1,0,False,1
6307,25,Female,5,0,0,1,False,0
6308,25,Male,4,1,1,1,False,1
6309,1,Female,10,1,1,0,False,1
6310,25,Male,7,1,1,1,False,1
6311,18,Male,4,1,1,1,False,1
6312,25,Female,0,1,1,1,False,1
6313,25,Male,0,1,1,0,False,1
6314,45,Male,3,1,1,0,False,1
6315,25,Male,6,0,0,1,False,0
6316,18,Male,4,1,1,0,False,1
6317,18,Male,19,0,1,0,True,1
6318,18,Male,12,1,1,1,False,1
6319,25,Male,1,0,1,1,True,1
6320,35,Female,1,0,0,1,False,0
6321,50,Male,17,1,1,1,False,1
6322,35,Male,0,0,0,1,False,0
6323,35,Male,17,1,1,1,False,1
6324,35,Male,16,0,0,1,False,0
6325,25,Male,2,1,1,0,False,1
6326,18,Female,4,1,1,0,False,1
6327,18,Male,4,1,1,1,False,1
6328,45,Male,17,1,1,0,False,1
6329,18,Male,10,1,1,0,False,1
6330,35,Male,18,1,1,1,False,1
6331,25,Female,3,1,1,1,False,1
6332,25,Female,3,1,1,0,False,1
6333,25,Male,0,0,1,0,True,1
6334,25,Male,1,1,1,1,False,1
6335,50,Male,16,1,1,1,False,1
6336,18,Male,4,0,0,0,False,0
6337,18,Male,4,0,0,1,False,0
6338,25,Male,18,0,1,0,True,1
6339,25,Female,5,1,1,0,False,1
6340,50,Male,3,1,1,0,False,1
6341,18,Female,2,1,1,1,False,1
6342,25,Male,3,1,1,1,False,1
6343,35,Male,16,1,1,0,False,1
6344,45,Male,7,1,1,1,False,1
6345,35,Male,18,1,1,1,False,1
6346,35,Male,10,1,1,0,False,1
6347,25,Female,14,1,1,1,False,1
6348,50,Male,0,1,1,1,False,1
6349,25,Female,6,1,1,0,False,1
6350,18,Male,15,1,1,1,False,1
6351,18,Female,14,1,1,1,False,1
6352,25,Male,16,1,1,1,False,1
6353,25,Male,11,1,1,1,False,1
6354,45,Female,14,1,1,1,False,1
6355,25,Male,7,1,1,1,False,1
6356,35,Male,7,0,0,0,False,0
6357,18,Female,4,1,1,1,False,1
6358,50,Male,2,1,1,1,False,1
6359,50,Male,6,1,1,1,False,1
6360,18,Male,0,1,1,0,False,1
6361,25,Male,15,0,0,1,False,0
6362,18,Male,4,1,1,1,False,1
6363,50,Male,13,1,1,1,False,1
6364,25,Male,12,0,0,0,False,0
6365,25,Male,11,1,1,0,False,1
6366,35,Male,12,1,1,1,False,1
6367,18,Male,4,1,1,1,False,1
6368,35,Male,7,1,1,0,False,1
6369,25,Male,7,1,1,1,False,1
6370,50,Male,0,1,1,1,False,1
6371,1,Male,10,1,1,0,False,1
6372,25,Male,0,1,1,1,False,1
6373,25,Male,12,1,1,0,False,1
6374,18,Male,4,1,1,1,False,1
6375,35,Male,17,1,1,1,False,1
6376,45,Male,5,1,1,0,False,1
6377,25,Male,16,1,1,0,False,1
6378,25,Male,0,1,1,0,False,1
6379,18,Male,4,1,1,1,False,1
6380,25,Female,3,1,1,0,False,1
6381,18,Male,4,1,1,1,False,1
6382,1,Male,0,0,1,0,True,1
6383,18,Male,4,1,1,1,False,1
6384,35,Male,17,1,1,1,False,1
6385,45,Male,1,1,1,1,False,1
6386,25,Male,7,1,1,0,False,1
6387,18,Male,4,1,1,0,False,1
6388,18,Female,19,0,0,0,False,0
6389,45,Female,0,1,1,0,False,1
6390,18,Male,20,0,0,0,False,0
6391,1,Male,10,1,1,1,False,1
6392,35,Female,3,1,1,0,False,1
6393,18,Male,17,0,0,0,False,0
6394,35,Male,7,1,1,1,False,1
6395,45,Male,7,1,1,1,False,1
6396,35,Male,20,1,1,0,False,1
6397,25,Male,17,1,1,1,False,1
6398,35,Male,0,1,1,0,False,1
6399,35,Male,0,1,1,1,False,1
6400,25,Male,0,1,1,1,False,1
6401,25,Male,7,1,1,0,False,1
6402,35,Male,12,1,1,1,False,1
6403,25,Female,5,1,1,0,False,1
6404,35,Male,13,1,1,1,False,1
6405,25,Male,15,1,1,0,False,1
6406,25,Male,1,1,1,1,False,1
6407,25,Male,17,1,1,1,False,1
6408,35,Female,1,1,1,1,False,1
6409,35,Male,0,1,1,0,False,1
6410,50,Male,2,1,1,1,False,1
6411,25,Female,7,1,1,0,False,1
6412,35,Male,2,0,0,1,False,0
6413,25,Male,14,1,1,1,False,1
6414,56,Male,17,1,1,1,False,1
6415,25,Male,5,0,0,1,False,0
6416,45,Female,17,1,1,0,False,1
6417,35,Male,7,1,1,1,False,1
6418,25,Male,14,0,0,0,False,0
6419,35,Male,1,1,1,1,False,1
6420,35,Male,7,0,0,1,False,0
6421,25,Male,14,1,1,1,False,1
6422,25,Male,4,1,1,1,False,1
6423,25,Male,5,1,1,0,False,1
6424,50,Female,2,1,1,1,False,1
6425,25,Male,0,1,1,0,False,1
6426,18,Female,0,1,1,1,False,1
6427,35,Male,10,1,1,1,False,1
6428,25,Male,2,1,1,1,False,1
6429,35,Male,0,1,1,1,False,1
6430,25,Male,6,1,1,1,False,1
6431,35,Male,20,0,1,0,True,1
6432,35,Male,20,1,1,0,False,1
6433,25,Male,3,1,1,0,False,1
6434,56,Male,13,1,1,0,False,1
6435,50,Female,6,1,1,1,False,1
6436,35,Male,7,1,1,1,False,1
6437,25,Male,2,1,1,1,False,1
6438,35,Male,4,1,1,1,False,1
6439,25,Male,17,0,0,1,False,0
6440,56,Male,17,1,1,1,False,1
6441,45,Male,2,1,1,0,False,1
6442,35,Male,2,1,1,1,False,1
6443,45,Male,7,1,1,1,False,1
6444,25,Female,3,1,1,0,False,1
6445,18,Male,4,1,1,0,False,1
6446,25,Male,4,1,1,0,False,1
6447,56,Female,14,1,1,0,False,1
6448,18,Male,20,1,1,0,False,1
6449,18,Female,4,1,1,1,False,1
6450,35,Female,17,1,1,1,False,1
6451,18,Male,4,1,1,0,False,1
6452,25,Male,20,0,0,0,False,0
6453,35,Male,7,1,1,0,False,1
6454,25,Male,12,1,1,0,False,1
6455,35,Male,14,1,1,1,False,1
6456,25,Female,4,1,1,1,False,1
6457,35,Male,2,0,0,1,False,0
6458,35,Female,5,1,1,1,False,1
6459,25,Male,16,0,0,0,False,0
6460,45,Male,18,1,1,1,False,1
6461,18,Male,0,1,1,0,False,1
6462,50,Male,0,1,1,1,False,1
6463,35,Male,16,1,1,1,False,1
6464,35,Male,12,1,1,1,False,1
6465,25,Male,7,1,1,1,False,1
6466,25,Male,14,1,1,1,False,1
6467,25,Male,7,1,1,1,False,1
6468,25,Female,1,1,1,1,False,1
6469,50,Male,17,1,1,1,False,1
6470,50,Male,16,1,1,1,False,1
6471,18,Female,4,1,1,0,False,1
6472,25,Male,12,1,1,1,False,1
6473,18,Male,0,1,1,1,False,1
6474,35,Female,1,1,0,0,True,0
6475,25,Male,5,0,0,1,False,0
6476,25,Female,9,1,1,1,False,1
6477,35,Female,6,1,1,0,False,1
6478,45,Female,1,1,1,0,False,1
6479,18,Female,4,0,0,1,False,0
6480,25,Male,14,1,1,0,False,1
6481,1,Female,10,1,1,0,False,1
6482,35,Male,7,1,1,0,False,1
6483,35,Male,7,1,1,1,False,1
6484,25,Male,12,1,1,1,False,1
6485,35,Male,1,1,1,1,False,1
6486,25,Male,7,1,1,0,False,1
6487,18,Female,20,1,1,0,False,1
6488,35,Male,12,1,1,1,False,1
6489,25,Male,20,1,1,0,False,1
6490,25,Male,0,1,1,1,False,1
6491,25,Male,7,0,1,1,True,1
6492,25,Male,12,0,0,1,False,0
6493,18,Male,4,0,0,0,False,0
6494,35,Female,7,1,1,1,False,1
6495,45,Female,6,1,1,1,False,1
6496,18,Male,4,1,1,0,False,1
6497,25,Male,20,0,1,0,True,1
6498,35,Male,17,1,1,1,False,1
6499,25,Male,4,1,1,0,False,1
6500,25,Male,4,1,1,0,False,1
6501,25,Female,0,1,1,1,False,1
6502,1,Female,10,1,1,1,False,1
6503,25,Male,20,1,1,0,False,1
6504,25,Male,7,1,1,0,False,1
6505,25,Male,17,0,1,1,True,1
6506,35,Male,1,1,1,1,False,1
6507,25,Female,15,1,1,0,False,1
6508,50,Female,1,1,1,0,False,1
6509,1,Male,0,1,1,0,False,1
6510,25,Male,19,1,1,0,False,1
6511,25,Male,6,1,1,1,False,1
6512,25,Female,12,1,1,0,False,1
6513,25,Male,7,1,1,1,False,1
6514,25,Male,17,1,1,1,False,1
6515,25,Male,14,1,1,0,False,1
6516,25,Female,1,1,0,0,True,0
6517,25,Male,7,1,1,1,False,1
6518,35,Male,1,1,1,1,False,1
6519,35,Male,7,1,1,1,False,1
6520,35,Male,0,1,1,1,False,1
6521,25,Male,15,1,1,0,False,1
6522,25,Male,4,0,1,1,True,1
6523,18,Male,7,0,0,0,False,0
6524,50,Male,20,1,1,1,False,1
6525,18,Male,4,0,1,0,True,1
6526,35,Male,17,1,1,0,False,1
6527,25,Male,0,1,1,0,False,1
6528,18,Male,20,1,1,1,False,1
6529,56,Male,2,1,1,1,False,1
6530,50,Male,16,1,1,1,False,1
6531,18,Female,0,1,1,1,False,1
6532,50,Male,13,1,1,1,False,1
6533,35,Male,13,1,1,1,False,1
6534,25,Male,1,1,1,1,False,1
6535,25,Male,17,0,0,0,False,0
6536,25,Male,0,1,1,0,False,1
6537,25,Male,12,1,1,0,False,1
6538,25,Male,12,1,1,1,False,1
6539,25,Female,20,0,0,0,False,0
6540,18,Male,4,1,1,1,False,1
6541,25,Male,12,1,1,1,False,1
6542,56,Male,18,1,1,0,False,1
6543,45,Male,11,1,1,1,False,1
6544,25,Male,0,0,0,1,False,0
6545,25,Male,2,1,1,1,False,1
6546,25,Male,16,0,0,1,False,0
6547,25,Female,7,1,1,1,False,1
6548,25,Male,0,0,0,0,False,0
6549,35,Male,7,1,1,1,False,1
6550,25,Male,0,1,1,1,False,1
6551,18,Male,17,1,1,1,False,1
6552,25,Male,17,1,1,1,False,1
6553,35,Male,20,1,1,1,False,1
6554,25,Male,1,1,1,1,False,1
6555,25,Male,12,1,1,0,False,1
6556,25,Female,15,0,0,0,False,0
6557,35,Male,0,1,1,1,False,1
6558,25,Male,5,1,1,0,False,1
6559,25,Male,7,1,1,0,False,1
6560,25,Female,19,0,0,1,False,0
6561,50,Female,6,1,1,0,False,1
6562,25,Male,11,1,1,0,False,1
6563,50,Female,20,1,1,1,False,1
6564,25,Male,17,1,1,0,False,1
6565,25,Male,11,1,1,0,False,1
6566,56,Female,13,1,1,1,False,1
6567,35,Male,20,1,1,1,False,1
6568,25,Male,4,1,1,1,False,1
6569,25,Female,7,1,1,0,False,1
6570,45,Male,14,1,1,0,False,1
6571,18,Female,4,1,1,1,False,1
6572,18,Male,4,0,0,1,False,0
6573,50,Male,12,1,1,1,False,1
6574,35,Male,7,0,1,0,True,1
6575,18,Male,4,1,1,1,False,1
6576,50,Male,16,1,1,0,False,1
6577,18,Male,4,0,0,0,False,0
6578,25,Male,3,1,1,1,False,1
6579,45,Male,7,1,1,1,False,1
6580,35,Male,17,1,1,1,False,1
6581,35,Male,20,0,0,1,False,0
6582,25,Male,3,1,1,1,False,1
6583,35,Male,14,1,1,1,False,1
6584,25,Male,0,1,1,1,False,1
6585,25,Male,4,1,1,0,False,1
6586,25,Female,1,1,1,1,False,1
6587,1,Male,10,1,1,1,False,1
6588,1,Female,10,1,1,0,False,1
6589,25,Female,17,0,0,0,False,0
6590,18,Female,14,1,1,0,False,1
6591,35,Male,12,1,1,1,False,1
6592,18,Female,0,1,1,0,False,1
6593,35,Female,3,1,1,1,False,1
6594,50,Male,0,1,1,1,False,1
6595,56,Male,12,1,1,0,False,1
6596,25,Male,17,0,0,0,False,0
6597,25,Female,9,1,1,1,False,1
6598,25,Female,3,1,1,0,False,1
6599,18,Male,2,1,1,1,False,1
6600,45,Male,16,1,1,0,False,1
6601,25,Male,20,1,1,0,False,1
6602,25,Male,12,1,1,1,False,1
6603,35,Male,17,1,1,1,False,1
6604,25,Male,20,1,1,0,False,1
6605,25,Male,12,1,1,1,False,1
6606,18,Male,4,1,1,1,False,1
6607,50,Male,6,1,1,1,False,1
6608,35,Male,12,1,1,0,False,1
6609,35,Female,9,0,0,1,False,0
6610,35,Male,14,1,1,1,False,1
6611,50,Male,16,1,1,0,False,1
6612,25,Male,12,1,1,0,False,1
6613,45,Male,6,1,1,0,False,1
6614,25,Male,12,1,1,1,False,1
6615,35,Male,15,1,1,0,False,1
6616,25,Male,7,1,1,1,False,1
6617,18,Male,0,0,0,1,False,0
6618,1,Male,10,1,1,0,False,1
6619,50,Male,7,1,1,1,False,1
6620,50,Female,6,1,1,1,False,1
6621,25,Male,0,1,1,1,False,1
6622,25,Male,17,0,1,0,True,1
6623,25,Male,12,0,0,1,False,0
6624,35,Male,5,0,0,0,False,0
6625,35,Male,7,1,1,1,False,1
6626,25,Male,0,1,1,1,False,1
6627,35,Male,2,1,1,1,False,1
6628,35,Female,9,1,1,0,False,1
6629,25,Male,1,1,1,1,False,1
6630,18,Male,17,1,1,1,False,1
6631,25,Male,16,0,0,0,False,0
6632,25,Female,14,1,1,1,False,1
6633,25,Male,7,1,1,1,False,1
6634,35,Male,16,1,1,0,False,1
6635,18,Male,4,1,1,1,False,1
6636,35,Female,15,1,1,0,False,1
6637,35,Male,20,1,1,1,False,1
6638,56,Male,1,1,1,1,False,1
6639,35,Male,12,1,1,1,False,1
6640,25,Male,17,1,1,1,False,1
6641,25,Male,15,1,1,0,False,1
6642,25,Male,14,1,1,1,False,1
6643,25,Male,0,1,1,0,False,1
6644,25,Male,4,1,1,0,False,1
6645,18,Female,1,1,1,0,False,1
6646,35,Male,17,1,1,1,False,1
6647,25,Male,17,1,1,1,False,1
6648,18,Male,4,1,1,1,False,1
6649,45,Male,17,0,0,0,False,0
6650,25,Male,0,1,1,0,False,1
6651,25,Male,1,1,1,1,False,1
6652,35,Male,14,1,1,0,False,1
6653,18,Male,4,1,1,0,False,1
6654,1,Female,0,1,1,1,False,1
6655,35,Male,1,1,1,0,False,1
6656,45,Male,13,1,1,1,False,1
6657,35,Female,1,1,1,0,False,1
6658,35,Male,15,1,1,0,False,1
6659,18,Female,4,0,0,1,False,0
6660,25,Male,15,1,1,0,False,1
6661,50,Female,1,1,1,1,False,1
6662,18,Female,6,1,1,1,False,1
6663,50,Male,1,1,1,1,False,1
6664,18,Male,19,0,0,1,False,0
6665,45,Male,16,1,1,1,False,1
6666,18,Female,0,0,0,1,False,0
6667,45,Male,7,1,1,1,False,1
6668,25,Female,5,1,1,0,False,1
6669,35,Male,1,1,1,0,False,1
6670,18,Male,0,1,1,0,False,1
6671,25,Male,14,1,1,1,False,1
6672,45,Male,7,1,1,1,False,1
6673,25,Female,2,1,1,0,False,1
6674,35,Male,7,1,1,0,False,1
6675,25,Male,1,0,1,1,True,1
6676,18,Male,4,1,1,1,False,1
6677,25,Male,16,1,1,1,False,1
6678,35,Female,16,1,1,1,False,1
6679,50,Male,7,1,1,0,False,1
6680,18,Male,4,1,1,1,False,1
6681,35,Female,12,1,1,0,False,1
6682,25,Male,16,1,1,0,False,1
6683,45,Female,6,1,1,1,False,1
6684,25,Male,7,1,1,1,False,1
6685,18,Female,4,1,1,0,False,1
6686,56,Male,17,1,1,0,False,1
6687,18,Female,4,1,1,1,False,1
6688,25,Male,20,1,1,1,False,1
6689,25,Male,0,1,1,1,False,1
6690,18,Female,4,1,1,1,False,1
6691,35,Female,2,1,1,1,False,1
6692,50,Male,0,1,1,0,False,1
6693,25,Male,4,1,1,1,False,1
6694,25,Male,15,1,1,1,False,1
6695,25,Male,20,0,1,0,True,1
6696,18,Female,1,1,1,0,False,1
6697,25,Male,12,1,1,1,False,1
6698,25,Male,17,1,1,1,False,1
6699,25,Female,5,1,1,1,False,1
6700,56,Female,7,1,1,1,False,1
6701,25,Male,17,1,1,1,False,1
6702,35,Male,0,0,0,1,False,0
6703,18,Male,4,1,1,1,False,1
6704,50,Male,16,1,1,1,False,1
6705,35,Male,17,1,1,1,False,1
6706,35,Female,11,1,1,0,False,1
6707,35,Female,17,1,1,1,False,1
6708,18,Male,7,1,1,1,False,1
6709,18,Female,0,1,0,0,True,0
6710,25,Male,20,1,1,1,False,1
6711,45,Female,2,1,1,0,False,1
6712,25,Female,14,1,1,1,False,1
6713,25,Female,19,0,0,1,False,0
6714,18,Male,4,1,1,1,False,1
6715,35,Female,7,1,1,1,False,1
6716,25,Male,4,1,1,1,False,1
6717,35,Male,7,1,1,1,False,1
6718,25,Female,20,1,1,1,False,1
6719,25,Female,2,1,0,0,True,0
6720,50,Male,11,1,1,1,False,1
6721,35,Male,0,1,1,1,False,1
6722,25,Male,4,0,0,1,False,0
6723,35,Male,3,1,1,1,False,1
6724,25,Female,20,1,1,0,False,1
6725,18,Male,4,1,1,0,False,1
6726,56,Male,13,1,1,1,False,1
6727,25,Male,4,1,1,0,False,1
6728,45,Male,1,1,1,0,False,1
6729,25,Male,18,0,0,0,False,0
6730,25,Male,0,1,1,0,False,1
6731,25,Male,1,1,1,1,False,1
6732,25,Male,7,1,1,1,False,1
6733,25,Male,16,1,1,0,False,1
6734,18,Male,3,1,1,0,False,1
6735,25,Female,11,1,1,1,False,1
6736,35,Male,17,1,1,1,False,1
6737,25,Male,7,1,1,0,False,1
6738,50,Male,17,1,1,1,False,1
6739,25,Male,7,1,1,0,False,1
6740,25,Male,12,1,1,0,False,1
6741,35,Male,15,1,1,0,False,1
6742,35,Male,0,1,1,1,False,1
6743,25,Male,17,1,1,1,False,1
6744,50,Female,0,1,1,1,False,1
6745,35,Female,3,0,0,0,False,0
6746,18,Male,4,1,1,1,False,1
6747,25,Male,0,0,0,1,False,0
6748,25,Male,20,1,1,1,False,1
6749,25,Male,17,1,1,0,False,1
6750,1,Male,10,1,1,0,False,1
6751,35,Male,20,1,1,0,False,1
6752,35,Male,7,1,1,0,False,1
6753,18,Male,4,1,1,0,False,1
6754,50,Female,6,1,1,0,False,1
6755,25,Male,19,1,1,0,False,1
6756,45,Male,17,1,1,0,False,1
6757,35,Male,7,1,1,1,False,1
6758,25,Male,0,1,1,1,False,1
6759,25,Male,11,1,1,0,False,1
6760,18,Female,1,1,1,1,False,1
6761,25,Female,12,1,1,0,False,1
6762,35,Male,5,0,1,0,True,1
6763,25,Male,0,1,1,1,False,1
6764,25,Female,6,1,1,1,False,1
6765,25,Female,16,1,0,0,True,0
6766,35,Female,1,1,1,0,False,1
6767,45,Male,20,1,1,0,False,1
6768,35,Male,7,0,0,0,False,0
6769,25,Male,4,1,1,1,False,1
6770,50,Female,16,0,0,0,False,0
6771,25,Male,19,0,0,0,False,0
6772,25,Male,16,1,1,0,False,1
6773,50,Male,0,1,1,1,False,1
6774,18,Male,19,1,1,1,False,1
6775,25,Male,7,1,1,0,False,1
6776,25,Male,4,1,1,1,False,1
6777,18,Male,19,0,0,1,False,0
6778,18,Male,6,1,1,0,False,1
6779,35,Male,12,1,1,1,False,1
6780,35,Male,17,1,1,1,False,1
6781,35,Female,2,1,1,0,False,1
6782,35,Female,17,1,1,0,False,1
6783,25,Female,4,1,1,1,False,1
6784,35,Female,11,1,1,1,False,1
6785,25,Male,0,1,1,1,False,1
6786,50,Male,7,1,1,1,False,1
6787,25,Male,2,0,0,1,False,0
6788,35,Male,2,1,1,0,False,1
6789,35,Male,7,0,1,1,True,1
6790,35,Female,6,0,0,1,False,0
6791,50,Male,0,0,0,1,False,0
6792,50,Male,1,1,1,0,False,1
6793,1,Female,10,1,1,0,False,1
6794,35,Male,20,1,1,1,False,1
6795,35,Female,4,1,1,0,False,1
6796,45,Male,3,1,1,1,False,1
6797,25,Male,3,0,0,1,False,0
6798,25,Male,20,1,1,0,False,1
6799,18,Male,10,1,1,1,False,1
6800,56,Male,14,1,1,0,False,1
6801,25,Female,6,1,1,1,False,1
6802,25,Male,14,1,1,1,False,1
6803,25,Male,7,1,1,1,False,1
6804,25,Male,4,1,1,0,False,1
6805,50,Female,0,1,1,1,False,1
6806,18,Female,19,1,0,1,True,0
6807,25,Male,7,0,1,1,True,1
6808,1,Male,10,1,1,1,False,1
6809,35,Female,17,1,1,1,False,1
6810,25,Male,20,0,0,0,False,0
6811,50,Male,0,0,0,0,False,0
6812,50,Female,8,1,1,1,False,1
6813,25,Male,5,0,1,1,True,1
6814,18,Male,14,0,1,0,True,1
6815,35,Female,6,1,1,1,False,1
6816,35,Male,7,0,0,0,False,0
6817,25,Male,15,0,0,0,False,0
6818,35,Male,5,1,1,1,False,1
6819,25,Male,17,1,1,1,False,1
6820,18,Male,4,1,1,0,False,1
6821,25,Male,2,0,1,1,True,1
6822,35,Female,1,1,1,1,False,1
6823,35,Male,0,0,0,1,False,0
6824,25,Male,2,1,1,0,False,1
6825,25,Male,4,1,1,1,False,1
6826,35,Male,1,1,1,1,False,1
6827,25,Male,14,1,1,1,False,1
6828,35,Male,7,1,1,1,False,1
6829,18,Female,2,0,0,0,False,0
6830,25,Female,19,1,1,0,False,1
6831,25,Male,4,1,1,0,False,1
6832,35,Male,7,1,1,0,False,1
6833,25,Male,15,0,0,1,False,0
6834,18,Male,4,1,1,0,False,1
6835,18,Male,0,0,0,1,False,0
6836,35,Male,14,1,1,0,False,1
6837,35,Male,12,1,1,0,False,1
6838,25,Female,3,1,1,0,False,1
6839,50,Male,20,1,1,1,False,1
6840,18,Male,2,0,0,0,False,0
6841,18,Male,16,1,1,1,False,1
6842,18,Male,4,0,1,0,True,1
6843,25,Male,2,1,1,0,False,1
6844,45,Female,6,1,1,1,False,1
6845,45,Male,11,1,1,1,False,1
6846,35,Male,6,1,1,0,False,1
6847,45,Female,1,1,1,0,False,1
6848,50,Male,12,1,1,1,False,1
6849,18,Male,4,0,0,1,False,0
6850,25,Male,0,1,1,0,False,1
6851,25,Male,0,1,1,1,False,1
6852,25,Female,4,1,1,1,False,1
6853,25,Male,0,1,1,0,False,1
6854,25,Female,7,1,1,1,False,1
6855,35,Male,7,1,1,0,False,1
6856,45,Female,1,1,1,1,False,1
6857,56,Male,17,1,1,1,False,1
6858,25,Male,4,1,1,0,False,1
6859,18,Male,11,0,1,1,True,1
6860,18,Male,4,1,1,1,False,1
6861,45,Male,1,1,1,0,False,1
6862,25,Male,0,1,1,0,False,1
6863,18,Male,4,1,1,0,False,1
6864,25,Male,1,0,0,0,False,0
6865,25,Male,11,0,0,1,False,0
6866,45,Male,0,1,1,0,False,1
6867,35,Male,0,0,0,0,False,0
6868,18,Male,20,0,0,1,False,0
6869,25,Female,9,1,1,0,False,1
6870,45,Male,12,1,1,1,False,1
6871,45,Male,20,1,1,1,False,1
6872,25,Male,14,1,1,0,False,1
6873,25,Male,1,1,1,0,False,1
6874,25,Male,1,1,1,1,False,1
6875,45,Male,17,1,1,1,False,1
6876,35,Male,1,1,1,1,False,1
6877,18,Male,4,1,1,0,False,1
6878,35,Female,6,0,0,0,False,0
6879,35,Male,17,1,1,1,False,1
6880,25,Female,20,1,1,1,False,1
6881,25,Male,12,1,1,1,False,1
6882,45,Female,1,0,0,1,False,0
6883,25,Female,15,1,1,1,False,1
6884,35,Male,7,1,1,0,False,1
6885,25,Female,4,1,1,1,False,1
6886,18,Male,20,0,0,0,False,0
6887,25,Male,2,1,1,1,False,1
6888,18,Female,4,1,1,1,False,1
6889,25,Male,0,1,1,1,False,1
6890,25,Female,14,1,1,1,False,1
6891,25,Female,2,1,1,1,False,1
6892,35,Male,7,1,1,1,False,1
6893,45,Female,1,1,1,1,False,1
6894,25,Male,15,1,1,0,False,1
6895,35,Male,16,1,1,1,False,1
6896,50,Male,20,1,1,0,False,1
6897,50,Female,0,0,0,1,False,0
6898,25,Male,20,1,1,1,False,1
6899,50,Male,0,1,1,0,False,1
6900,25,Male,2,1,1,1,False,1
6901,25,Male,1,1,1,1,False,1
6902,25,Male,7,1,1,1,False,1
6903,35,Female,4,1,1,0,False,1
6904,35,Male,0,0,1,0,True,1
6905,50,Male,6,1,1,1,False,1
6906,35,Male,7,1,1,1,False,1
6907,25,Female,4,1,1,1,False,1
6908,50,Male,7,1,1,1,False,1
6909,25,Male,4,1,1,1,False,1
6910,25,Male,0,1,1,1,False,1
6911,18,Male,4,1,1,0,False,1
6912,25,Male,7,1,1,1,False,1
6913,50,Female,4,0,0,1,False,0
6914,25,Male,17,1,1,0,False,1
6915,50,Male,16,0,0,0,False,0
6916,35,Male,20,0,0,1,False,0
6917,25,Female,4,1,1,1,False,1
6918,25,Male,0,0,0,0,False,0
6919,45,Male,3,1,1,0,False,1
6920,18,Male,20,0,0,0,False,0
6921,50,Female,6,1,1,1,False,1
6922,56,Male,19,1,1,1,False,1
6923,50,Male,16,1,1,1,False,1
6924,56,Male,13,1,1,1,False,1
6925,35,Male,0,0,1,1,True,1
6926,35,Male,7,1,1,1,False,1
6927,25,Male,4,0,0,0,False,0
6928,18,Female,1,1,1,0,False,1
6929,25,Male,17,1,1,1,False,1
6930,25,Female,17,1,1,0,False,1
6931,25,Male,4,1,1,0,False,1
6932,18,Male,4,1,1,0,False,1
6933,25,Female,15,1,1,1,False,1
6934,25,Male,2,0,0,1,False,0
6935,25,Male,0,1,1,0,False,1
6936,18,Male,4,1,1,1,False,1
6937,25,Male,0,0,1,1,True,1
6938,18,Male,0,1,1,1,False,1
6939,45,Male,13,1,1,0,False,1
6940,35,Male,0,1,1,0,False,1
6941,45,Female,1,1,1,0,False,1
6942,35,Female,3,1,1,1,False,1
6943,45,Male,0,1,1,0,False,1
6944,25,Male,16,1,1,0,False,1
6945,25,Female,20,1,1,0,False,1
6946,25,Male,4,1,1,0,False,1
6947,25,Male,7,1,1,1,False,1
6948,25,Male,14,1,1,0,False,1
6949,25,Male,12,0,0,0,False,0
6950,35,Male,17,0,0,1,False,0
6951,35,Female,12,1,1,0,False,1
6952,18,Male,4,1,1,1,False,1
6953,1,Female,10,1,1,1,False,1
6954,25,Male,2,0,1,1,True,1
6955,25,Male,4,0,0,0,False,0
6956,35,Female,16,1,1,1,False,1
6957,45,Male,1,1,1,1,False,1
6958,45,Male,11,1,1,1,False,1
6959,45,Male,5,1,1,1,False,1
6960,25,Male,7,0,0,0,False,0
6961,25,Male,17,0,0,1,False,0
6962,50,Male,7,1,1,0,False,1
6963,25,Female,3,1,1,1,False,1
6964,25,Female,12,1,1,1,False,1
6965,18,Male,4,1,1,0,False,1
6966,35,Female,0,1,1,0,False,1
6967,50,Male,17,1,1,0,False,1
6968,18,Male,10,1,1,0,False,1
6969,25,Male,4,1,1,1,False,1
6970,18,Male,20,1,1,1,False,1
6971,18,Male,4,0,1,1,True,1
6972,50,Female,13,1,1,0,False,1
6973,25,Male,12,1,1,1,False,1
6974,25,Male,7,0,0,0,False,0
6975,35,Male,0,0,0,1,False,0
6976,25,Male,0,1,1,1,False,1
6977,45,Male,3,1,1,0,False,1
6978,25,Female,20,1,1,1,False,1
6979,25,Male,7,1,1,1,False,1
6980,1,Male,10,1,1,0,False,1
6981,18,Female,4,1,1,1,False,1
6982,25,Male,2,0,0,1,False,0
6983,35,Male,12,1,1,1,False,1
6984,25,Female,2,1,1,0,False,1
6985,50,Male,7,1,1,0,False,1
6986,56,Male,13,1,1,0,False,1
6987,18,Male,20,0,0,0,False,0
6988,18,Female,19,1,1,1,False,1
6989,25,Male,20,0,0,0,False,0
6990,25,Female,2,1,1,1,False,1
6991,50,Male,13,1,1,1,False,1
6992,18,Male,0,0,0,1,False,0
6993,18,Male,4,1,1,0,False,1
6994,50,Male,3,1,1,1,False,1
6995,18,Male,4,1,1,1,False,1
6996,25,Male,7,1,1,1,False,1
6997,25,Male,0,1,1,1,False,1
6998,25,Male,4,1,1,1,False,1
6999,25,Female,20,0,0,0,False,0
7000,18,Male,4,0,1,0,True,1
7001,25,Male,0,1,1,1,False,1
7002,1,Male,10,0,1,1,True,1
7003,45,Male,5,1,1,0,False,1
7004,25,Male,0,1,1,0,False,1
7005,25,Male,0,0,0,1,False,0
7006,35,Female,6,1,1,0,False,1
7007,25,Male,18,1,1,0,False,1
7008,25,Female,6,1,1,0,False,1
7009,25,Male,7,1,1,1,False,1
7010,25,Female,7,1,1,1,False,1
7011,25,Male,16,1,1,1,False,1
7012,18,Female,2,1,1,0,False,1
7013,50,Male,0,1,1,1,False,1
7014,25,Male,0,1,1,1,False,1
7015,45,Male,18,1,1,1,False,1
7016,35,Male,17,0,0,1,False,0
7017,35,Male,3,1,1,1,False,1
7018,35,Male,18,1,1,1,False,1
7019,50,Male,0,1,1,1,False,1
7020,25,Female,2,1,1,1,False,1
7021,25,Male,17,0,1,1,True,1
7022,25,Male,5,1,1,0,False,1
7023,25,Female,3,1,1,1,False,1
7024,45,Female,1,1,1,1,False,1
7025,25,Female,1,1,1,1,False,1
7026,25,Male,17,1,1,0,False,1
7027,25,Female,17,1,1,0,False,1
7028,25,Male,4,1,1,0,False,1
7029,18,Female,17,1,1,0,False,1
7030,56,Male,16,1,1,0,False,1
7031,18,Male,14,1,1,1,False,1
7032,35,Female,19,1,1,0,False,1
7033,1,Female,10,1,1,1,False,1
7034,50,Male,0,1,1,0,False,1
7035,35,Female,1,0,0,0,False,0
7036,25,Male,14,1,1,1,False,1
7037,56,Male,2,1,1,0,False,1
7038,35,Male,17,1,1,0,False,1
7039,45,Male,18,1,1,1,False,1
7040,35,Male,7,1,1,0,False,1
7041,45,Male,18,1,1,1,False,1
7042,18,Male,12,0,0,1,False,0
7043,18,Female,4,1,1,0,False,1
7044,25,Male,11,1,1,1,False,1
7045,56,Male,7,1,1,1,False,1
7046,18,Male,20,0,0,1,False,0
7047,25,Male,0,1,1,1,False,1
7048,25,Female,1,1,1,1,False,1
7049,25,Male,12,1,1,1,False,1
7050,35,Male,12,1,1,1,False,1
7051,35,Male,0,1,1,1,False,1
7052,25,Male,20,0,0,0,False,0
7053,18,Female,4,1,1,0,False,1
7054,1,Female,0,1,1,1,False,1
7055,35,Male,1,1,1,0,False,1
7056,25,Male,4,1,1,0,False,1
7057,56,Male,16,1,1,0,False,1
7058,25,Male,8,0,0,0,False,0
7059,35,Male,6,1,1,0,False,1
7060,25,Male,4,1,1,1,False,1
7061,18,Male,2,0,0,0,False,0
7062,25,Male,5,1,1,1,False,1
7063,35,Male,19,0,1,0,True,1
7064,45,Male,18,1,1,1,False,1
7065,25,Male,4,1,1,0,False,1
7066,25,Male,12,1,1,1,False,1
7067,25,Male,20,0,0,0,False,0
7068,25,Female,12,1,1,1,False,1
7069,35,Male,14,1,1,1,False,1
7070,25,Male,0,1,1,0,False,1
7071,35,Male,17,1,1,0,False,1
7072,25,Male,0,0,0,1,False,0
7073,45,Female,16,1,1,0,False,1
7074,25,Female,12,1,1,0,False,1
7075,25,Female,6,1,1,0,False,1
7076,25,Male,4,1,1,0,False,1
7077,25,Male,0,1,1,0,False,1
7078,18,Male,6,1,1,1,False,1
7079,35,Male,17,1,1,1,False,1
7080,25,Female,1,1,1,1,False,1
7081,35,Male,20,0,0,0,False,0
7082,35,Male,7,1,1,0,False,1
7083,25,Male,5,1,1,0,False,1
7084,35,Female,17,1,1,0,False,1
7085,25,Male,11,1,1,1,False,1
7086,45,Female,0,1,1,0,False,1
7087,25,Female,1,0,0,0,False,0
7088,35,Male,1,1,1,1,False,1
7089,18,Male,4,1,1,1,False,1
7090,18,Male,20,0,0,1,False,0
7091,50,Male,1,1,1,0,False,1
7092,35,Male,7,1,1,1,False,1
7093,25,Female,4,1,1,1,False,1
7094,25,Male,20,1,1,1,False,1
7095,18,Male,4,1,1,1,False,1
7096,35,Male,7,1,1,0,False,1
7097,18,Male,4,1,1,0,False,1
7098,18,Male,17,0,0,0,False,0
7099,25,Female,17,1,1,1,False,1
7100,50,Male,0,1,1,0,False,1
7101,18,Male,12,1,1,0,False,1
7102,25,Male,20,0,1,0,True,1
7103,25,Male,14,1,1,1,False,1
7104,18,Male,4,0,0,0,False,0
7105,45,Male,14,1,1,0,False,1
7106,25,Male,4,1,1,0,False,1
7107,35,Male,14,0,0,0,False,0
7108,25,Female,0,1,1,1,False,1
7109,25,Male,11,1,1,0,False,1
7110,18,Female,1,1,1,0,False,1
7111,18,Male,18,1,1,0,False,1
7112,25,Male,17,1,1,1,False,1
7113,25,Female,0,1,1,1,False,1
7114,35,Female,2,1,1,1,False,1
7115,18,Female,19,0,0,0,False,0
7116,35,Male,7,1,1,0,False,1
7117,25,Female,0,1,1,0,False,1
7118,35,Male,17,0,0,0,False,0
7119,35,Male,11,1,1,1,False,1
7120,18,Male,0,1,1,0,False,1
7121,45,Male,19,1,1,1,False,1
7122,25,Male,12,1,1,1,False,1
7123,25,Male,4,1,1,1,False,1
7124,50,Male,6,1,1,1,False,1
7125,18,Male,14,1,1,1,False,1
7126,25,Male,1,0,0,1,False,0
7127,35,Male,3,1,1,0,False,1
7128,35,Male,1,1,1,1,False,1
7129,18,Male,3,1,1,0,False,1
7130,56,Male,17,1,1,1,False,1
7131,56,Male,7,1,1,1,False,1
7132,35,Male,1,1,1,0,False,1
7133,35,Male,7,1,1,0,False,1
7134,50,Female,6,1,1,0,False,1
7135,35,Male,11,1,1,1,False,1
7136,25,Male,1,0,0,0,False,0
7137,18,Male,4,1,1,0,False,1
7138,25,Male,0,1,1,1,False,1
7139,25,Male,12,1,1,0,False,1
7140,45,Male,20,1,1,0,False,1
7141,35,Male,7,1,1,0,False,1
7142,18,Male,4,0,0,0,False,0
7143,25,Male,4,1,1,1,False,1
7144,25,Male,4,1,1,1,False,1
7145,25,Female,1,1,1,1,False,1
7146,25,Male,0,1,1,1,False,1
7147,50,Male,5,1,1,1,False,1
7148,1,Male,10,0,1,1,True,1
7149,25,Male,12,1,1,1,False,1
7150,35,Male,7,1,1,1,False,1
7151,18,Male,4,1,1,0,False,1
7152,45,Male,16,1,1,1,False,1
7153,25,Male,7,1,1,1,False,1
7154,25,Female,0,1,1,0,False,1
7155,25,Male,20,1,1,1,False,1
7156,25,Male,4,1,1,0,False,1
7157,35,Male,6,1,1,1,False,1
7158,25,Male,4,1,1,0,False,1
7159,45,Male,3,1,1,1,False,1
7160,25,Male,7,1,1,1,False,1
7161,25,Male,4,1,1,1,False,1
7162,18,Male,4,0,1,0,True,1
7163,50,Female,6,1,1,0,False,1
7164,35,Female,16,1,1,0,False,1
7165,35,Female,0,1,1,0,False,1
7166,18,Male,10,1,1,1,False,1
7167,56,Female,1,1,1,1,False,1
7168,35,Male,17,1,1,1,False,1
7169,25,Male,0,1,1,1,False,1
7170,45,Male,12,1,1,0,False,1
7171,35,Female,2,1,1,0,False,1
7172,50,Female,1,1,1,0,False,1
7173,35,Female,7,1,1,1,False,1
7174,25,Male,7,1,1,0,False,1
7175,25,Female,9,1,1,1,False,1
7176,50,Male,11,1,1,0,False,1
7177,18,Female,4,1,1,1,False,1
7178,25,Male,0,1,1,1,False,1
7179,25,Male,6,0,0,1,False,0
7180,18,Male,0,0,0,1,False,0
7181,35,Male,7,1,1,1,False,1
7182,56,Male,18,1,1,0,False,1
7183,18,Male,5,1,1,1,False,1
7184,25,Male,20,1,1,1,False,1
7185,35,Male,16,1,1,1,False,1
7186,25,Male,18,1,1,1,False,1
7187,18,Female,4,1,1,1,False,1
7188,25,Male,1,1,1,0,False,1
7189,35,Male,18,1,1,1,False,1
7190,18,Male,4,0,0,1,False,0
7191,35,Male,17,1,1,1,False,1
7192,35,Female,3,1,1,1,False,1
7193,50,Male,13,1,1,1,False,1
7194,25,Male,0,1,1,0,False,1
7195,50,Male,0,0,0,0,False,0
7196,18,Female,4,1,1,1,False,1
7197,50,Male,0,1,1,1,False,1
7198,25,Male,11,1,1,1,False,1
7199,25,Male,12,1,1,0,False,1
7200,45,Male,7,0,0,0,False,0
7201,25,Male,6,1,1,0,False,1
7202,25,Male,7,1,1,1,False,1
7203,35,Male,3,1,1,1,False,1
7204,35,Male,16,1,1,1,False,1
7205,35,Female,0,1,1,0,False,1
7206,25,Male,11,1,1,0,False,1
7207,25,Male,12,1,1,1,False,1
7208,35,Female,5,1,1,1,False,1
7209,25,Male,0,1,1,0,False,1
7210,25,Male,1,0,0,1,False,0
7211,25,Male,7,1,1,1,False,1
7212,25,Male,7,1,1,1,False,1
7213,25,Male,14,1,1,0,False,1
7214,25,Female,6,1,1,1,False,1
7215,25,Male,12,1,1,1,False,1
7216,45,Male,1,0,1,1,True,1
7217,50,Male,6,1,1,0,False,1
7218,50,Male,7,1,1,0,False,1
7219,35,Male,14,1,1,1,False,1
7220,25,Female,3,1,1,0,False,1
7221,18,Female,2,0,0,1,False,0
7222,18,Male,4,1,1,1,False,1
7223,25,Male,17,1,1,1,False,1
7224,56,Male,1,1,1,1,False,1
7225,35,Male,7,1,1,0,False,1
7226,18,Male,4,1,1,1,False,1
7227,56,Female,0,1,1,1,False,1
7228,56,Male,13,1,1,1,False,1
7229,25,Female,1,1,1,1,False,1
7230,18,Male,15,1,1,0,False,1
7231,45,Female,16,1,0,1,True,0
7232,35,Male,12,1,1,0,False,1
7233,25,Female,12,1,1,1,False,1
7234,18,Female,19,0,0,1,False,0
7235,25,Male,11,1,1,0,False,1
7236,45,Male,17,1,1,1,False,1
7237,25,Male,0,0,0,0,False,0
7238,18,Female,4,1,1,1,False,1
7239,35,Female,6,0,0,1,False,0
7240,35,Female,14,1,1,0,False,1
7241,25,Female,12,1,1,1,False,1
7242,25,Male,16,1,1,0,False,1
7243,25,Male,20,1,1,0,False,1
7244,18,Male,4,1,1,1,False,1
7245,25,Female,12,1,1,1,False,1
7246,25,Female,3,1,1,0,False,1
7247,35,Female,1,0,0,1,False,0
7248,25,Female,0,1,1,0,False,1
7249,56,Male,16,1,1,1,False,1
7250,50,Male,1,1,1,1,False,1
7251,56,Male,17,1,1,0,False,1
7252,35,Male,16,1,1,1,False,1
7253,1,Male,0,1,1,0,False,1
7254,50,Female,16,1,1,1,False,1
7255,18,Male,4,1,1,0,False,1
7256,50,Male,0,1,1,1,False,1
7257,25,Female,7,1,1,1,False,1
7258,25,Male,0,1,1,1,False,1
7259,18,Male,4,1,1,0,False,1
7260,25,Female,1,1,1,1,False,1
7261,25,Male,6,1,1,1,False,1
7262,25,Male,4,1,1,0,False,1
7263,1,Female,0,1,1,0,False,1
7264,18,Male,4,1,1,1,False,1
7265,35,Male,0,0,0,0,False,0
7266,35,Female,3,1,1,0,False,1
7267,35,Male,7,0,0,1,False,0
7268,25,Male,5,1,1,0,False,1
7269,18,Male,20,0,0,1,False,0
7270,18,Male,4,0,0,0,False,0
7271,25,Male,0,1,1,1,False,1
7272,56,Male,17,1,1,1,False,1
7273,50,Female,6,1,1,1,False,1
7274,18,Female,4,1,1,1,False,1
7275,25,Male,0,1,1,1,False,1
7276,45,Male,5,1,1,0,False,1
7277,18,Female,2,1,1,0,False,1
7278,25,Male,1,0,0,1,False,0
7279,18,Male,12,1,1,0,False,1
7280,35,Female,1,1,1,1,False,1
7281,25,Male,3,1,1,1,False,1
7282,25,Male,12,1,1,0,False,1
7283,35,Female,0,1,1,1,False,1
7284,50,Male,0,0,0,0,False,0
7285,45,Male,6,1,1,1,False,1
7286,18,Male,0,1,1,1,False,1
7287,18,Female,4,1,1,1,False,1
7288,1,Male,19,0,0,1,False,0
7289,25,Female,4,1,1,0,False,1
7290,56,Male,17,1,1,1,False,1
7291,25,Male,4,1,1,1,False,1
7292,45,Male,16,1,1,0,False,1
7293,25,Male,0,1,1,1,False,1
7294,18,Male,4,0,1,0,True,1
7295,45,Female,0,1,1,0,False,1
7296,25,Male,14,0,0,1,False,0
7297,25,Male,11,1,1,0,False,1
7298,50,Female,20,1,1,1,False,1
7299,35,Female,16,1,1,0,False,1
7300,25,Male,0,1,1,1,False,1
7301,25,Male,4,1,1,1,False,1
7302,25,Male,17,1,1,1,False,1
7303,35,Male,1,0,0,1,False,0
7304,35,Female,1,1,1,1,False,1
7305,25,Female,4,1,1,1,False,1
7306,25,Male,2,1,1,1,False,1
7307,25,Male,7,1,1,1,False,1
7308,25,Male,2,0,0,0,False,0
7309,18,Male,16,0,0,1,False,0
7310,56,Male,7,1,1,0,False,1
7311,25,Female,2,1,1,1,False,1
7312,25,Male,2,1,1,1,False,1
7313,25,Male,17,1,1,1,False,1
7314,50,Male,1,1,1,1,False,1
7315,25,Male,20,1,1,0,False,1
7316,50,Male,1,1,1,1,False,1
7317,50,Male,1,0,0,1,False,0
7318,35,Male,9,1,1,1,False,1
7319,45,Male,11,1,1,1,False,1
7320,45,Male,17,1,1,0,False,1
7321,45,Male,17,1,1,1,False,1
7322,25,Male,0,1,1,0,False,1
7323,25,Female,3,1,1,0,False,1
7324,56,Male,12,0,0,1,False,0
7325,1,Female,10,1,1,1,False,1
7326,18,Male,4,1,1,1,False,1
7327,18,Male,17,0,0,0,False,0
7328,35,Male,0,1,1,0,False,1
7329,18,Male,4,0,0,0,False,0
7330,35,Male,7,1,1,0,False,1
7331,50,Male,7,1,1,0,False,1
7332,35,Male,2,1,1,1,False,1
7333,18,Male,12,1,1,1,False,1
7334,25,Male,4,1,1,1,False,1
7335,35,Female,1,1,1,1,False,1
7336,1,Male,10,0,0,0,False,0
7337,45,Male,17,1,1,1,False,1
7338,25,Male,7,1,1,0,False,1
7339,35,Male,0,1,1,1,False,1
7340,50,Male,3,1,1,0,False,1
7341,35,Male,5,1,1,1,False,1
7342,25,Male,17,1,1,0,False,1
7343,50,Male,20,1,1,1,False,1
7344,25,Male,1,0,1,0,True,1
7345,56,Female,1,1,1,1,False,1
7346,25,Male,14,1,1,0,False,1
7347,25,Male,14,1,1,0,False,1
7348,35,Male,17,1,1,1,False,1
7349,35,Female,1,1,1,1,False,1
7350,25,Male,6,1,1,1,False,1
7351,25,Male,17,0,0,0,False,0
7352,45,Female,14,1,1,1,False,1
7353,18,Male,15,1,1,0,False,1
7354,25,Male,3,1,1,1,False,1
7355,50,Male,7,1,1,1,False,1
7356,56,Male,19,1,1,1,False,1
7357,25,Male,20,0,0,1,False,0
7358,18,Male,6,1,1,1,False,1
7359,35,Female,1,1,1,1,False,1
7360,45,Male,5,1,1,0,False,1
7361,56,Male,13,1,1,1,False,1
7362,35,Female,6,1,1,0,False,1
7363,25,Female,20,1,1,1,False,1
7364,35,Male,7,1,1,1,False,1
7365,50,Male,0,1,1,1,False,1
7366,45,Male,20,0,0,1,False,0
7367,25,Male,0,1,1,1,False,1
7368,25,Male,12,1,1,1,False,1
7369,35,Male,12,1,1,1,False,1
7370,25,Male,0,0,0,1,False,0
7371,35,Male,14,1,1,1,False,1
7372,18,Male,4,1,1,0,False,1
7373,35,Male,6,1,1,0,False,1
7374,25,Male,0,1,1,0,False,1
7375,18,Male,16,0,0,0,False,0
7376,25,Male,4,1,1,0,False,1
7377,35,Female,20,1,1,1,False,1
7378,35,Male,7,0,0,0,False,0
7379,35,Female,0,1,1,0,False,1
7380,35,Male,2,1,1,1,False,1
7381,35,Male,14,1,1,1,False,1
7382,25,Male,5,1,1,1,False,1
7383,25,Male,3,1,1,0,False,1
7384,25,Male,4,1,1,1,False,1
7385,25,Male,5,0,0,0,False,0
7386,50,Female,16,1,1,1,False,1
7387,25,Male,4,0,1,0,True,1
7388,25,Male,0,1,1,1,False,1
7389,45,Male,7,1,1,1,False,1
7390,50,Male,17,1,1,0,False,1
7391,45,Male,7,1,1,1,False,1
7392,50,Female,20,1,1,1,False,1
7393,35,Female,16,1,1,1,False,1
7394,18,Female,19,0,0,0,False,0
7395,35,Female,7,1,1,0,False,1
7396,25,Male,0,1,1,0,False,1
7397,18,Male,17,1,1,1,False,1
7398,18,Female,4,1,1,0,False,1
7399,25,Male,5,0,0,0,False,0
7400,35,Male,6,1,1,1,False,1
7401,50,Male,16,1,1,1,False,1
7402,25,Female,0,1,1,1,False,1
7403,25,Male,5,0,0,1,False,0
7404,25,Male,1,0,1,0,True,1
7405,25,Male,15,1,1,1,False,1
7406,25,Male,11,1,1,1,False,1
7407,35,Male,15,1,1,1,False,1
7408,25,Male,7,1,1,1,False,1
7409,18,Male,4,0,0,1,False,0
7410,45,Male,1,1,1,0,False,1
7411,25,Male,0,1,1,0,False,1
7412,35,Female,3,1,1,1,False,1
7413,18,Male,4,0,0,1,False,0
7414,25,Male,7,1,1,0,False,1
7415,25,Male,1,0,0,0,False,0
7416,50,Female,6,1,1,1,False,1
7417,56,Male,20,1,1,1,False,1
7418,25,Male,17,1,1,1,False,1
7419,56,Male,17,1,1,0,False,1
7420,25,Male,4,1,1,1,False,1
7421,35,Male,20,1,1,1,False,1
7422,50,Male,12,1,1,1,False,1
7423,25,Female,17,1,1,1,False,1
7424,35,Male,15,1,1,1,False,1
7425,25,Male,7,1,1,0,False,1
7426,25,Male,0,0,0,0,False,0
7427,35,Male,14,1,1,1,False,1
7428,25,Male,7,1,1,1,False,1
7429,25,Male,1,0,0,0,False,0
7430,35,Male,14,1,1,1,False,1
7431,35,Male,2,1,1,0,False,1
7432,25,Male,14,1,1,0,False,1
7433,35,Female,2,1,1,0,False,1
7434,25,Male,17,1,1,1,False,1
7435,25,Male,14,0,0,0,False,0
7436,35,Female,2,1,1,1,False,1
7437,56,Female,0,1,1,1,False,1
7438,25,Male,0,1,1,1,False,1
7439,18,Male,0,0,1,1,True,1
7440,25,Male,20,1,1,1,False,1
7441,50,Male,17,1,1,1,False,1
7442,25,Female,15,1,1,1,False,1
7443,50,Male,16,1,1,1,False,1
7444,1,Male,10,1,1,0,False,1
7445,18,Male,4,0,1,1,True,1
7446,35,Female,7,1,1,0,False,1
7447,45,Male,17,1,1,0,False,1
7448,18,Male,0,1,1,0,False,1
7449,50,Male,6,1,1,0,False,1
7450,18,Female,2,1,1,0,False,1
7451,35,Female,0,1,1,1,False,1
7452,25,Male,1,1,1,1,False,1
7453,45,Male,7,1,1,0,False,1
7454,18,Male,15,0,1,1,True,1
7455,18,Male,1,1,1,1,False,1
7456,56,Female,0,1,1,0,False,1
7457,18,Male,4,1,1,1,False,1
7458,1,Male,10,1,1,1,False,1
7459,56,Female,15,1,1,0,False,1
7460,25,Female,7,1,1,1,False,1
7461,18,Male,2,1,1,1,False,1
7462,25,Male,4,1,1,1,False,1
7463,25,Male,17,1,1,1,False,1
7464,35,Male,7,1,1,1,False,1
7465,25,Female,0,1,1,0,False,1
7466,25,Male,1,1,1,1,False,1
7467,25,Male,18,0,0,1,False,0
7468,18,Male,4,0,1,1,True,1
7469,18,Male,4,1,1,1,False,1
7470,25,Male,3,1,1,1,False,1
7471,25,Female,2,1,1,1,False,1
7472,1,Female,10,1,0,1,True,0
7473,35,Male,18,1,1,1,False,1
7474,35,Male,20,1,1,0,False,1
7475,25,Male,1,0,0,1,False,0
7476,25,Male,4,1,1,1,False,1
7477,35,Female,2,1,1,0,False,1
7478,25,Male,3,1,1,1,False,1
7479,25,Female,1,1,1,1,False,1
7480,25,Male,16,1,1,0,False,1
7481,50,Male,18,1,1,0,False,1
7482,25,Male,1,1,1,1,False,1
7483,1,Male,0,0,0,0,False,0
7484,50,Female,0,0,0,0,False,0
7485,18,Male,14,1,1,0,False,1
7486,35,Male,12,1,1,1,False,1
7487,35,Male,2,1,1,0,False,1
7488,25,Female,7,1,1,1,False,1
7489,35,Female,20,1,0,0,True,0
7490,35,Female,7,1,1,0,False,1
7491,25,Female,20,1,0,1,True,0
7492,45,Female,20,0,0,0,False,0
7493,50,Male,14,1,1,1,False,1
7494,18,Male,4,1,1,1,False,1
7495,25,Female,2,1,0,0,True,0
7496,25,Male,12,1,1,1,False,1
7497,18,Male,19,0,0,0,False,0
7498,35,Male,0,1,1,1,False,1
7499,25,Female,2,1,1,1,False,1
7500,18,Male,4,1,1,0,False,1
7501,25,Male,2,0,0,1,False,0
7502,18,Male,10,1,1,0,False,1
7503,18,Male,0,1,1,1,False,1
7504,25,Male,17,1,1,0,False,1
7505,25,Male,0,1,1,0,False,1
7506,35,Female,1,1,1,1,False,1
7507,25,Male,0,0,1,1,True,1
7508,35,Male,20,0,1,1,True,1
7509,35,Female,1,1,0,1,True,0
7510,25,Male,7,1,1,1,False,1
7511,45,Male,16,1,1,1,False,1
7512,25,Female,1,1,1,0,False,1
7513,35,Female,4,1,1,1,False,1
7514,45,Male,17,1,1,0,False,1
7515,25,Male,16,1,1,0,False,1
7516,50,Female,6,1,1,0,False,1
7517,25,Male,1,0,0,0,False,0
7518,25,Male,2,1,1,1,False,1
7519,1,Male,10,1,1,1,False,1
7520,18,Female,0,1,1,0,False,1
7521,18,Male,4,0,1,1,True,1
7522,25,Male,18,1,1,0,False,1
7523,50,Female,1,1,1,0,False,1
7524,35,Male,7,1,1,0,False,1
7525,35,Male,17,1,1,1,False,1
7526,18,Female,12,1,1,1,False,1
7527,25,Male,0,1,1,1,False,1
7528,25,Female,0,1,1,1,False,1
7529,50,Male,6,1,1,0,False,1
7530,25,Female,4,0,0,0,False,0
7531,50,Male,7,1,1,0,False,1
7532,35,Male,17,1,1,1,False,1
7533,35,Male,17,1,1,0,False,1
7534,25,Female,0,1,1,1,False,1
7535,35,Male,17,1,1,0,False,1
7536,25,Male,5,1,1,1,False,1
7537,25,Male,1,1,1,1,False,1
7538,25,Male,17,1,1,0,False,1
7539,35,Male,17,1,1,0,False,1
7540,25,Male,12,1,1,1,False,1
7541,35,Male,16,1,1,1,False,1
7542,35,Female,4,1,1,0,False,1
7543,45,Male,20,1,1,1,False,1
7544,25,Male,2,0,0,1,False,0
7545,25,Male,0,1,1,1,False,1
7546,35,Male,17,1,1,1,False,1
7547,25,Male,0,1,1,1,False,1
7548,25,Male,3,1,1,1,False,1
7549,25,Male,7,1,1,0,False,1
7550,35,Female,9,1,0,0,True,0
7551,25,Female,7,1,1,0,False,1
7552,18,Female,4,1,1,1,False,1
7553,18,Male,4,1,1,1,False,1
7554,35,Male,17,1,1,0,False,1
7555,25,Male,7,0,0,0,False,0
7556,56,Male,7,1,1,0,False,1
7557,25,Female,14,1,1,0,False,1
7558,18,Male,19,0,0,1,False,0
7559,35,Female,9,1,1,1,False,1
7560,50,Male,0,1,1,1,False,1
7561,35,Male,17,1,1,1,False,1
7562,25,Male,0,1,1,0,False,1
7563,35,Male,20,1,1,1,False,1
7564,25,Female,0,1,1,1,False,1
7565,18,Male,4,1,1,0,False,1
7566,25,Male,14,1,1,1,False,1
7567,45,Male,8,1,1,1,False,1
7568,25,Male,5,1,1,0,False,1
7569,25,Male,17,1,1,1,False,1
7570,25,Male,17,1,1,1,False,1
7571,18,Male,4,0,1,1,True,1
7572,25,Female,2,1,1,1,False,1
7573,1,Female,10,1,1,1,False,1
7574,56,Male,7,1,1,1,False,1
7575,18,Male,17,0,0,0,False,0
7576,45,Male,7,1,1,0,False,1
7577,18,Male,4,1,1,1,False,1
7578,56,Male,1,1,1,1,False,1
7579,35,Male,7,1,1,0,False,1
7580,25,Male,17,1,1,1,False,1
7581,25,Male,1,0,0,1,False,0
7582,18,Female,4,1,0,0,True,0
7583,18,Female,4,1,1,0,False,1
7584,45,Male,17,1,1,1,False,1
7585,50,Female,7,1,1,0,False,1
7586,56,Female,0,1,1,0,False,1
7587,35,Male,16,1,1,0,False,1
7588,25,Male,12,1,1,0,False,1
7589,25,Female,1,1,1,1,False,1
7590,35,Male,15,1,1,1,False,1
7591,45,Male,12,1,1,0,False,1
7592,25,Male,7,1,1,1,False,1
7593,35,Male,17,1,1,1,False,1
7594,1,Male,10,0,0,0,False,0
7595,35,Male,7,1,1,1,False,1
7596,25,Male,17,1,1,0,False,1
7597,50,Male,6,1,1,0,False,1
7598,35,Female,7,1,1,1,False,1
7599,45,Male,6,1,1,1,False,1
7600,35,Female,1,1,1,1,False,1
7601,35,Male,14,1,1,1,False,1
7602,25,Male,20,1,1,1,False,1
7603,25,Male,14,1,1,1,False,1
7604,45,Male,18,0,0,0,False,0
7605,25,Male,4,1,1,0,False,1
7606,25,Male,14,1,1,0,False,1
7607,1,Male,10,0,0,0,False,0
7608,50,Female,3,1,1,1,False,1
7609,25,Male,7,1,1,0,False,1
7610,18,Male,10,0,0,0,False,0
7611,45,Male,6,1,1,0,False,1
7612,56,Female,0,1,1,0,False,1
7613,1,Female,10,1,1,1,False,1
7614,45,Male,7,1,1,1,False,1
7615,35,Male,14,1,1,0,False,1
7616,35,Male,7,1,1,0,False,1
7617,35,Male,20,1,1,1,False,1
7618,25,Female,6,1,1,1,False,1
7619,18,Male,4,1,1,1,False,1
7620,25,Female,2,1,1,0,False,1
7621,18,Male,4,1,1,0,False,1
7622,56,Male,16,1,1,1,False,1
7623,45,Male,2,1,1,0,False,1
7624,35,Female,2,1,1,1,False,1
7625,25,Male,20,1,1,0,False,1
7626,25,Female,12,1,1,1,False,1
7627,56,Male,17,1,1,1,False,1
7628,25,Male,0,1,1,1,False,1
7629,56,Male,15,1,1,0,False,1
7630,45,Male,0,1,1,0,False,1
7631,25,Female,7,1,1,1,False,1
7632,25,Male,14,1,1,0,False,1
7633,25,Male,4,1,1,1,False,1
7634,50,Male,13,1,1,0,False,1
7635,25,Female,12,1,1,1,False,1
7636,35,Male,17,1,1,0,False,1
7637,50,Male,16,1,1,0,False,1
7638,18,Male,20,0,0,0,False,0
7639,18,Male,1,0,0,0,False,0
7640,25,Female,6,1,1,0,False,1
7641,50,Male,16,1,1,1,False,1
7642,35,Male,12,1,1,0,False,1
7643,18,Female,0,1,1,1,False,1
7644,18,Female,4,1,1,1,False,1
7645,25,Male,0,1,1,0,False,1
7646,18,Male,14,1,1,1,False,1
7647,56,Female,1,1,1,1,False,1
7648,35,Male,12,1,1,1,False,1
7649,25,Female,3,1,1,1,False,1
7650,50,Male,17,1,1,1,False,1
7651,18,Female,4,1,1,1,False,1
7652,18,Male,4,1,1,0,False,1
7653,18,Male,14,0,0,0,False,0
7654,18,Male,0,1,1,1,False,1
7655,25,Male,12,1,1,1,False,1
7656,18,Female,4,0,0,1,False,0
7657,25,Male,19,1,1,1,False,1
7658,45,Female,6,1,1,1,False,1
7659,18,Male,0,1,1,1,False,1
7660,35,Male,5,1,1,0,False,1
7661,35,Male,1,1,1,1,False,1
7662,18,Female,4,0,0,1,False,0
7663,35,Male,6,1,1,1,False,1
7664,25,Male,20,1,1,1,False,1
7665,45,Male,1,1,1,1,False,1
7666,25,Male,17,1,1,0,False,1
7667,50,Male,0,1,1,0,False,1
7668,45,Male,1,1,1,0,False,1
7669,56,Male,11,1,1,0,False,1
7670,56,Male,17,1,1,0,False,1
7671,25,Male,20,0,0,0,False,0
7672,25,Male,17,1,1,1,False,1
7673,25,Male,7,1,1,1,False,1
7674,18,Male,2,0,0,1,False,0
7675,18,Male,4,1,1,1,False,1
7676,18,Male,1,0,0,1,False,0
7677,25,Male,0,1,1,1,False,1
7678,25,Male,20,0,0,1,False,0
7679,25,Male,16,1,1,0,False,1
7680,18,Male,17,1,1,0,False,1
7681,25,Male,0,1,1,1,False,1
7682,25,Male,4,1,1,0,False,1
7683,18,Male,20,1,1,1,False,1
7684,25,Female,12,1,1,0,False,1
7685,35,Female,19,0,0,0,False,0
7686,56,Male,7,1,1,0,False,1
7687,35,Female,9,1,1,1,False,1
7688,25,Male,2,1,1,0,False,1
7689,50,Male,1,1,1,1,False,1
7690,18,Male,4,0,1,1,True,1
7691,35,Female,20,0,0,1,False,0
7692,25,Male,4,1,1,1,False,1
7693,35,Male,20,1,1,0,False,1
7694,56,Male,17,1,1,1,False,1
7695,18,Male,14,1,1,0,False,1
7696,45,Female,1,1,1,0,False,1
7697,35,Male,7,0,0,1,False,0
7698,35,Male,0,1,1,1,False,1
7699,45,Male,20,1,1,0,False,1
7700,35,Male,7,1,1,0,False,1
7701,35,Female,6,1,1,1,False,1
7702,18,Male,7,1,1,1,False,1
7703,25,Male,7,1,1,1,False,1
7704,25,Male,3,1,1,1,False,1
7705,18,Male,0,0,0,1,False,0
7706,18,Male,4,1,1,0,False,1
7707,25,Male,0,1,1,0,False,1
7708,18,Male,4,1,1,1,False,1
7709,25,Female,20,0,0,0,False,0
7710,56,Male,1,1,1,0,False,1
7711,18,Female,1,1,1,0,False,1
7712,50,Male,6,1,1,1,False,1
7713,35,Male,16,1,1,1,False,1
7714,25,Female,0,1,1,1,False,1
7715,25,Female,12,1,1,1,False,1
7716,25,Male,14,1,1,1,False,1
7717,25,Male,1,1,1,1,False,1
7718,25,Male,0,1,1,1,False,1
7719,25,Male,4,1,1,0,False,1
7720,25,Male,0,1,1,1,False,1
7721,25,Male,12,1,1,0,False,1
7722,50,Male,16,1,1,1,False,1
7723,25,Female,15,1,1,1,False,1
7724,45,Female,20,1,1,1,False,1
7725,25,Male,15,1,1,0,False,1
7726,18,Male,1,1,1,1,False,1
7727,18,Male,0,1,1,1,False,1
7728,35,Male,12,1,1,1,False,1
7729,18,Male,17,1,1,0,False,1
7730,18,Female,1,1,1,0,False,1
7731,25,Male,11,1,1,0,False,1
7732,45,Female,6,1,1,0,False,1
7733,18,Male,7,0,0,0,False,0
7734,18,Male,0,0,0,1,False,0
7735,45,Male,13,1,1,1,False,1
7736,35,Male,17,1,1,0,False,1
7737,18,Male,0,1,1,0,False,1
7738,50,Male,7,1,1,1,False,1
7739,50,Male,1,1,1,0,False,1
7740,1,Male,10,1,1,1,False,1
7741,25,Male,14,0,1,0,True,1
7742,18,Female,0,1,1,1,False,1
7743,35,Male,17,1,1,1,False,1
7744,25,Male,12,1,1,1,False,1
7745,18,Female,4,1,1,0,False,1
7746,18,Female,12,1,1,1,False,1
7747,25,Male,7,1,1,1,False,1
7748,35,Male,0,1,1,1,False,1
7749,1,Male,10,0,0,1,False,0
7750,35,Male,16,1,1,0,False,1
7751,25,Male,7,1,1,1,False,1
7752,45,Female,1,1,1,1,False,1
7753,56,Male,7,1,1,1,False,1
7754,25,Female,1,1,1,1,False,1
7755,25,Male,12,1,1,1,False,1
7756,18,Female,20,1,1,1,False,1
7757,56,Male,13,1,1,1,False,1
7758,25,Male,14,0,1,1,True,1
7759,35,Male,7,1,1,0,False,1
7760,35,Male,0,0,0,1,False,0
7761,35,Female,9,0,0,0,False,0
7762,25,Female,4,1,1,0,False,1
7763,45,Male,11,1,1,1,False,1
7764,25,Female,1,0,0,0,False,0
7765,35,Male,7,1,1,0,False,1
7766,25,Male,20,1,1,1,False,1
7767,25,Male,3,1,1,1,False,1
7768,25,Male,20,1,1,1,False,1
7769,35,Female,0,1,0,1,True,0
7770,56,Female,2,1,1,1,False,1
7771,35,Male,20,1,1,0,False,1
7772,25,Female,1,1,1,1,False,1
7773,25,Male,20,1,1,1,False,1
7774,25,Male,5,1,1,1,False,1
7775,35,Male,2,1,1,1,False,1
7776,35,Male,7,1,1,0,False,1
7777,25,Female,7,1,1,1,False,1
7778,25,Male,11,1,1,1,False,1
7779,18,Male,12,1,1,0,False,1
7780,25,Male,7,1,1,1,False,1
7781,45,Male,1,1,1,1,False,1
7782,56,Male,7,1,1,0,False,1
7783,25,Male,12,1,1,1,False,1
7784,45,Male,17,1,1,1,False,1
7785,56,Male,0,1,1,1,False,1
7786,25,Female,6,1,1,0,False,1
7787,35,Female,9,1,1,1,False,1
7788,18,Male,0,1,1,1,False,1
7789,35,Male,0,1,1,0,False,1
7790,25,Male,2,1,1,1,False,1
7791,25,Female,12,1,1,0,False,1
7792,25,Female,9,1,0,1,True,0
7793,35,Male,6,1,1,0,False,1
7794,25,Male,0,1,1,1,False,1
7795,25,Male,4,1,1,1,False,1
7796,18,Male,1,1,1,0,False,1
7797,1,Male,10,0,0,0,False,0
7798,25,Male,17,1,1,1,False,1
7799,35,Male,16,1,1,1,False,1
7800,18,Male,4,1,1,1,False,1
7801,35,Male,18,1,1,1,False,1
7802,45,Female,1,1,1,1,False,1
7803,25,Male,7,1,1,1,False,1
7804,45,Male,12,1,1,1,False,1
7805,25,Male,14,1,1,0,False,1
7806,25,Male,0,0,0,0,False,0
7807,45,Female,16,1,1,1,False,1
7808,18,Male,12,1,1,0,False,1
7809,25,Male,7,0,0,1,False,0
7810,25,Female,5,1,1,1,False,1
7811,18,Male,4,1,1,1,False,1
7812,25,Male,0,1,1,1,False,1
7813,1,Female,10,1,1,1,False,1
7814,18,Male,4,0,1,0,True,1
7815,25,Male,2,0,0,1,False,0
7816,25,Male,12,1,1,1,False,1
7817,1,Female,10,1,1,0,False,1
7818,50,Male,16,1,1,0,False,1
7819,1,Female,10,0,0,1,False,0
7820,25,Male,5,1,1,1,False,1
7821,25,Female,1,1,1,1,False,1
7822,25,Male,0,1,1,0,False,1
7823,25,Male,15,1,1,1,False,1
7824,50,Male,6,1,1,1,False,1
7825,25,Female,4,1,1,1,False,1
7826,18,Female,15,1,1,1,False,1
7827,18,Male,4,1,1,0,False,1
7828,25,Female,0,1,1,1,False,1
7829,1,Male,10,1,1,1,False,1
7830,25,Male,11,1,1,1,False,1
7831,35,Male,3,1,1,0,False,1
7832,35,Male,14,1,1,1,False,1
7833,25,Male,17,1,1,1,False,1
7834,50,Male,16,1,1,1,False,1
7835,18,Female,1,1,1,1,False,1
7836,18,Male,7,1,1,0,False,1
7837,18,Male,4,0,0,1,False,0
7838,35,Male,14,1,1,0,False,1
7839,45,Female,0,1,1,0,False,1
7840,50,Female,0,1,1,1,False,1
7841,25,Male,7,1,1,0,False,1
7842,25,Male,20,0,1,0,True,1
7843,35,Male,17,1,1,1,False,1
7844,25,Male,12,1,1,0,False,1
7845,25,Male,4,0,0,1,False,0
7846,35,Male,3,1,1,0,False,1
7847,50,Male,12,1,1,0,False,1
7848,25,Male,1,1,1,0,False,1
7849,25,Male,0,0,0,1,False,0
7850,18,Male,5,0,1,0,True,1
7851,25,Male,1,1,1,0,False,1
7852,45,Male,14,1,1,0,False,1
7853,50,Female,6,0,0,0,False,0
7854,45,Female,7,1,1,1,False,1
7855,18,Male,20,1,1,0,False,1
7856,25,Male,20,1,1,1,False,1
7857,18,Male,4,1,1,1,False,1
7858,25,Male,7,1,1,1,False,1
7859,25,Female,17,1,1,0,False,1
7860,25,Male,8,0,0,0,False,0
7861,35,Male,5,0,0,1,False,0
7862,25,Male,7,1,1,1,False,1
7863,50,Female,0,1,1,0,False,1
7864,35,Male,7,1,1,1,False,1
7865,18,Male,4,1,1,0,False,1
7866,25,Male,1,1,1,1,False,1
7867,50,Male,20,1,1,1,False,1
7868,18,Male,4,1,1,1,False,1
7869,35,Male,17,1,1,0,False,1
7870,25,Female,15,1,1,1,False,1
7871,25,Female,0,1,1,1,False,1
7872,35,Male,14,1,1,1,False,1
7873,25,Female,20,0,0,0,False,0
7874,25,Male,14,1,1,0,False,1
7875,35,Male,2,1,1,0,False,1
7876,18,Male,19,0,1,1,True,1
7877,25,Female,4,1,1,1,False,1
7878,35,Female,0,1,1,0,False,1
7879,25,Male,5,1,1,1,False,1
7880,35,Male,7,1,1,1,False,1
7881,25,Male,20,0,0,1,False,0
7882,35,Male,7,1,1,1,False,1
7883,25,Male,16,1,1,1,False,1
7884,35,Male,16,1,1,0,False,1
7885,50,Female,1,1,1,1,False,1
7886,25,Male,17,1,1,1,False,1
7887,25,Male,14,1,1,1,False,1
7888,25,Male,0,1,1,1,False,1
7889,50,Male,0,0,0,0,False,0
7890,50,Male,0,0,0,0,False,0
7891,35,Male,7,1,1,0,False,1
7892,25,Female,0,1,0,1,True,0
7893,25,Male,7,1,1,0,False,1
7894,25,Male,12,0,0,1,False,0
7895,1,Male,19,0,0,0,False,0
7896,25,Male,15,1,1,0,False,1
7897,25,Female,12,1,1,0,False,1
7898,18,Male,20,0,0,1,False,0
7899,25,Female,3,1,1,1,False,1
7900,18,Female,4,1,1,1,False,1
7901,25,Male,2,1,1,0,False,1
7902,25,Male,14,1,1,1,False,1
7903,25,Female,14,1,1,0,False,1
7904,35,Female,3,1,1,0,False,1
7905,18,Male,15,1,1,1,False,1
7906,45,Male,1,1,1,1,False,1
7907,45,Male,7,1,1,1,False,1
7908,25,Male,16,0,0,1,False,0
7909,45,Female,20,1,1,1,False,1
7910,25,Male,0,0,0,0,False,0
7911,25,Female,0,1,1,1,False,1
7912,25,Female,3,1,1,1,False,1
7913,25,Male,16,1,1,0,False,1
7914,45,Male,1,1,1,1,False,1
7915,25,Male,2,1,1,0,False,1
7916,35,Male,7,1,1,1,False,1
7917,35,Male,20,1,1,0,False,1
7918,25,Female,15,1,1,1,False,1
7919,35,Female,17,1,1,1,False,1
7920,25,Male,19,0,0,1,False,0
7921,25,Male,0,1,1,0,False,1
7922,56,Female,13,1,1,1,False,1
7923,18,Male,19,0,0,1,False,0
7924,25,Female,0,1,0,0,True,0
7925,18,Male,7,0,0,1,False,0
7926,25,Female,9,1,1,0,False,1
7927,56,Male,7,1,1,1,False,1
7928,25,Male,1,1,1,0,False,1
7929,25,Male,12,1,1,1,False,1
7930,25,Male,20,1,1,1,False,1
7931,18,Male,4,1,1,1,False,1
7932,18,Male,5,0,1,0,True,1
7933,25,Female,12,1,1,0,False,1
7934,56,Male,13,1,1,1,False,1
7935,25,Male,0,1,1,0,False,1
7936,18,Male,4,0,0,1,False,0
7937,18,Female,4,1,1,0,False,1
7938,35,Male,17,1,1,1,False,1
7939,25,Male,15,1,1,1,False,1
7940,25,Male,5,0,0,0,False,0
7941,35,Male,18,1,1,1,False,1
7942,18,Male,0,1,1,1,False,1
7943,18,Male,0,1,1,1,False,1
7944,25,Female,1,1,1,1,False,1
7945,18,Male,4,1,1,0,False,1
7946,18,Male,0,1,1,1,False,1
7947,25,Male,4,1,1,1,False,1
7948,56,Male,1,1,1,0,False,1
7949,56,Female,16,1,1,1,False,1
7950,18,Male,4,1,1,0,False,1
7951,35,Male,2,1,1,0,False,1
7952,35,Male,5,1,1,0,False,1
7953,18,Male,4,1,1,0,False,1
7954,25,Male,2,1,1,0,False,1
7955,35,Female,14,1,1,0,False,1
7956,35,Male,17,1,1,1,False,1
7957,18,Male,4,1,1,0,False,1
7958,18,Male,4,1,1,1,False,1
7959,18,Female,4,1,1,0,False,1
7960,18,Female,1,1,1,1,False,1
7961,50,Male,3,1,1,1,False,1
7962,18,Male,4,1,1,1,False,1
7963,35,Male,15,0,1,1,True,1
7964,18,Female,7,1,0,1,True,0
7965,25,Male,7,1,1,1,False,1
7966,35,Male,12,1,1,0,False,1
7967,25,Female,3,1,1,0,False,1
7968,18,Male,14,1,1,1,False,1
7969,25,Male,0,1,1,1,False,1
7970,18,Male,4,0,0,0,False,0
7971,45,Male,7,1,1,0,False,1
7972,25,Male,16,0,0,0,False,0
7973,18,Male,4,1,1,1,False,1
7974,25,Female,1,1,1,0,False,1
7975,25,Male,2,1,1,0,False,1
7976,25,Male,14,1,1,1,False,1
7977,35,Male,17,1,1,1,False,1
7978,25,Male,2,0,0,0,False,0
7979,35,Male,16,1,1,0,False,1
7980,18,Male,4,0,0,1,False,0
7981,56,Male,7,1,1,1,False,1
7982,18,Male,4,0,0,0,False,0
7983,25,Male,3,1,1,0,False,1
7984,25,Male,7,1,1,1,False,1
7985,35,Male,12,1,1,0,False,1
7986,25,Female,20,0,0,0,False,0
7987,50,Male,12,1,1,1,False,1
7988,56,Male,14,1,1,0,False,1
7989,35,Male,6,1,1,0,False,1
7990,35,Female,19,0,0,1,False,0
7991,18,Male,0,1,1,1,False,1
7992,18,Female,20,0,0,1,False,0
7993,18,Male,4,1,1,1,False,1
7994,25,Female,0,1,1,1,False,1
7995,1,Male,10,1,1,1,False,1
7996,25,Male,2,1,1,0,False,1
7997,50,Male,17,0,0,1,False,0
7998,45,Male,5,1,1,0,False,1
7999,18,Male,11,1,1,1,False,1
8000,45,Male,5,1,1,1,False,1
8001,25,Male,18,1,1,1,False,1
8002,56,Male,20,0,0,1,False,0
8003,45,Female,0,1,1,0,False,1
8004,25,Female,2,1,1,0,False,1
8005,35,Male,1,1,1,0,False,1
8006,45,Male,17,1,1,0,False,1
8007,18,Male,0,1,1,0,False,1
8008,25,Male,20,0,1,1,True,1
8009,18,Female,4,1,1,1,False,1
8010,25,Female,1,0,0,0,False,0
8011,18,Female,4,1,1,0,False,1
8012,25,Male,14,1,1,1,False,1
8013,25,Male,1,1,1,1,False,1
8014,45,Male,14,1,1,0,False,1
8015,25,Male,7,0,1,0,True,1
8016,18,Male,20,1,1,0,False,1
8017,45,Male,17,1,1,1,False,1
8018,18,Male,15,1,1,1,False,1
8019,25,Male,12,1,1,1,False,1
8020,18,Male,0,1,1,0,False,1
8021,35,Male,12,1,1,1,False,1
8022,45,Male,20,1,1,0,False,1
8023,25,Male,0,0,0,1,False,0
8024,25,Male,2,1,1,0,False,1
8025,25,Male,14,1,1,1,False,1
8026,45,Male,1,1,1,1,False,1
8027,35,Female,1,1,1,0,False,1
8028,25,Male,14,1,1,1,False,1
8029,18,Male,12,1,1,1,False,1
8030,25,Male,11,1,1,1,False,1
8031,18,Male,16,1,1,1,False,1
8032,25,Female,3,1,1,1,False,1
8033,35,Male,6,1,1,1,False,1
8034,25,Male,4,0,1,0,True,1
8035,35,Male,12,1,1,0,False,1
8036,35,Male,7,0,1,1,True,1
8037,35,Male,2,1,1,1,False,1
8038,25,Male,14,0,0,0,False,0
8039,25,Female,7,1,1,1,False,1
8040,25,Female,4,1,1,0,False,1
8041,25,Male,12,1,1,1,False,1
8042,25,Female,4,1,1,1,False,1
8043,35,Male,2,1,1,1,False,1
8044,18,Male,4,1,1,1,False,1
8045,1,Male,10,1,1,1,False,1
8046,35,Male,5,0,0,0,False,0
8047,25,Male,20,0,0,1,False,0
8048,18,Male,19,0,0,1,False,0
8049,35,Male,12,1,1,1,False,1
8050,35,Male,0,1,1,1,False,1
8051,35,Male,12,1,1,0,False,1
8052,25,Female,15,1,1,1,False,1
8053,35,Male,1,1,1,1,False,1
8054,1,Female,1,1,0,1,True,0
8055,25,Male,14,0,0,0,False,0
8056,18,Female,0,1,1,1,False,1
8057,45,Male,1,1,1,1,False,1
8058,25,Female,7,1,1,0,False,1
8059,35,Female,19,1,1,1,False,1
8060,35,Male,7,1,1,1,False,1
8061,25,Male,4,1,1,1,False,1
8062,35,Male,13,1,1,0,False,1
8063,18,Male,4,1,1,1,False,1
8064,25,Male,17,1,1,1,False,1
8065,25,Male,4,1,1,0,False,1
8066,18,Male,4,1,1,1,False,1
8067,35,Female,1,1,1,1,False,1
8068,35,Male,20,1,1,1,False,1
8069,25,Male,4,1,1,1,False,1
8070,25,Male,15,1,1,1,False,1
8071,35,Male,9,1,1,0,False,1
8072,25,Female,4,1,1,1,False,1
8073,35,Female,7,1,1,0,False,1
8074,35,Male,14,1,1,0,False,1
8075,50,Male,0,1,1,0,False,1
8076,35,Male,20,1,1,0,False,1
8077,18,Female,1,1,1,0,False,1
8078,18,Female,4,1,1,0,False,1
8079,18,Male,4,1,1,0,False,1
8080,35,Male,16,1,1,1,False,1
8081,25,Male,2,1,1,1,False,1
8082,18,Male,4,1,1,0,False,1
8083,35,Male,1,0,0,1,False,0
8084,25,Male,0,0,0,1,False,0
8085,25,Male,16,1,1,1,False,1
8086,18,Male,10,0,0,1,False,0
8087,45,Male,8,1,1,0,False,1
8088,25,Female,17,1,1,0,False,1
8089,25,Male,1,0,0,0,False,0
8090,35,Male,6,1,1,1,False,1
8091,25,Male,0,1,1,1,False,1
8092,18,Male,4,1,1,1,False,1
8093,35,Male,2,1,1,1,False,1
8094,25,Male,4,1,1,0,False,1
8095,18,Female,4,1,1,1,False,1
8096,25,Female,9,1,1,0,False,1
8097,35,Female,3,1,1,1,False,1
8098,25,Female,1,1,1,0,False,1
8099,18,Male,5,0,1,0,True,1
8100,35,Male,17,1,1,0,False,1
8101,25,Male,12,1,1,0,False,1
8102,35,Female,19,1,1,1,False,1
8103,25,Male,7,1,1,0,False,1
8104,25,Male,20,0,1,0,True,1
8105,35,Male,16,1,1,1,False,1
8106,45,Male,17,1,1,0,False,1
8107,45,Male,0,1,1,0,False,1
8108,25,Female,0,0,0,0,False,0
8109,25,Male,5,0,0,1,False,0
8110,25,Male,5,1,1,1,False,1
8111,50,Male,0,1,1,1,False,1
8112,25,Female,7,1,0,1,True,0
8113,25,Male,0,1,1,1,False,1
8114,35,Male,16,1,1,0,False,1
8115,18,Male,20,1,1,1,False,1
8116,35,Female,7,1,1,1,False,1
8117,45,Female,7,1,1,1,False,1
8118,35,Female,2,1,1,1,False,1
8119,45,Male,0,1,1,1,False,1
8120,18,Female,3,1,1,0,False,1
8121,35,Male,17,1,1,0,False,1
8122,25,Male,20,0,0,0,False,0
8123,25,Male,17,1,1,1,False,1
8124,35,Male,20,0,1,1,True,1
8125,18,Male,20,0,0,1,False,0
8126,25,Male,17,1,1,1,False,1
8127,25,Male,4,0,0,1,False,0
8128,35,Male,1,0,1,0,True,1
8129,45,Male,16,1,1,0,False,1
8130,18,Male,4,1,1,1,False,1
8131,50,Male,7,1,1,1,False,1
8132,45,Female,17,0,0,1,False,0
8133,18,Male,4,1,1,1,False,1
8134,25,Male,17,1,1,1,False,1
8135,18,Female,0,0,0,0,False,0
8136,35,Male,0,1,1,1,False,1
8137,25,Female,3,1,1,0,False,1
8138,25,Male,15,1,1,1,False,1
8139,25,Male,14,0,0,0,False,0
8140,25,Female,1,1,1,1,False,1
8141,35,Male,17,0,0,0,False,0
8142,45,Male,12,1,1,0,False,1
8143,56,Male,6,1,1,0,False,1
8144,25,Male,17,1,1,1,False,1
8145,25,Male,12,1,1,0,False,1
8146,35,Male,1,1,1,1,False,1
8147,35,Male,18,0,0,1,False,0
8148,35,Male,17,1,1,1,False,1
8149,18,Male,14,1,1,1,False,1
8150,50,Male,7,1,1,0,False,1
8151,25,Female,1,0,0,0,False,0
8152,35,Male,3,1,1,0,False,1
8153,18,Male,7,1,1,1,False,1
8154,35,Male,12,1,1,1,False,1
8155,25,Female,9,0,0,0,False,0
8156,18,Female,10,1,1,1,False,1
8157,35,Male,0,1,1,0,False,1
8158,25,Male,15,1,1,1,False,1
8159,18,Male,11,1,1,1,False,1
8160,1,Male,10,1,1,0,False,1
8161,25,Male,4,1,1,1,False,1
8162,35,Male,7,1,1,1,False,1
8163,18,Male,15,1,1,1,False,1
8164,25,Male,2,1,1,1,False,1
8165,25,Female,1,1,1,0,False,1
8166,25,Male,0,1,1,1,False,1
8167,25,Male,20,0,1,0,True,1
8168,56,Male,6,0,1,0,True,1
8169,18,Female,0,1,1,1,False,1
8170,25,Male,7,1,1,0,False,1
8171,25,Male,0,1,1,0,False,1
8172,25,Male,6,1,1,0,False,1
8173,25,Female,20,1,1,1,False,1
8174,1,Female,0,1,1,0,False,1
8175,56,Male,17,1,1,0,False,1
8176,18,Female,4,1,1,1,False,1
8177,50,Male,7,1,1,0,False,1
8178,1,Male,10,0,0,0,False,0
8179,45,Male,14,1,1,1,False,1
8180,25,Male,3,1,1,1,False,1
8181,56,Male,13,1,1,0,False,1
8182,18,Male,7,0,0,1,False,0
8183,25,Female,4,1,1,1,False,1
8184,35,Female,20,1,1,1,False,1
8185,25,Male,7,0,0,1,False,0
8186,50,Male,18,1,1,0,False,1
8187,50,Male,14,1,1,1,False,1
8188,18,Male,4,1,1,1,False,1
8189,45,Female,1,1,1,1,False,1
8190,25,Male,7,1,1,1,False,1
8191,25,Male,17,1,1,1,False,1
8192,45,Female,1,1,1,1,False,1
8193,25,Male,12,1,1,1,False,1
8194,35,Male,7,0,1,0,True,1
8195,45,Male,14,1,1,1,False,1
8196,25,Male,0,1,1,1,False,1
8197,18,Male,19,1,1,0,False,1
8198,35,Male,17,1,1,1,False,1
8199,56,Male,13,1,1,1,False,1
8200,25,Male,12,1,1,1,False,1
8201,25,Male,17,0,0,1,False,0
8202,56,Male,3,1,1,1,False,1
8203,18,Male,4,0,1,1,True,1
8204,35,Male,5,1,1,0,False,1
8205,35,Male,2,1,1,1,False,1
8206,35,Female,12,1,1,1,False,1
8207,25,Male,0,1,1,1,False,1
8208,25,Female,7,1,1,1,False,1
8209,25,Male,11,1,1,0,False,1
8210,50,Female,6,1,1,0,False,1
8211,35,Male,0,1,1,1,False,1
8212,25,Female,17,1,1,0,False,1
8213,1,Male,10,1,1,1,False,1
8214,18,Male,4,0,0,0,False,0
8215,25,Female,1,1,1,1,False,1
8216,35,Male,0,1,1,0,False,1
8217,25,Male,0,0,0,0,False,0
8218,18,Male,14,1,1,0,False,1
8219,25,Male,11,1,1,1,False,1
8220,50,Male,16,1,1,0,False,1
8221,56,Male,16,1,1,1,False,1
8222,18,Male,4,1,1,1,False,1
8223,18,Male,4,1,1,1,False,1
8224,25,Male,17,1,1,1,False,1
8225,18,Male,4,0,0,0,False,0
8226,25,Male,12,1,1,1,False,1
8227,18,Female,4,0,0,0,False,0
8228,35,Female,1,1,1,0,False,1
8229,25,Male,12,1,1,0,False,1
8230,25,Male,7,1,1,1,False,1
8231,1,Female,2,1,1,1,False,1
8232,35,Male,0,1,1,1,False,1
8233,35,Male,0,1,1,0,False,1
8234,25,Male,1,1,1,1,False,1
8235,50,Male,20,1,1,1,False,1
8236,25,Male,1,0,0,1,False,0
8237,56,Male,11,1,1,1,False,1
8238,45,Male,12,1,1,0,False,1
8239,25,Female,9,1,0,1,True,0
8240,35,Male,0,1,1,1,False,1
8241,18,Male,0,0,1,1,True,1
8242,50,Male,20,1,1,0,False,1
8243,35,Female,7,1,1,1,False,1
8244,18,Male,4,1,1,1,False,1
8245,45,Male,7,1,1,1,False,1
8246,50,Male,0,1,1,1,False,1
8247,25,Male,7,1,1,0,False,1
8248,35,Male,3,1,1,0,False,1
8249,56,Male,12,1,1,1,False,1
8250,25,Male,3,0,0,0,False,0
8251,25,Female,1,1,1,1,False,1
8252,25,Male,4,1,1,1,False,1
8253,25,Male,1,1,1,1,False,1
8254,50,Male,20,1,1,1,False,1
8255,35,Male,14,1,1,0,False,1
8256,18,Male,4,0,0,1,False,0
8257,18,Male,4,1,1,1,False,1
8258,25,Male,4,1,1,1,False,1
8259,18,Male,12,1,1,0,False,1
8260,50,Male,1,1,1,1,False,1
8261,25,Female,19,1,1,0,False,1
8262,25,Female,1,1,1,0,False,1
8263,25,Female,0,0,0,0,False,0
8264,25,Male,5,1,1,1,False,1
8265,35,Male,7,0,1,0,True,1
8266,18,Male,12,1,1,1,False,1
8267,1,Male,10,1,1,1,False,1
8268,25,Male,1,1,1,0,False,1
8269,25,Female,3,1,1,1,False,1
8270,18,Male,4,1,1,1,False,1
8271,18,Male,4,1,1,0,False,1
8272,18,Male,19,0,0,1,False,0
8273,25,Male,17,1,1,1,False,1
8274,35,Male,5,1,1,0,False,1
8275,25,Male,19,1,1,0,False,1
8276,25,Male,17,1,1,0,False,1
8277,25,Male,1,1,1,0,False,1
8278,25,Male,6,1,1,0,False,1
8279,18,Male,20,0,0,1,False,0
8280,35,Male,0,1,1,1,False,1
8281,25,Male,0,1,1,0,False,1
8282,25,Female,11,1,1,0,False,1
8283,18,Female,4,1,0,1,True,0
8284,35,Female,6,1,1,1,False,1
8285,25,Male,14,1,1,1,False,1
8286,18,Male,1,1,1,1,False,1
8287,35,Male,12,1,1,1,False,1
8288,35,Male,7,1,1,1,False,1
8289,25,Female,6,1,1,1,False,1
8290,50,Male,0,1,1,1,False,1
8291,18,Female,1,1,1,1,False,1
8292,35,Male,7,1,1,1,False,1
8293,45,Male,16,1,1,0,False,1
8294,25,Male,0,1,1,1,False,1
8295,35,Male,18,1,1,1,False,1
8296,35,Male,19,0,1,0,True,1
8297,25,Male,0,0,0,1,False,0
8298,35,Male,6,1,1,0,False,1
8299,35,Male,11,1,1,1,False,1
8300,25,Male,15,1,1,1,False,1
8301,35,Female,9,1,1,1,False,1
8302,25,Male,0,1,1,0,False,1
8303,50,Male,7,1,1,1,False,1
8304,25,Male,0,1,1,0,False,1
8305,25,Male,4,1,1,1,False,1
8306,35,Male,17,1,1,0,False,1
8307,50,Male,0,1,1,0,False,1
8308,25,Female,0,1,1,1,False,1
8309,50,Male,2,0,0,0,False,0
8310,35,Male,12,1,1,1,False,1
8311,25,Male,19,1,1,1,False,1
8312,25,Female,7,1,1,0,False,1
8313,25,Male,1,1,1,1,False,1
8314,18,Male,12,1,1,0,False,1
8315,25,Male,0,0,0,0,False,0
8316,45,Female,3,1,1,1,False,1
8317,25,Female,3,1,1,0,False,1
8318,45,Female,1,1,1,1,False,1
8319,18,Female,4,1,1,0,False,1
8320,25,Male,6,1,1,1,False,1
8321,25,Male,5,1,1,0,False,1
8322,50,Male,16,1,1,0,False,1
8323,18,Male,4,1,1,0,False,1
8324,50,Male,7,1,1,1,False,1
8325,18,Male,7,1,1,0,False,1
8326,18,Female,4,0,0,0,False,0
8327,35,Male,7,1,1,1,False,1
8328,1,Male,10,0,0,1,False,0
8329,35,Male,7,1,1,0,False,1
8330,18,Male,18,0,0,1,False,0
8331,35,Female,19,0,0,0,False,0
8332,25,Male,7,1,1,1,False,1
8333,18,Male,4,1,1,0,False,1
8334,25,Female,0,1,1,0,False,1
8335,35,Male,6,1,1,1,False,1
8336,25,Male,7,1,1,1,False,1
8337,25,Male,17,0,0,0,False,0
8338,25,Male,4,1,1,1,False,1
8339,35,Male,1,1,1,1,False,1
8340,1,Male,10,1,1,0,False,1
8341,45,Female,0,1,1,1,False,1
8342,25,Male,4,1,1,1,False,1
8343,25,Male,6,1,1,1,False,1
8344,35,Male,17,1,1,1,False,1
8345,25,Male,4,0,1,1,True,1
8346,25,Female,0,1,1,1,False,1
8347,18,Male,0,0,0,0,False,0
8348,35,Male,12,1,1,1,False,1
8349,18,Male,1,0,0,0,False,0
8350,35,Male,0,1,1,1,False,1
8351,18,Female,4,1,1,1,False,1
8352,25,Female,4,1,1,1,False,1
8353,25,Male,0,1,1,0,False,1
8354,25,Male,17,1,1,0,False,1
8355,50,Male,4,1,1,1,False,1
8356,35,Female,6,0,0,1,False,0
8357,35,Male,20,1,1,1,False,1
8358,18,Female,4,1,0,0,True,0
8359,45,Male,1,1,1,1,False,1
8360,45,Male,11,1,1,0,False,1
8361,45,Female,6,1,1,1,False,1
8362,45,Male,7,1,1,0,False,1
8363,25,Male,14,1,1,0,False,1
8364,50,Male,1,1,1,1,False,1
8365,25,Male,17,1,1,1,False,1
8366,45,Female,3,1,1,1,False,1
8367,35,Male,7,1,1,1,False,1
8368,25,Male,7,1,1,1,False,1
8369,35,Male,20,1,1,0,False,1
8370,45,Male,17,1,1,0,False,1
8371,1,Male,10,1,1,1,False,1
8372,18,Male,4,1,1,0,False,1
8373,18,Male,14,1,1,1,False,1
8374,25,Male,2,1,1,0,False,1
8375,50,Male,11,0,1,1,True,1
8376,18,Male,4,1,1,0,False,1
8377,18,Female,17,0,0,1,False,0
8378,35,Male,0,1,1,0,False,1
8379,25,Male,4,1,1,0,False,1
8380,18,Male,5,0,0,0,False,0
8381,35,Male,7,0,0,0,False,0
8382,25,Female,12,1,1,1,False,1
8383,18,Male,14,1,1,0,False,1
8384,50,Male,16,1,1,1,False,1
8385,25,Male,19,0,0,0,False,0
8386,25,Male,0,0,0,0,False,0
8387,18,Female,4,1,1,1,False,1
8388,18,Male,4,1,1,1,False,1
8389,35,Male,20,1,1,1,False,1
8390,35,Male,17,1,1,0,False,1
8391,25,Female,4,1,0,0,True,0
8392,1,Male,0,1,1,1,False,1
8393,25,Female,9,1,1,1,False,1
8394,18,Male,4,1,1,1,False,1
8395,25,Male,17,1,1,0,False,1
8396,25,Male,0,0,0,0,False,0
8397,18,Female,1,1,1,1,False,1
8398,25,Male,2,1,1,1,False,1
8399,25,Male,1,1,1,0,False,1
8400,50,Male,6,0,1,0,True,1
8401,25,Male,7,1,1,1,False,1
8402,35,Male,14,1,1,0,False,1
8403,25,Male,15,1,1,1,False,1
8404,25,Male,17,1,1,0,False,1
8405,18,Male,4,1,1,1,False,1
8406,18,Male,17,1,1,1,False,1
8407,35,Male,17,1,1,0,False,1
8408,45,Male,18,1,1,0,False,1
8409,25,Male,2,0,0,0,False,0
8410,1,Male,0,0,0,1,False,0
8411,25,Male,0,1,1,1,False,1
8412,25,Male,0,1,1,1,False,1
8413,45,Female,17,1,1,0,False,1
8414,25,Male,1,1,1,1,False,1
8415,35,Male,14,1,1,0,False,1
8416,1,Male,10,1,1,0,False,1
8417,25,Male,1,1,1,0,False,1
8418,35,Female,0,1,0,1,True,0
8419,25,Male,0,1,1,1,False,1
8420,1,Male,10,1,1,1,False,1
8421,35,Female,17,1,1,1,False,1
8422,1,Female,10,1,1,1,False,1
8423,18,Male,7,1,1,0,False,1
8424,25,Male,0,1,1,1,False,1
8425,25,Female,1,1,1,1,False,1
8426,18,Female,4,1,1,1,False,1
8427,35,Female,3,1,1,0,False,1
8428,25,Male,7,1,1,1,False,1
8429,25,Male,0,1,1,1,False,1
8430,45,Male,14,1,1,1,False,1
8431,1,Male,12,1,1,1,False,1
8432,45,Male,1,1,1,1,False,1
8433,18,Female,3,0,0,0,False,0
8434,45,Male,1,1,1,1,False,1
8435,35,Female,1,1,1,0,False,1
8436,35,Male,4,1,1,1,False,1
8437,35,Female,11,1,1,1,False,1
8438,35,Male,1,1,1,0,False,1
8439,18,Male,0,1,1,1,False,1
8440,35,Female,16,0,0,0,False,0
8441,25,Male,0,1,1,1,False,1
8442,1,Female,10,1,1,1,False,1
8443,25,Male,0,1,1,0,False,1
8444,1,Male,10,1,1,0,False,1
8445,25,Male,4,1,1,1,False,1
8446,45,Male,17,1,1,1,False,1
8447,25,Female,20,1,1,1,False,1
8448,56,Female,6,1,1,1,False,1
8449,35,Male,12,1,1,0,False,1
8450,45,Male,1,1,1,0,False,1
8451,25,Male,7,0,0,0,False,0
8452,18,Female,4,1,1,1,False,1
8453,25,Male,4,1,1,1,False,1
8454,56,Male,14,1,1,0,False,1
8455,25,Male,2,1,1,1,False,1
8456,25,Female,12,1,1,1,False,1
8457,18,Female,4,0,0,0,False,0
8458,25,Female,1,1,1,1,False,1
8459,25,Male,1,1,1,1,False,1
8460,25,Male,1,1,1,0,False,1
8461,45,Male,7,1,1,1,False,1
8462,25,Male,1,1,1,0,False,1
8463,18,Male,4,1,1,1,False,1
8464,25,Female,0,1,1,1,False,1
8465,25,Male,7,1,1,1,False,1
8466,50,Male,6,1,1,0,False,1
8467,25,Male,14,0,0,1,False,0
8468,25,Male,12,1,1,0,False,1
8469,25,Female,6,1,1,1,False,1
8470,25,Male,0,1,1,1,False,1
8471,18,Male,4,1,1,1,False,1
8472,25,Female,1,1,0,1,True,0
8473,35,Male,3,1,1,1,False,1
8474,25,Male,7,1,1,0,False,1
8475,25,Male,5,0,0,1,False,0
8476,25,Male,5,1,1,1,False,1
8477,18,Male,4,1,1,0,False,1
8478,50,Female,1,1,1,1,False,1
8479,25,Male,14,1,1,0,False,1
8480,45,Male,6,1,1,0,False,1
8481,18,Male,4,1,1,1,False,1
8482,45,Female,1,1,1,1,False,1
8483,50,Male,3,1,1,0,False,1
8484,45,Male,1,1,1,1,False,1
8485,18,Male,4,1,1,1,False,1
8486,56,Male,7,1,1,0,False,1
8487,50,Male,7,1,1,0,False,1
8488,25,Female,7,1,1,0,False,1
8489,50,Male,7,1,1,0,False,1
8490,35,Male,12,1,1,1,False,1
8491,25,Male,7,0,1,0,True,1
8492,25,Male,0,1,1,0,False,1
8493,1,Male,10,0,1,1,True,1
8494,56,Male,7,1,1,1,False,1
8495,25,Male,7,1,1,1,False,1
8496,35,Female,16,1,1,1,False,1
8497,18,Male,10,1,1,1,False,1
8498,25,Male,17,0,0,0,False,0
8499,35,Male,7,1,1,0,False,1
8500,25,Male,12,0,0,0,False,0
8501,18,Male,11,0,1,1,True,1
8502,18,Male,7,1,1,1,False,1
8503,45,Male,20,1,1,0,False,1
8504,25,Male,12,1,1,1,False,1
8505,56,Male,16,1,1,1,False,1
8506,25,Male,4,0,0,1,False,0
8507,35,Male,14,1,1,1,False,1
8508,35,Male,18,0,0,0,False,0
8509,25,Male,0,0,0,1,False,0
8510,18,Male,0,0,0,1,False,0
8511,45,Male,13,1,1,0,False,1
8512,50,Male,0,1,1,0,False,1
8513,18,Female,14,0,0,1,False,0
8514,25,Male,12,1,1,1,False,1
8515,25,Male,14,1,1,1,False,1
8516,25,Male,11,1,1,1,False,1
8517,35,Male,12,1,1,1,False,1
8518,25,Male,12,1,1,0,False,1
8519,56,Male,7,0,0,1,False,0
8520,25,Male,20,1,1,1,False,1
8521,25,Male,3,1,1,1,False,1
8522,56,Male,20,1,1,1,False,1
8523,25,Male,2,1,1,0,False,1
8524,18,Male,4,1,1,0,False,1
8525,18,Female,2,1,1,1,False,1
8526,25,Male,5,1,1,1,False,1
8527,35,Male,16,1,1,0,False,1
8528,50,Male,16,0,0,0,False,0
8529,25,Male,18,1,1,0,False,1
8530,50,Male,14,1,1,0,False,1
8531,18,Female,4,1,1,0,False,1
8532,25,Female,7,1,1,0,False,1
8533,25,Male,19,0,0,0,False,0
8534,35,Male,16,1,1,0,False,1
8535,35,Male,0,1,1,0,False,1
8536,50,Male,7,1,1,1,False,1
8537,35,Male,7,1,1,1,False,1
8538,56,Female,2,1,1,1,False,1
8539,35,Male,17,1,1,1,False,1
8540,25,Male,11,1,1,0,False,1
8541,25,Male,4,1,1,0,False,1
8542,35,Male,12,1,1,0,False,1
8543,50,Male,1,0,0,1,False,0
8544,25,Male,2,1,1,0,False,1
8545,35,Male,11,1,1,1,False,1
8546,25,Female,14,1,1,1,False,1
8547,18,Male,4,0,1,0,True,1
8548,25,Male,7,1,1,1,False,1
8549,45,Female,7,1,1,1,False,1
8550,50,Male,16,1,1,0,False,1
8551,50,Male,16,1,1,0,False,1
8552,25,Male,2,0,1,0,True,1
8553,50,Male,0,0,0,0,False,0
8554,45,Male,16,1,1,0,False,1
8555,35,Male,3,1,1,1,False,1
8556,25,Male,17,1,1,1,False,1
8557,45,Male,7,1,1,1,False,1
8558,25,Male,15,1,1,1,False,1
8559,35,Male,0,1,1,1,False,1
8560,35,Male,14,1,1,0,False,1
8561,25,Male,14,1,1,1,False,1
8562,25,Female,3,1,1,0,False,1
8563,50,Male,7,1,1,1,False,1
8564,25,Male,11,1,1,1,False,1
8565,25,Male,4,1,1,0,False,1
8566,50,Male,7,1,1,1,False,1
8567,45,Male,17,0,0,1,False,0
8568,25,Male,2,1,1,1,False,1
8569,45,Male,5,1,1,1,False,1
8570,35,Female,0,1,1,1,False,1
8571,25,Female,6,1,1,0,False,1
8572,25,Male,20,1,1,1,False,1
8573,45,Male,0,1,1,0,False,1
8574,35,Male,2,1,1,1,False,1
8575,18,Male,14,1,1,0,False,1
8576,1,Female,10,1,1,1,False,1
8577,25,Male,14,0,0,1,False,0
8578,18,Male,15,1,1,1,False,1
8579,25,Male,16,1,1,0,False,1
8580,35,Female,14,1,1,1,False,1
8581,25,Female,17,1,1,1,False,1
8582,25,Male,4,1,1,0,False,1
8583,18,Male,4,1,1,0,False,1
8584,45,Male,7,1,1,1,False,1
8585,35,Male,0,0,1,1,True,1
8586,25,Male,5,0,0,1,False,0
8587,18,Male,12,1,1,0,False,1
8588,35,Male,0,1,1,1,False,1
8589,18,Female,20,0,0,0,False,0
8590,18,Male,12,1,1,1,False,1
8591,35,Male,7,1,1,1,False,1
8592,18,Male,2,0,1,0,True,1
8593,25,Male,14,1,1,0,False,1
8594,35,Female,20,1,1,1,False,1
8595,25,Female,0,1,1,1,False,1
8596,25,Female,14,1,1,0,False,1
8597,35,Female,1,1,1,1,False,1
8598,25,Male,7,0,0,1,False,0
8599,18,Male,12,1,1,1,False,1
8600,25,Male,7,1,1,1,False,1
8601,35,Male,15,1,1,1,False,1
8602,50,Female,0,1,1,0,False,1
8603,25,Male,7,1,1,1,False,1
8604,25,Male,3,1,1,1,False,1
8605,25,Male,16,0,0,1,False,0
8606,18,Male,4,0,0,0,False,0
8607,1,Female,10,1,1,0,False,1
8608,25,Female,14,1,1,1,False,1
8609,35,Male,0,1,1,0,False,1
8610,1,Male,12,1,1,1,False,1
8611,35,Female,20,0,0,1,False,0
8612,18,Male,4,1,1,0,False,1
8613,45,Male,0,1,1,0,False,1
8614,18,Male,12,1,1,1,False,1
8615,45,Male,12,1,1,0,False,1
8616,18,Male,4,1,1,1,False,1
8617,25,Male,1,1,1,1,False,1
8618,25,Male,15,1,1,1,False,1
8619,25,Male,0,1,1,1,False,1
8620,45,Male,12,1,1,1,False,1
8621,25,Male,5,0,1,1,True,1
8622,35,Female,7,1,1,0,False,1
8623,18,Male,4,1,1,1,False,1
8624,35,Female,11,1,1,0,False,1
8625,25,Male,0,0,0,1,False,0
8626,25,Male,12,1,1,1,False,1
8627,45,Male,5,0,0,0,False,0
8628,25,Male,2,1,1,1,False,1
8629,25,Female,15,1,1,0,False,1
8630,35,Male,20,1,1,1,False,1
8631,18,Male,2,1,1,0,False,1
8632,25,Male,1,0,0,0,False,0
8633,18,Male,17,1,1,1,False,1
8634,25,Male,12,1,1,1,False,1
8635,25,Male,12,1,1,0,False,1
8636,25,Female,9,1,1,0,False,1
8637,56,Female,2,1,1,0,False,1
8638,45,Female,16,1,1,1,False,1
8639,56,Male,13,1,1,0,False,1
8640,45,Female,1,1,1,1,False,1
8641,35,Male,14,0,0,1,False,0
8642,25,Male,4,1,1,1,False,1
8643,25,Male,3,1,1,1,False,1
8644,56,Female,14,1,0,0,True,0
8645,25,Male,17,1,1,1,False,1
8646,25,Male,4,1,1,1,False,1
8647,25,Male,12,1,1,1,False,1
8648,25,Male,3,0,0,1,False,0
8649,25,Male,17,0,0,1,False,0
8650,45,Male,7,1,1,1,False,1
8651,18,Male,2,1,1,0,False,1
8652,50,Female,6,1,1,1,False,1
8653,1,Male,12,1,1,0,False,1
8654,35,Male,14,1,1,0,False,1
8655,18,Male,4,0,0,1,False,0
8656,35,Male,6,1,1,1,False,1
8657,25,Female,14,1,1,1,False,1
8658,25,Female,6,1,1,1,False,1
8659,25,Male,2,1,1,0,False,1
8660,25,Male,2,0,0,1,False,0
8661,18,Male,4,1,1,0,False,1
8662,35,Female,0,1,1,0,False,1
8663,50,Female,0,1,1,0,False,1
8664,18,Male,7,1,1,1,False,1
8665,25,Female,6,1,1,1,False,1
8666,35,Male,14,1,1,0,False,1
8667,25,Male,7,0,0,1,False,0
8668,25,Male,7,1,1,1,False,1
8669,25,Male,2,1,1,1,False,1
8670,25,Male,4,1,1,0,False,1
8671,25,Male,3,1,1,0,False,1
8672,35,Female,5,1,1,1,False,1
8673,25,Male,7,1,1,0,False,1
8674,18,Male,19,1,1,0,False,1
8675,45,Female,6,1,1,0,False,1
8676,35,Male,16,1,1,1,False,1
8677,25,Male,4,1,1,1,False,1
8678,25,Male,6,1,1,1,False,1
8679,35,Male,17,0,0,1,False,0
8680,45,Female,1,1,1,1,False,1
8681,45,Female,1,1,1,0,False,1
8682,35,Male,0,1,1,0,False,1
8683,18,Male,14,1,1,1,False,1
8684,18,Male,5,1,1,0,False,1
8685,35,Male,17,1,1,1,False,1
8686,18,Male,4,1,1,1,False,1
8687,50,Male,17,1,1,1,False,1
8688,18,Male,19,0,0,1,False,0
8689,25,Male,15,1,1,1,False,1
8690,25,Male,0,1,1,1,False,1
8691,50,Male,17,1,1,1,False,1
8692,35,Male,10,1,1,1,False,1
8693,18,Male,2,1,1,0,False,1
8694,35,Male,14,1,1,1,False,1
8695,35,Female,2,1,1,1,False,1
8696,35,Male,20,1,1,1,False,1
8697,25,Male,7,1,1,1,False,1
8698,25,Male,20,0,0,1,False,0
8699,50,Female,0,1,1,1,False,1
8700,25,Female,5,1,1,0,False,1
8701,18,Female,4,1,1,0,False,1
8702,18,Male,19,0,0,0,False,0
8703,50,Female,20,1,1,1,False,1
8704,35,Male,0,1,1,0,False,1
8705,45,Male,0,0,0,1,False,0
8706,18,Male,4,1,1,1,False,1
8707,35,Male,18,1,1,1,False,1
8708,35,Male,0,0,0,1,False,0
8709,50,Male,0,1,1,0,False,1
8710,25,Male,20,0,1,1,True,1
8711,18,Male,4,1,1,0,False,1
8712,45,Male,1,1,1,1,False,1
8713,45,Female,0,1,1,1,False,1
8714,25,Male,0,1,1,0,False,1
8715,18,Male,4,1,1,0,False,1
8716,50,Male,17,1,1,1,False,1
8717,35,Female,17,1,1,1,False,1
8718,35,Male,0,1,1,0,False,1
8719,35,Male,16,1,1,0,False,1
8720,35,Male,7,1,1,0,False,1
8721,25,Female,4,1,1,1,False,1
8722,25,Male,7,1,1,1,False,1
8723,45,Female,1,1,1,1,False,1
8724,18,Male,4,1,1,1,False,1
8725,35,Male,1,1,1,1,False,1
8726,45,Male,1,1,1,0,False,1
8727,25,Male,14,1,1,1,False,1
8728,50,Male,20,1,1,1,False,1
8729,18,Male,14,1,1,0,False,1
8730,35,Male,7,1,1,0,False,1
8731,25,Male,0,1,1,0,False,1
8732,18,Male,19,1,1,1,False,1
8733,25,Male,20,1,1,1,False,1
8734,56,Female,9,1,1,0,False,1
8735,18,Female,17,1,1,0,False,1
8736,35,Female,20,1,0,1,True,0
8737,35,Female,9,1,1,0,False,1
8738,45,Male,7,1,1,0,False,1
8739,25,Male,19,0,0,1,False,0
8740,25,Male,2,0,0,1,False,0
8741,18,Female,4,0,0,1,False,0
8742,25,Female,4,1,1,1,False,1
8743,25,Male,16,0,0,0,False,0
8744,50,Male,7,1,1,1,False,1
8745,35,Female,1,1,1,1,False,1
8746,50,Male,17,1,1,0,False,1
8747,25,Female,2,1,1,1,False,1
8748,25,Male,4,1,1,0,False,1
8749,18,Male,5,0,0,1,False,0
8750,18,Male,4,1,1,0,False,1
8751,25,Female,5,1,1,1,False,1
8752,25,Male,0,0,0,0,False,0
8753,1,Female,10,0,0,1,False,0
8754,25,Male,17,1,1,0,False,1
8755,35,Male,17,1,1,0,False,1
8756,45,Male,17,1,1,0,False,1
8757,25,Male,12,0,0,0,False,0
8758,35,Female,1,1,1,0,False,1
8759,25,Male,0,1,1,1,False,1
8760,18,Male,4,1,1,0,False,1
8761,50,Female,20,1,1,0,False,1
8762,25,Male,7,1,1,0,False,1
8763,18,Female,4,1,1,0,False,1
8764,56,Male,15,1,1,1,False,1
8765,18,Female,4,1,1,0,False,1
8766,18,Female,2,0,0,0,False,0
8767,35,Male,0,1,1,0,False,1
8768,25,Female,0,1,1,0,False,1
8769,18,Female,4,1,1,1,False,1
8770,50,Male,1,1,1,0,False,1
8771,18,Male,4,0,0,1,False,0
8772,25,Male,7,1,1,1,False,1
8773,45,Male,1,1,1,0,False,1
8774,35,Male,1,0,0,0,False,0
8775,18,Male,4,1,1,1,False,1
8776,25,Male,1,1,1,1,False,1
8777,45,Male,8,1,1,1,False,1
8778,25,Male,0,1,1,0,False,1
8779,25,Male,1,1,1,0,False,1
8780,25,Male,20,1,1,0,False,1
8781,25,Male,0,1,1,1,False,1
8782,18,Male,0,1,1,0,False,1
8783,25,Male,4,1,1,0,False,1
8784,45,Male,0,1,1,1,False,1
8785,50,Male,1,1,1,1,False,1
8786,35,Male,7,1,1,0,False,1
8787,25,Male,7,1,1,0,False,1
8788,25,Male,17,1,1,0,False,1
8789,50,Male,1,1,1,1,False,1
8790,25,Male,15,0,0,1,False,0
8791,50,Male,7,1,1,1,False,1
8792,1,Male,10,1,1,1,False,1
8793,50,Male,16,1,1,1,False,1
8794,35,Male,7,1,1,1,False,1
8795,35,Female,5,1,1,1,False,1
8796,25,Female,7,1,1,0,False,1
8797,35,Male,6,1,1,1,False,1
8798,35,Male,7,0,1,0,True,1
8799,50,Female,2,1,1,1,False,1
8800,25,Male,6,1,1,1,False,1
8801,50,Female,2,1,1,1,False,1
8802,35,Male,20,1,1,0,False,1
8803,1,Male,10,0,0,0,False,0
8804,56,Male,0,1,1,1,False,1
8805,35,Female,20,1,1,1,False,1
8806,25,Male,16,0,0,0,False,0
8807,45,Male,0,1,1,1,False,1
8808,25,Male,4,1,1,1,False,1
8809,18,Male,3,0,0,1,False,0
8810,25,Female,4,1,1,1,False,1
8811,25,Male,20,0,0,1,False,0
8812,18,Male,4,1,1,1,False,1
8813,18,Female,4,1,1,1,False,1
8814,25,Male,11,0,0,0,False,0
8815,50,Male,6,1,1,1,False,1
8816,18,Female,4,1,1,1,False,1
8817,35,Female,7,0,0,0,False,0
8818,25,Female,1,1,1,1,False,1
8819,25,Male,0,1,1,0,False,1
8820,25,Male,1,1,1,1,False,1
8821,25,Male,14,1,1,0,False,1
8822,18,Male,4,1,1,0,False,1
8823,18,Female,4,1,1,1,False,1
8824,35,Male,16,1,1,1,False,1
8825,35,Male,7,1,1,0,False,1
8826,45,Male,6,1,1,0,False,1
8827,25,Female,0,1,1,1,False,1
8828,35,Male,6,1,1,1,False,1
8829,35,Male,20,1,1,1,False,1
8830,1,Male,10,1,1,0,False,1
8831,25,Male,11,1,1,1,False,1
8832,25,Female,6,1,1,0,False,1
8833,25,Female,0,1,1,0,False,1
8834,18,Female,4,1,1,0,False,1
8835,25,Female,7,1,1,1,False,1
8836,25,Male,11,1,1,1,False,1
8837,18,Male,0,0,0,1,False,0
8838,35,Male,7,1,1,1,False,1
8839,25,Male,17,1,1,1,False,1
8840,18,Female,2,0,0,1,False,0
8841,25,Male,0,1,1,1,False,1
8842,18,Female,4,1,1,1,False,1
8843,35,Male,20,0,0,1,False,0
8844,25,Male,0,1,1,0,False,1
8845,25,Male,3,0,0,0,False,0
8846,35,Female,1,1,1,0,False,1
8847,25,Male,15,1,1,0,False,1
8848,1,Male,0,0,0,1,False,0
8849,45,Male,20,1,1,1,False,1
8850,35,Female,1,1,1,0,False,1
8851,18,Male,15,1,1,0,False,1
8852,35,Female,20,1,1,1,False,1
8853,35,Male,7,1,1,1,False,1
8854,18,Male,4,1,1,1,False,1
8855,35,Male,1,1,1,1,False,1
8856,35,Male,7,1,1,1,False,1
8857,45,Male,3,1,1,0,False,1
8858,25,Male,17,1,1,1,False,1
8859,35,Male,0,1,1,1,False,1
8860,45,Male,16,1,1,1,False,1
8861,25,Female,9,1,1,1,False,1
8862,25,Male,4,1,1,0,False,1
8863,35,Female,6,1,1,1,False,1
8864,25,Male,17,1,1,1,False,1
8865,25,Male,4,1,1,0,False,1
8866,18,Male,4,1,1,1,False,1
8867,18,Male,4,1,1,1,False,1
8868,25,Male,2,1,1,0,False,1
8869,45,Male,11,0,0,1,False,0
8870,25,Female,0,1,1,1,False,1
8871,18,Male,2,1,1,1,False,1
8872,25,Male,7,1,1,1,False,1
8873,25,Male,9,1,1,1,False,1
8874,18,Male,17,1,1,1,False,1
8875,18,Male,4,0,0,0,False,0
8876,35,Male,7,1,1,1,False,1
8877,35,Male,14,1,1,1,False,1
8878,25,Female,4,1,1,0,False,1
8879,35,Male,1,1,1,1,False,1
8880,25,Male,0,1,1,0,False,1
8881,18,Male,4,1,1,0,False,1
8882,56,Female,13,1,1,0,False,1
8883,25,Male,0,1,1,0,False,1
8884,25,Male,17,0,1,0,True,1
8885,25,Male,20,0,1,0,True,1
8886,18,Female,4,1,1,0,False,1
8887,25,Male,20,1,1,0,False,1
8888,25,Male,4,1,1,0,False,1
8889,25,Male,7,0,0,0,False,0
8890,35,Male,12,1,1,1,False,1
8891,35,Male,7,1,1,0,False,1
8892,25,Male,17,0,0,1,False,0
8893,25,Female,1,0,0,1,False,0
8894,25,Male,5,1,1,0,False,1
8895,25,Male,4,1,1,1,False,1
8896,25,Male,7,1,1,1,False,1
8897,18,Male,0,0,1,1,True,1
8898,25,Male,0,1,1,0,False,1
8899,35,Male,7,1,1,1,False,1
8900,25,Female,14,1,1,1,False,1
8901,50,Female,7,1,1,1,False,1
8902,45,Male,3,1,1,1,False,1
8903,25,Male,12,1,1,1,False,1
8904,18,Male,20,0,0,0,False,0
8905,45,Male,7,1,1,0,False,1
8906,45,Male,20,1,1,0,False,1
8907,35,Female,1,1,0,1,True,0
8908,25,Male,0,0,0,1,False,0
8909,25,Male,12,1,1,0,False,1
8910,25,Female,0,1,1,1,False,1
8911,35,Female,17,1,1,1,False,1
8912,18,Male,17,1,1,1,False,1
8913,56,Male,7,1,1,1,False,1
8914,45,Male,7,1,1,1,False,1
8915,25,Male,6,1,1,0,False,1
8916,35,Male,14,1,1,1,False,1
8917,25,Male,20,0,0,0,False,0
8918,25,Female,4,1,1,0,False,1
8919,25,Male,1,1,1,0,False,1
8920,45,Male,0,1,1,0,False,1
8921,25,Female,14,0,0,1,False,0
8922,25,Male,1,1,1,0,False,1
8923,45,Female,6,1,1,1,False,1
8924,25,Male,7,1,1,1,False,1
8925,25,Male,15,1,1,0,False,1
8926,35,Male,20,0,0,0,False,0
8927,35,Male,0,1,1,1,False,1
8928,25,Female,14,1,1,0,False,1
8929,56,Male,13,1,1,1,False,1
8930,50,Male,0,0,1,1,True,1
8931,35,Male,2,0,0,0,False,0
8932,25,Male,7,1,1,0,False,1
8933,25,Male,4,1,1,0,False,1
8934,56,Female,13,1,1,1,False,1
8935,25,Male,15,1,1,1,False,1
8936,35,Male,17,1,1,0,False,1
8937,35,Female,9,1,1,0,False,1
8938,25,Female,0,0,0,0,False,0
8939,35,Female,1,1,1,1,False,1
8940,18,Male,4,0,0,0,False,0
8941,25,Male,11,1,1,1,False,1
8942,25,Male,7,1,1,0,False,1
8943,25,Male,1,1,1,0,False,1
8944,35,Male,6,1,1,1,False,1
8945,18,Female,2,1,1,0,False,1
8946,50,Male,6,1,1,0,False,1
8947,18,Female,4,1,1,0,False,1
8948,50,Male,17,1,1,1,False,1
8949,56,Male,13,1,1,1,False,1
8950,35,Male,11,1,1,1,False,1
8951,18,Male,15,1,1,0,False,1
8952,56,Male,13,0,1,1,True,1
8953,56,Male,7,1,1,0,False,1
8954,35,Male,15,1,1,0,False,1
8955,25,Male,1,1,1,1,False,1
8956,25,Male,1,1,1,1,False,1
8957,50,Male,20,1,1,1,False,1
8958,25,Male,7,1,1,0,False,1
8959,35,Male,3,1,1,0,False,1
8960,25,Male,7,1,1,1,False,1
8961,35,Male,0,1,1,1,False,1
8962,25,Male,0,1,1,1,False,1
8963,25,Male,16,1,1,1,False,1
8964,18,Male,17,1,1,1,False,1
8965,18,Male,20,1,1,1,False,1
8966,45,Male,1,1,1,1,False,1
8967,25,Male,16,0,1,0,True,1
8968,25,Female,14,0,0,1,False,0
8969,25,Female,3,0,0,1,False,0
8970,18,Female,4,1,1,0,False,1
8971,35,Male,6,1,1,1,False,1
8972,25,Male,5,1,1,1,False,1
8973,50,Male,1,1,1,0,False,1
8974,25,Male,12,1,1,0,False,1
8975,56,Male,11,1,1,1,False,1
8976,25,Male,17,1,1,1,False,1
8977,25,Female,20,1,1,1,False,1
8978,25,Male,17,1,1,0,False,1
8979,35,Male,6,1,1,1,False,1
8980,25,Male,1,1,1,1,False,1
8981,35,Male,17,1,1,0,False,1
8982,18,Male,4,0,0,1,False,0
8983,18,Female,0,0,0,1,False,0
8984,18,Male,4,1,1,1,False,1
8985,35,Female,2,1,1,1,False,1
8986,35,Male,6,1,1,0,False,1
8987,25,Male,4,1,1,0,False,1
8988,25,Female,12,1,1,1,False,1
8989,35,Male,11,1,1,0,False,1
8990,25,Male,6,1,1,1,False,1
8991,25,Male,17,1,1,0,False,1
8992,45,Female,0,1,1,1,False,1
8993,35,Male,17,1,1,0,False,1
8994,18,Female,4,1,1,1,False,1
8995,18,Male,4,1,1,1,False,1
8996,45,Male,17,1,1,0,False,1
8997,25,Male,0,1,1,0,False,1
8998,25,Male,0,1,1,1,False,1
8999,25,Female,2,1,1,1,False,1
9000,45,Male,11,0,0,1,False,0
9001,50,Female,6,1,1,0,False,1
9002,35,Male,17,1,1,1,False,1
9003,25,Male,12,1,1,0,False,1
9004,45,Male,17,0,0,1,False,0
9005,25,Male,18,0,1,1,True,1
9006,25,Male,17,0,1,1,True,1
9007,18,Male,4,1,1,0,False,1
9008,25,Female,4,1,1,1,False,1
9009,45,Male,16,0,1,0,True,1
9010,25,Male,0,0,0,1,False,0
9011,1,Male,0,0,0,1,False,0
9012,25,Male,15,1,1,1,False,1
9013,25,Male,4,1,1,0,False,1
9014,56,Male,7,1,1,0,False,1
9015,25,Male,0,1,1,1,False,1
9016,18,Female,12,1,1,1,False,1
9017,1,Male,10,1,1,1,False,1
9018,25,Female,16,1,1,1,False,1
9019,35,Male,14,1,1,0,False,1
9020,18,Male,0,0,0,0,False,0
9021,50,Female,0,1,1,1,False,1
9022,1,Female,10,1,1,1,False,1
9023,50,Male,6,1,1,1,False,1
9024,25,Male,0,1,1,0,False,1
9025,56,Male,3,1,1,1,False,1
9026,18,Male,15,1,1,0,False,1
9027,18,Male,4,1,1,0,False,1
9028,56,Female,12,1,1,1,False,1
9029,56,Male,0,1,1,1,False,1
9030,18,Male,14,1,1,1,False,1
9031,35,Male,2,1,1,0,False,1
9032,18,Male,17,1,1,1,False,1
9033,25,Male,20,1,1,0,False,1
9034,35,Male,20,1,1,1,False,1
9035,25,Male,0,0,0,1,False,0
9036,45,Male,16,1,1,0,False,1
9037,35,Female,0,0,0,0,False,0
9038,25,Male,6,1,1,0,False,1
9039,18,Male,17,0,0,1,False,0
9040,1,Male,0,1,1,0,False,1
9041,45,Male,11,1,1,1,False,1
9042,35,Female,9,1,1,0,False,1
9043,25,Male,18,1,1,0,False,1
9044,50,Male,16,1,1,0,False,1
9045,45,Male,12,1,1,1,False,1
9046,35,Male,7,1,1,1,False,1
9047,25,Female,14,1,1,1,False,1
9048,25,Female,1,1,1,0,False,1
9049,18,Female,17,1,1,1,False,1
9050,18,Male,4,1,1,1,False,1
9051,25,Male,0,1,1,1,False,1
9052,18,Male,5,0,1,1,True,1
9053,25,Male,12,1,1,1,False,1
9054,56,Female,16,1,1,0,False,1
9055,35,Male,7,1,1,1,False,1
9056,56,Female,11,1,1,1,False,1
9057,35,Male,17,1,1,1,False,1
9058,25,Male,20,0,0,0,False,0
9059,18,Female,1,1,1,1,False,1
9060,25,Male,7,1,1,0,False,1
9061,18,Male,4,1,1,1,False,1
9062,35,Male,0,1,1,1,False,1
9063,25,Male,12,1,1,0,False,1
9064,56,Male,7,0,0,0,False,0
9065,45,Male,16,1,1,1,False,1
9066,25,Female,0,1,1,0,False,1
9067,18,Male,4,1,1,1,False,1
9068,35,Male,12,1,1,1,False,1
9069,25,Female,2,1,1,1,False,1
9070,35,Male,14,1,1,1,False,1
9071,18,Male,4,1,1,1,False,1
9072,25,Male,17,0,0,0,False,0
9073,25,Female,17,1,1,0,False,1
9074,56,Female,2,1,1,1,False,1
9075,18,Male,6,1,1,1,False,1
9076,35,Female,9,1,1,1,False,1
9077,25,Male,14,0,0,0,False,0
9078,25,Male,3,1,1,1,False,1
9079,35,Male,17,0,0,1,False,0
9080,25,Female,4,1,1,1,False,1
9081,25,Female,1,1,1,0,False,1
9082,1,Male,1,0,0,1,False,0
9083,25,Male,1,1,1,1,False,1
9084,18,Male,7,0,0,0,False,0
9085,35,Male,12,1,1,0,False,1
9086,45,Male,1,1,1,1,False,1
9087,18,Female,4,1,1,0,False,1
9088,25,Female,2,1,1,1,False,1
9089,25,Female,2,1,1,0,False,1
9090,35,Male,7,1,1,1,False,1
9091,25,Male,20,1,1,0,False,1
9092,35,Male,2,1,1,0,False,1
9093,45,Female,20,1,1,1,False,1
9094,50,Male,16,1,1,0,False,1
9095,45,Male,2,1,1,1,False,1
9096,18,Male,4,1,1,1,False,1
9097,25,Male,0,0,0,1,False,0
9098,25,Male,12,1,1,0,False,1
9099,50,Male,17,1,1,1,False,1
9100,35,Male,19,1,1,1,False,1
9101,35,Male,7,1,1,1,False,1
9102,35,Male,0,1,1,0,False,1
9103,35,Male,7,1,1,0,False,1
9104,25,Male,12,0,0,0,False,0
9105,25,Male,12,1,1,1,False,1
9106,50,Male,0,1,1,1,False,1
9107,35,Male,17,1,1,1,False,1
9108,56,Male,7,1,1,1,False,1
9109,35,Male,11,1,1,1,False,1
9110,35,Male,6,1,1,0,False,1
9111,25,Female,20,0,0,0,False,0
9112,25,Male,7,0,0,0,False,0
9113,35,Male,7,1,1,1,False,1
9114,56,Female,3,1,1,0,False,1
9115,25,Female,0,1,1,1,False,1
9116,25,Male,17,1,1,1,False,1
9117,25,Female,0,1,1,1,False,1
9118,1,Female,10,1,1,1,False,1
9119,35,Female,11,1,1,1,False,1
9120,25,Male,20,0,1,1,True,1
9121,45,Female,3,1,1,0,False,1
9122,25,Male,12,1,1,0,False,1
9123,35,Male,15,1,1,1,False,1
9124,25,Female,3,1,1,0,False,1
9125,25,Male,4,1,1,0,False,1
9126,50,Male,1,1,1,0,False,1
9127,18,Male,4,1,1,1,False,1
9128,45,Male,7,1,1,1,False,1
9129,45,Female,13,1,1,1,False,1
9130,45,Female,20,1,1,1,False,1
9131,25,Male,4,1,1,0,False,1
9132,35,Male,18,1,1,1,False,1
9133,18,Male,0,1,1,1,False,1
9134,56,Female,14,1,1,1,False,1
9135,35,Male,12,0,0,0,False,0
9136,45,Male,1,0,1,1,True,1
9137,18,Male,4,1,1,0,False,1
9138,25,Male,4,1,1,1,False,1
9139,25,Male,11,1,1,0,False,1
9140,25,Male,14,0,1,0,True,1
9141,35,Male,0,1,1,1,False,1
9142,25,Female,1,1,1,0,False,1
9143,25,Female,0,1,1,1,False,1
9144,25,Male,2,0,1,0,True,1
9145,25,Male,7,1,1,1,False,1
9146,25,Male,12,1,1,1,False,1
9147,25,Male,3,1,1,1,False,1
9148,56,Male,6,1,1,0,False,1
9149,50,Female,6,1,1,0,False,1
9150,35,Female,7,1,1,0,False,1
9151,18,Male,4,1,1,1,False,1
9152,25,Female,2,1,1,0,False,1
9153,25,Male,0,1,1,0,False,1
9154,25,Male,7,1,1,1,False,1
9155,25,Male,0,1,1,1,False,1
9156,25,Female,2,1,1,1,False,1
9157,25,Male,2,0,0,0,False,0
9158,18,Male,10,1,1,1,False,1
9159,25,Male,2,1,1,1,False,1
9160,25,Male,0,1,1,0,False,1
9161,25,Male,14,1,1,0,False,1
9162,35,Female,2,1,1,0,False,1
9163,25,Male,20,0,0,0,False,0
9164,45,Female,9,1,1,0,False,1
9165,25,Male,7,0,1,0,True,1
9166,45,Male,20,1,1,0,False,1
9167,35,Female,1,1,1,1,False,1
9168,18,Male,4,1,1,1,False,1
9169,50,Male,7,1,1,1,False,1
9170,50,Male,16,1,1,0,False,1
9171,50,Male,6,1,1,1,False,1
9172,35,Female,9,1,1,1,False,1
9173,25,Male,17,1,1,1,False,1
9174,25,Male,0,1,1,0,False,1
9175,25,Male,20,1,1,1,False,1
9176,25,Male,17,1,1,0,False,1
9177,25,Female,9,0,0,1,False,0
9178,18,Male,4,1,1,0,False,1
9179,18,Male,4,1,1,0,False,1
9180,45,Male,17,1,1,0,False,1
9181,25,Male,20,1,1,1,False,1
9182,25,Male,7,1,1,1,False,1
9183,35,Female,6,1,1,0,False,1
9184,35,Male,2,1,1,0,False,1
9185,18,Male,19,1,1,1,False,1
9186,18,Male,0,1,1,1,False,1
9187,25,Male,15,1,1,0,False,1
9188,35,Male,20,0,1,1,True,1
9189,25,Female,7,1,1,1,False,1
9190,25,Female,0,1,1,1,False,1
9191,25,Male,18,1,1,0,False,1
9192,25,Male,7,1,1,0,False,1
9193,25,Male,0,1,1,1,False,1
9194,35,Female,12,1,1,0,False,1
9195,25,Male,7,0,1,1,True,1
9196,25,Male,1,1,1,0,False,1
9197,25,Male,16,1,1,0,False,1
9198,25,Male,0,1,1,0,False,1
9199,35,Male,12,1,1,1,False,1
9200,25,Female,15,1,1,1,False,1
9201,50,Male,0,1,1,1,False,1
9202,25,Female,19,1,1,1,False,1
9203,35,Male,5,1,1,1,False,1
9204,35,Female,6,0,0,0,False,0
9205,25,Male,7,1,1,0,False,1
9206,25,Male,7,1,1,1,False,1
9207,45,Male,11,1,1,1,False,1
9208,18,Male,4,0,0,1,False,0
9209,35,Female,7,1,1,1,False,1
9210,50,Female,20,1,1,1,False,1
9211,25,Male,17,1,1,0,False,1
9212,25,Male,18,0,0,1,False,0
9213,18,Male,4,0,1,1,True,1
9214,56,Male,1,1,1,1,False,1
9215,35,Female,0,1,1,1,False,1
9216,25,Male,5,0,0,0,False,0
9217,56,Male,1,1,1,1,False,1
9218,45,Male,17,1,1,0,False,1
9219,25,Male,15,1,1,0,False,1
9220,25,Male,17,1,1,0,False,1
9221,18,Male,4,0,0,0,False,0
9222,25,Male,5,0,0,1,False,0
9223,25,Male,12,1,1,0,False,1
9224,18,Male,4,1,1,0,False,1
9225,25,Male,18,0,0,0,False,0
9226,35,Male,13,0,1,0,True,1
9227,25,Male,3,1,1,1,False,1
9228,18,Female,20,0,0,1,False,0
9229,1,Female,10,1,1,1,False,1
9230,35,Male,14,1,1,1,False,1
9231,25,Male,20,0,0,0,False,0
9232,18,Male,1,0,0,0,False,0
9233,25,Male,17,1,1,1,False,1
9234,25,Male,14,1,1,1,False,1
9235,18,Female,4,1,1,1,False,1
9236,25,Male,4,1,1,0,False,1
9237,45,Male,11,1,1,0,False,1
9238,35,Male,15,1,1,0,False,1
9239,25,Male,0,0,0,0,False,0
9240,25,Male,2,1,1,0,False,1
9241,45,Male,0,0,0,1,False,0
9242,45,Male,0,0,0,1,False,0
9243,50,Male,0,1,1,0,False,1
9244,18,Female,20,0,0,0,False,0
9245,56,Male,20,1,1,1,False,1
9246,18,Male,4,1,1,0,False,1
9247,50,Female,20,1,1,0,False,1
9248,56,Female,2,1,1,1,False,1
9249,25,Male,7,0,0,0,False,0
9250,25,Male,4,1,1,0,False,1
9251,25,Male,4,1,1,1,False,1
9252,35,Male,18,1,1,1,False,1
9253,45,Female,2,1,1,1,False,1
9254,25,Male,11,0,1,0,True,1
9255,25,Male,7,1,1,1,False,1
9256,35,Female,9,1,1,0,False,1
9257,25,Male,17,1,1,0,False,1
9258,35,Female,7,1,1,1,False,1
9259,25,Male,14,1,1,1,False,1
9260,45,Male,20,1,1,1,False,1
9261,35,Male,11,1,1,0,False,1
9262,25,Female,11,1,1,1,False,1
9263,35,Male,20,0,0,0,False,0
9264,35,Male,14,0,0,1,False,0
9265,18,Male,1,0,1,0,True,1
9266,25,Male,19,1,1,1,False,1
9267,25,Female,4,1,1,0,False,1
9268,18,Male,10,1,1,1,False,1
9269,18,Male,4,1,1,1,False,1
9270,35,Female,17,1,1,1,False,1
9271,35,Female,9,1,1,1,False,1
9272,56,Male,18,1,1,0,False,1
9273,35,Male,7,1,1,1,False,1
9274,50,Male,7,1,1,1,False,1
9275,56,Female,12,1,1,1,False,1
9276,1,Male,10,1,1,1,False,1
9277,35,Male,15,1,1,0,False,1
9278,25,Male,0,1,1,0,False,1
9279,56,Male,1,1,1,1,False,1
9280,18,Female,0,1,1,1,False,1
9281,25,Male,17,0,1,1,True,1
9282,35,Male,0,1,1,1,False,1
9283,35,Male,2,0,0,0,False,0
9284,35,Female,6,1,1,1,False,1
9285,25,Male,0,0,0,0,False,0
9286,18,Male,1,1,1,1,False,1
9287,25,Male,20,1,1,0,False,1
9288,25,Male,1,0,0,0,False,0
9289,25,Male,0,1,1,0,False,1
9290,18,Male,4,1,1,0,False,1
9291,25,Female,17,1,1,1,False,1
9292,45,Female,0,1,1,0,False,1
9293,45,Male,16,0,0,0,False,0
9294,45,Male,12,1,1,1,False,1
9295,25,Male,0,0,1,1,True,1
9296,45,Male,17,1,1,0,False,1
9297,25,Male,20,1,1,1,False,1
9298,35,Male,14,1,1,0,False,1
9299,25,Female,7,1,1,0,False,1
9300,35,Female,16,1,1,0,False,1
9301,25,Male,20,0,1,0,True,1
9302,35,Male,7,1,1,1,False,1
9303,45,Male,1,1,1,1,False,1
9304,35,Male,1,1,1,1,False,1
9305,18,Male,17,0,0,1,False,0
9306,25,Male,0,0,0,1,False,0
9307,25,Male,12,1,1,1,False,1
9308,25,Female,1,1,1,1,False,1
9309,25,Male,20,0,0,0,False,0
9310,25,Male,4,1,1,1,False,1
9311,50,Male,0,1,1,1,False,1
9312,35,Male,20,1,1,0,False,1
9313,45,Male,7,1,1,1,False,1
9314,50,Male,7,1,1,1,False,1
9315,18,Male,11,1,1,0,False,1
9316,45,Male,1,1,1,0,False,1
9317,35,Male,6,1,1,1,False,1
9318,56,Male,13,1,1,0,False,1
9319,18,Male,7,1,1,0,False,1
9320,25,Female,20,1,1,1,False,1
9321,35,Male,4,0,0,1,False,0
9322,25,Male,7,1,1,0,False,1
9323,56,Male,1,1,1,1,False,1
9324,18,Male,0,1,1,1,False,1
9325,18,Male,20,1,1,0,False,1
9326,35,Male,16,1,1,1,False,1
9327,25,Female,2,1,1,1,False,1
9328,18,Male,12,1,1,1,False,1
9329,35,Male,2,0,0,0,False,0
9330,18,Male,4,1,1,1,False,1
9331,35,Male,2,1,1,1,False,1
9332,25,Male,7,1,1,0,False,1
9333,35,Male,15,1,1,1,False,1
9334,25,Male,2,1,1,1,False,1
9335,25,Male,1,0,0,0,False,0
9336,35,Male,17,1,1,1,False,1
9337,25,Female,7,1,1,1,False,1
9338,18,Male,18,1,1,1,False,1
9339,35,Male,17,1,1,1,False,1
9340,50,Male,17,0,0,0,False,0
9341,56,Male,1,1,1,1,False,1
9342,35,Male,20,0,1,1,True,1
9343,18,Male,0,1,1,1,False,1
9344,18,Male,4,0,1,0,True,1
9345,18,Male,14,1,1,0,False,1
9346,35,Male,1,1,1,1,False,1
9347,50,Male,0,1,1,0,False,1
9348,35,Female,6,1,1,1,False,1
9349,45,Female,1,1,1,1,False,1
9350,50,Female,6,1,1,0,False,1
9351,1,Male,10,0,1,0,True,1
9352,25,Male,6,1,1,1,False,1
9353,25,Male,17,1,1,1,False,1
9354,25,Male,5,1,1,0,False,1
9355,25,Male,17,1,1,0,False,1
9356,45,Male,16,0,0,1,False,0
9357,18,Male,4,1,1,1,False,1
9358,25,Male,17,1,1,0,False,1
9359,35,Female,1,1,0,1,True,0
9360,25,Female,3,0,0,0,False,0
9361,45,Male,17,1,1,1,False,1
9362,18,Female,0,0,0,1,False,0
9363,1,Male,10,0,0,1,False,0
9364,45,Male,0,1,1,0,False,1
9365,50,Male,18,1,1,1,False,1
9366,25,Male,14,1,1,1,False,1
9367,18,Male,12,1,1,1,False,1
9368,18,Male,4,1,1,1,False,1
9369,25,Male,12,1,1,1,False,1
9370,25,Male,4,1,1,1,False,1
9371,45,Male,7,1,1,1,False,1
9372,25,Female,9,1,1,0,False,1
9373,18,Male,4,1,1,1,False,1
9374,18,Male,18,0,1,1,True,1
9375,35,Male,12,0,0,0,False,0
9376,25,Male,0,0,0,1,False,0
9377,18,Female,4,1,1,1,False,1
9378,35,Male,17,1,1,0,False,1
9379,35,Male,5,0,0,1,False,0
9380,50,Male,0,1,1,0,False,1
9381,18,Male,4,1,1,0,False,1
9382,25,Male,0,1,1,0,False,1
9383,50,Male,11,1,1,0,False,1
9384,18,Male,16,1,1,1,False,1
9385,25,Male,14,1,1,1,False,1
9386,18,Female,4,1,1,1,False,1
9387,25,Male,4,1,1,0,False,1
9388,25,Male,12,1,1,1,False,1
9389,25,Male,1,1,1,1,False,1
9390,35,Male,17,1,1,1,False,1
9391,35,Female,17,1,1,1,False,1
9392,25,Male,7,1,1,0,False,1
9393,18,Male,18,0,1,1,True,1
9394,45,Female,0,1,1,0,False,1
9395,18,Female,4,1,1,0,False,1
9396,45,Male,7,1,1,1,False,1
9397,35,Male,20,1,1,1,False,1
9398,45,Male,1,1,1,1,False,1
9399,50,Female,2,1,1,0,False,1
9400,25,Male,14,1,1,0,False,1
9401,25,Male,2,1,1,1,False,1
9402,25,Male,0,1,1,0,False,1
9403,35,Male,2,1,1,1,False,1
9404,45,Male,0,1,1,0,False,1
9405,25,Male,14,1,1,0,False,1
9406,25,Male,5,1,1,0,False,1
9407,25,Male,20,1,1,1,False,1
9408,35,Male,11,1,1,0,False,1
9409,18,Female,1,1,1,1,False,1
9410,25,Male,4,1,1,1,False,1
9411,45,Female,0,1,1,1,False,1
9412,18,Male,4,1,1,0,False,1
9413,18,Female,4,1,1,1,False,1
9414,18,Male,12,1,1,0,False,1
9415,25,Male,4,1,1,0,False,1
9416,18,Female,19,0,0,1,False,0
9417,18,Male,0,0,0,0,False,0
9418,50,Male,20,1,1,0,False,1
9419,35,Male,16,1,1,1,False,1
9420,25,Male,3,1,1,1,False,1
9421,18,Male,19,0,0,1,False,0
9422,45,Female,1,0,0,0,False,0
9423,25,Male,7,1,1,0,False,1
9424,25,Male,20,1,1,1,False,1
9425,18,Male,19,0,0,0,False,0
9426,25,Male,17,0,0,1,False,0
9427,25,Male,2,1,1,1,False,1
9428,25,Male,12,1,1,0,False,1
9429,50,Male,19,1,1,1,False,1
9430,25,Male,1,1,1,1,False,1
9431,25,Male,17,1,1,1,False,1
9432,18,Male,12,1,1,1,False,1
9433,18,Female,0,1,1,1,False,1
9434,50,Male,0,1,1,0,False,1
9435,35,Female,12,1,1,0,False,1
9436,35,Male,3,1,1,1,False,1
9437,1,Male,10,1,1,1,False,1
9438,35,Male,11,1,1,1,False,1
9439,25,Male,1,1,1,1,False,1
9440,25,Female,3,1,1,1,False,1
9441,25,Male,4,1,1,0,False,1
9442,18,Female,2,1,1,0,False,1
9443,25,Male,20,0,1,0,True,1
9444,25,Male,4,1,1,1,False,1
9445,56,Male,13,1,1,1,False,1
9446,25,Male,20,0,0,0,False,0
9447,35,Male,7,0,0,0,False,0
9448,18,Male,4,1,1,0,False,1
9449,25,Female,1,1,1,0,False,1
9450,35,Male,12,1,1,1,False,1
9451,25,Male,20,1,1,0,False,1
9452,35,Male,12,1,1,1,False,1
9453,25,Male,12,1,1,1,False,1
9454,18,Male,4,1,1,1,False,1
9455,18,Male,12,1,1,1,False,1
9456,25,Male,2,1,1,0,False,1
9457,25,Male,7,1,1,0,False,1
9458,25,Male,5,1,1,1,False,1
9459,25,Male,0,0,0,0,False,0
9460,50,Male,0,1,1,1,False,1
9461,45,Female,6,1,1,1,False,1
9462,25,Male,0,1,1,1,False,1
9463,18,Male,4,1,1,1,False,1
9464,25,Male,2,1,1,0,False,1
9465,1,Female,0,1,1,0,False,1
9466,50,Male,1,1,1,0,False,1
9467,18,Male,4,0,0,0,False,0
9468,25,Male,11,1,1,1,False,1
9469,18,Female,4,1,1,0,False,1
9470,18,Male,14,1,1,0,False,1
9471,18,Female,20,1,1,1,False,1
9472,45,Male,7,1,1,0,False,1
9473,45,Male,12,1,1,1,False,1
9474,35,Male,14,1,1,1,False,1
9475,45,Male,7,1,1,0,False,1
9476,25,Female,0,0,0,0,False,0
9477,35,Male,15,1,1,0,False,1
9478,25,Male,20,1,1,1,False,1
9479,18,Male,4,0,0,0,False,0
9480,35,Female,3,0,0,1,False,0
9481,45,Female,15,1,1,0,False,1
9482,25,Male,11,1,1,1,False,1
9483,18,Male,20,1,1,1,False,1
9484,25,Male,4,1,1,0,False,1
9485,25,Male,17,1,1,0,False,1
9486,35,Female,20,0,0,1,False,0
9487,45,Male,17,1,1,1,False,1
9488,45,Female,1,1,1,1,False,1
9489,18,Male,0,0,0,0,False,0
9490,45,Female,9,1,1,1,False,1
9491,45,Male,20,1,1,0,False,1
9492,25,Female,2,1,1,0,False,1
9493,18,Male,4,1,1,0,False,1
9494,18,Male,14,1,1,0,False,1
9495,25,Male,7,1,1,0,False,1
9496,1,Male,10,1,1,1,False,1
9497,56,Male,16,1,1,0,False,1
9498,56,Male,20,1,1,1,False,1
9499,56,Female,13,1,1,0,False,1
9500,25,Male,12,1,1,0,False,1
9501,25,Female,0,1,1,1,False,1
9502,18,Female,15,1,1,0,False,1
9503,18,Male,1,1,1,1,False,1
9504,35,Female,5,1,1,1,False,1
9505,35,Male,0,1,1,1,False,1
9506,35,Male,7,1,1,1,False,1
9507,25,Male,2,1,1,0,False,1
9508,25,Male,12,1,1,0,False,1
9509,18,Male,4,1,1,1,False,1
9510,18,Male,4,1,1,0,False,1
9511,25,Male,11,1,1,1,False,1
9512,18,Male,18,0,1,0,True,1
9513,25,Male,12,0,0,0,False,0
9514,50,Female,7,1,1,1,False,1
9515,1,Female,10,0,0,0,False,0
9516,50,Male,0,1,1,1,False,1
9517,25,Male,12,1,1,0,False,1
9518,18,Male,4,1,1,0,False,1
9519,25,Male,5,1,1,1,False,1
9520,50,Male,17,1,1,1,False,1
9521,35,Male,0,1,1,1,False,1
9522,25,Male,2,0,1,0,True,1
9523,1,Female,10,1,1,1,False,1
9524,35,Female,0,1,0,0,True,0
9525,50,Male,13,1,1,1,False,1
9526,25,Male,4,1,1,1,False,1
9527,18,Female,0,1,1,1,False,1
9528,35,Male,7,1,1,0,False,1
9529,35,Male,7,1,1,1,False,1
9530,18,Male,18,0,1,1,True,1
9531,25,Male,0,0,0,0,False,0
9532,25,Male,0,0,0,1,False,0
9533,56,Male,13,1,1,1,False,1
9534,35,Male,0,1,1,1,False,1
9535,25,Male,20,1,1,0,False,1
9536,45,Male,17,1,1,1,False,1
9537,18,Male,4,1,1,1,False,1
9538,18,Female,1,1,0,1,True,0
9539,25,Male,12,1,1,1,False,1
9540,50,Male,13,1,1,1,False,1
9541,25,Male,15,1,1,1,False,1
9542,25,Male,18,1,1,1,False,1
9543,18,Male,17,1,1,1,False,1
9544,25,Male,12,0,0,1,False,0
9545,18,Male,11,1,1,0,False,1
9546,25,Female,1,1,1,1,False,1
9547,25,Male,17,1,1,0,False,1
9548,18,Male,4,1,1,1,False,1
9549,25,Female,6,1,1,0,False,1
9550,25,Male,12,1,1,1,False,1
9551,56,Male,13,1,1,0,False,1
9552,35,Male,16,1,1,1,False,1
9553,35,Female,17,1,1,0,False,1
9554,45,Male,20,0,0,0,False,0
9555,25,Male,12,1,1,1,False,1
9556,25,Male,17,1,1,0,False,1
9557,25,Female,0,1,1,1,False,1
9558,1,Male,4,1,1,0,False,1
9559,18,Male,4,0,0,1,False,0
9560,35,Female,16,1,1,1,False,1
9561,1,Male,10,1,1,0,False,1
9562,25,Female,2,1,1,0,False,1
9563,18,Female,14,1,1,1,False,1
9564,25,Male,0,1,1,1,False,1
9565,45,Male,20,1,1,1,False,1
9566,45,Male,16,1,1,1,False,1
9567,35,Male,2,1,1,0,False,1
9568,18,Male,10,1,1,1,False,1
9569,18,Male,5,0,0,1,False,0
9570,25,Male,0,1,1,0,False,1
9571,45,Male,7,1,1,1,False,1
9572,1,Male,10,1,1,0,False,1
9573,25,Male,2,1,1,0,False,1
9574,35,Male,7,1,1,1,False,1
9575,25,Male,0,1,1,1,False,1
9576,35,Male,16,1,1,1,False,1
9577,18,Female,2,1,1,0,False,1
9578,1,Male,2,0,0,1,False,0
9579,45,Male,6,1,1,1,False,1
9580,18,Male,4,1,1,0,False,1
9581,56,Male,1,1,1,1,False,1
9582,18,Male,4,1,1,1,False,1
9583,50,Male,0,0,0,0,False,0
9584,50,Male,15,1,1,1,False,1
9585,25,Male,6,1,1,0,False,1
9586,45,Female,9,1,1,1,False,1
9587,25,Male,12,1,1,1,False,1
9588,25,Male,7,1,1,1,False,1
9589,25,Female,4,1,1,0,False,1
9590,18,Male,4,0,1,0,True,1
9591,25,Male,1,0,0,0,False,0
9592,35,Female,2,0,0,1,False,0
9593,18,Male,4,1,1,1,False,1
9594,25,Male,0,1,1,1,False,1
9595,45,Male,7,1,1,0,False,1
9596,18,Male,10,1,1,1,False,1
9597,18,Female,19,0,0,0,False,0
9598,35,Male,5,1,1,0,False,1
9599,25,Male,7,1,1,0,False,1
9600,25,Male,14,1,1,1,False,1
9601,25,Male,3,1,1,0,False,1
9602,25,Female,7,1,1,1,False,1
9603,25,Male,14,1,1,0,False,1
9604,18,Male,4,1,1,0,False,1
9605,18,Female,4,1,1,0,False,1
9606,35,Male,7,1,1,0,False,1
9607,25,Male,17,1,1,0,False,1
9608,1,Male,0,0,1,1,True,1
9609,50,Male,13,1,1,0,False,1
9610,25,Male,7,1,1,0,False,1
9611,25,Male,4,1,1,1,False,1
9612,18,Female,1,1,1,1,False,1
9613,35,Male,17,1,1,0,False,1
9614,18,Female,19,1,1,0,False,1
9615,45,Male,17,1,1,1,False,1
9616,45,Male,0,1,1,1,False,1
9617,50,Male,7,1,1,1,False,1
9618,25,Male,1,1,1,1,False,1
9619,25,Female,0,1,1,1,False,1
9620,50,Male,16,1,1,0,False,1
9621,18,Male,4,1,1,1,False,1
9622,35,Male,14,1,1,0,False,1
9623,25,Female,14,1,1,0,False,1
9624,25,Female,6,1,1,0,False,1
9625,56,Male,7,1,1,1,False,1
9626,45,Male,1,1,1,1,False,1
9627,35,Male,12,1,1,0,False,1
9628,56,Male,16,1,1,1,False,1
9629,50,Male,0,1,1,0,False,1
9630,18,Male,4,1,1,0,False,1
9631,35,Male,0,1,1,1,False,1
9632,50,Male,0,1,1,0,False,1
9633,25,Male,20,0,0,0,False,0
9634,25,Male,15,1,1,0,False,1
9635,50,Female,12,1,1,0,False,1
9636,18,Male,4,1,1,1,False,1
9637,35,Male,17,1,1,0,False,1
9638,35,Female,20,1,1,0,False,1
9639,18,Male,4,0,0,1,False,0
9640,35,Male,12,1,1,0,False,1
9641,18,Male,4,0,0,0,False,0
9642,25,Female,4,1,1,1,False,1
9643,1,Male,10,1,1,0,False,1
9644,35,Male,7,1,1,1,False,1
9645,18,Male,4,1,1,0,False,1
9646,25,Male,12,1,1,1,False,1
9647,25,Female,9,1,1,0,False,1
9648,18,Male,4,0,0,1,False,0
9649,25,Male,12,1,1,1,False,1
9650,18,Male,4,1,1,0,False,1
9651,18,Male,4,1,1,0,False,1
9652,25,Female,2,1,1,1,False,1
9653,18,Male,4,1,1,1,False,1
9654,25,Male,4,1,1,1,False,1
9655,45,Male,1,1,1,1,False,1
9656,45,Male,17,1,1,0,False,1
9657,25,Male,17,1,1,1,False,1
9658,50,Male,14,0,0,1,False,0
9659,35,Male,6,1,1,0,False,1
9660,18,Male,2,0,1,1,True,1
9661,1,Male,10,1,1,0,False,1
9662,25,Female,6,0,0,0,False,0
9663,25,Male,14,1,1,0,False,1
9664,18,Male,4,1,1,0,False,1
9665,25,Male,7,1,1,1,False,1
9666,18,Female,1,1,1,0,False,1
9667,56,Male,0,1,1,1,False,1
9668,1,Male,19,1,1,0,False,1
9669,25,Male,1,1,1,1,False,1
9670,18,Male,3,1,1,0,False,1
9671,35,Male,20,1,1,1,False,1
9672,18,Male,4,0,0,0,False,0
9673,18,Male,4,1,1,1,False,1
9674,25,Male,14,1,1,1,False,1
9675,25,Male,0,0,0,1,False,0
9676,18,Female,10,1,1,0,False,1
9677,45,Female,0,1,1,1,False,1
9678,35,Male,11,0,0,1,False,0
9679,35,Female,0,0,0,0,False,0
9680,18,Male,4,0,0,0,False,0
9681,25,Male,6,1,1,0,False,1
9682,35,Female,3,1,1,1,False,1
9683,35,Male,7,0,0,0,False,0
9684,25,Male,2,1,1,0,False,1
9685,25,Male,1,1,1,0,False,1
9686,25,Male,1,1,1,0,False,1
9687,50,Male,13,1,1,0,False,1
9688,25,Male,4,1,1,1,False,1
9689,56,Female,20,1,1,1,False,1
9690,35,Male,6,1,1,1,False,1
9691,25,Female,16,1,1,0,False,1
9692,25,Male,7,1,1,0,False,1
9693,35,Male,4,1,1,0,False,1
9694,25,Male,11,1,1,1,False,1
9695,18,Male,18,1,1,1,False,1
9696,25,Male,3,1,1,1,False,1
9697,35,Male,16,1,1,0,False,1
9698,25,Male,7,1,1,1,False,1
9699,25,Female,4,1,1,1,False,1
9700,18,Female,19,0,0,0,False,0
9701,25,Male,16,1,1,0,False,1
9702,25,Male,12,1,1,0,False,1
9703,18,Male,20,0,0,0,False,0
9704,18,Male,1,0,0,0,False,0
9705,25,Female,20,1,1,1,False,1
9706,25,Male,0,1,1,1,False,1
9707,25,Male,20,0,0,0,False,0
9708,35,Male,11,1,1,0,False,1
9709,18,Male,4,1,1,0,False,1
9710,35,Female,3,1,1,0,False,1
9711,56,Female,3,1,1,1,False,1
9712,25,Male,14,1,1,1,False,1
9713,25,Female,3,1,1,1,False,1
9714,25,Male,17,1,1,0,False,1
9715,18,Female,0,1,1,1,False,1
9716,18,Male,0,1,1,0,False,1
9717,18,Female,4,1,1,1,False,1
9718,35,Male,6,1,1,0,False,1
9719,25,Female,1,1,1,0,False,1
9720,45,Male,1,1,1,1,False,1
9721,18,Male,12,1,1,0,False,1
9722,18,Male,6,1,1,1,False,1
9723,35,Male,20,0,0,1,False,0
9724,25,Male,4,1,1,1,False,1
9725,25,Male,2,0,0,1,False,0
9726,1,Male,10,0,0,0,False,0
9727,18,Male,4,1,1,1,False,1
9728,50,Male,0,1,1,1,False,1
9729,25,Female,1,1,1,1,False,1
9730,35,Female,17,1,1,1,False,1
9731,25,Female,9,1,1,1,False,1
9732,56,Male,1,1,1,0,False,1
9733,25,Female,6,1,1,0,False,1
9734,35,Female,3,1,1,1,False,1
9735,25,Female,1,1,1,0,False,1
9736,25,Male,4,1,1,0,False,1
9737,18,Male,4,1,1,0,False,1
9738,25,Female,7,1,1,1,False,1
9739,35,Male,11,1,1,0,False,1
9740,35,Male,7,1,1,0,False,1
9741,25,Male,0,0,0,0,False,0
9742,25,Male,12,1,1,1,False,1
9743,35,Male,12,1,1,1,False,1
9744,18,Male,4,1,1,1,False,1
9745,45,Male,17,1,1,0,False,1
9746,25,Male,17,1,1,1,False,1
9747,25,Male,4,1,1,1,False,1
9748,35,Male,20,1,1,1,False,1
9749,35,Female,16,1,1,1,False,1
9750,25,Male,4,1,1,0,False,1
9751,25,Male,12,1,1,1,False,1
9752,18,Female,4,0,0,0,False,0
9753,45,Male,11,1,1,1,False,1
9754,18,Female,4,0,0,0,False,0
9755,35,Male,18,1,1,0,False,1
9756,25,Male,12,1,1,0,False,1
9757,18,Male,4,1,1,1,False,1
9758,35,Male,2,1,1,0,False,1
9759,50,Male,7,1,1,1,False,1
9760,45,Male,0,1,1,1,False,1
9761,56,Male,3,1,1,1,False,1
9762,18,Male,20,1,1,0,False,1
9763,18,Male,12,1,1,1,False,1
9764,18,Male,14,0,0,0,False,0
9765,25,Male,1,1,1,1,False,1
9766,25,Male,2,0,0,0,False,0
9767,50,Male,7,1,1,0,False,1
9768,35,Male,2,1,1,0,False,1
9769,35,Male,7,1,1,1,False,1
9770,35,Male,15,1,1,1,False,1
9771,18,Male,17,1,1,1,False,1
9772,25,Male,1,1,1,1,False,1
9773,25,Female,9,1,1,1,False,1
9774,56,Male,13,1,1,1,False,1
9775,35,Female,0,1,1,1,False,1
9776,56,Male,3,1,1,0,False,1
9777,18,Male,5,0,1,1,True,1
9778,18,Female,7,1,1,1,False,1
9779,18,Male,1,1,1,1,False,1
9780,25,Male,4,1,1,0,False,1
9781,25,Female,4,0,0,1,False,0
9782,25,Male,20,1,1,1,False,1
9783,50,Male,17,1,1,1,False,1
9784,18,Male,4,1,1,1,False,1
9785,50,Male,16,1,1,0,False,1
9786,35,Male,14,1,1,1,False,1
9787,18,Male,0,1,1,0,False,1
9788,45,Male,8,0,0,1,False,0
9789,35,Female,3,1,1,1,False,1
9790,35,Female,0,1,1,1,False,1
9791,25,Male,12,1,1,1,False,1
9792,50,Male,1,1,1,1,False,1
9793,18,Male,17,1,1,1,False,1
9794,25,Male,17,1,1,1,False,1
9795,56,Female,0,1,1,0,False,1
9796,45,Male,6,1,1,1,False,1
9797,56,Female,13,1,1,1,False,1
9798,18,Male,4,1,1,0,False,1
9799,25,Male,19,1,1,1,False,1
9800,25,Male,14,0,1,0,True,1
9801,35,Male,1,1,1,1,False,1
9802,35,Male,12,1,1,1,False,1
9803,25,Male,7,1,1,1,False,1
9804,35,Female,0,1,1,1,False,1
9805,25,Male,5,0,0,1,False,0
9806,25,Female,11,1,1,1,False,1
9807,35,Female,2,1,1,1,False,1
9808,25,Male,7,1,1,1,False,1
9809,35,Male,17,0,0,0,False,0
9810,25,Male,20,0,0,0,False,0
9811,45,Male,2,1,1,1,False,1
9812,25,Female,7,0,0,0,False,0
9813,25,Male,17,1,1,0,False,1
9814,45,Male,5,1,1,1,False,1
9815,50,Male,16,1,1,1,False,1
9816,25,Male,11,1,1,0,False,1
9817,25,Male,14,1,1,0,False,1
9818,18,Male,4,1,1,1,False,1
9819,25,Female,7,1,1,0,False,1
9820,25,Male,7,0,0,0,False,0
9821,35,Male,1,1,1,0,False,1
9822,25,Male,20,1,1,1,False,1
9823,18,Female,4,1,1,1,False,1
9824,25,Male,17,1,1,1,False,1
9825,35,Male,16,1,1,1,False,1
9826,25,Male,6,0,0,1,False,0
9827,35,Male,2,1,1,1,False,1
9828,45,Male,7,0,1,0,True,1
9829,45,Male,12,0,1,1,True,1
9830,25,Female,4,1,1,1,False,1
9831,25,Male,0,1,1,0,False,1
9832,35,Male,0,1,1,1,False,1
9833,45,Male,14,1,1,1,False,1
9834,25,Male,16,1,1,0,False,1
9835,25,Male,5,1,1,1,False,1
9836,18,Female,4,1,1,0,False,1
9837,25,Male,15,1,1,0,False,1
9838,56,Female,13,1,1,0,False,1
9839,35,Male,2,1,1,1,False,1
9840,25,Male,18,1,1,1,False,1
9841,25,Female,15,1,1,1,False,1
9842,35,Female,14,1,1,1,False,1
9843,35,Male,17,1,1,0,False,1
9844,25,Male,0,1,1,1,False,1
9845,25,Female,14,1,1,0,False,1
9846,18,Female,0,1,1,1,False,1
9847,50,Male,7,0,0,0,False,0
9848,35,Female,20,1,1,1,False,1
9849,18,Male,4,1,1,0,False,1
9850,18,Female,0,1,1,1,False,1
9851,25,Male,17,1,1,0,False,1
9852,18,Male,19,0,0,1,False,0
9853,56,Male,0,1,1,0,False,1
9854,25,Female,17,1,1,1,False,1
9855,25,Male,0,0,0,1,False,0
9856,1,Female,10,1,1,1,False,1
9857,35,Male,1,1,1,1,False,1
9858,25,Male,2,0,0,0,False,0
9859,18,Female,4,1,1,1,False,1
9860,18,Male,1,0,0,0,False,0
9861,25,Female,1,1,1,1,False,1
9862,25,Male,15,1,1,1,False,1
9863,56,Male,1,1,1,0,False,1
9864,25,Male,0,0,0,0,False,0
9865,35,Male,1,0,0,1,False,0
9866,18,Female,2,0,0,0,False,0
9867,35,Male,7,1,1,0,False,1
9868,50,Male,6,1,1,0,False,1
9869,25,Male,20,0,1,0,True,1
9870,45,Male,6,1,1,1,False,1
9871,18,Male,4,1,1,0,False,1
9872,35,Male,12,1,1,1,False,1
9873,50,Male,0,0,0,0,False,0
9874,50,Female,1,1,1,0,False,1
9875,25,Male,14,0,0,1,False,0
9876,18,Male,4,1,1,1,False,1
9877,45,Male,2,1,1,1,False,1
9878,35,Male,18,1,1,0,False,1
9879,25,Male,19,0,0,0,False,0
9880,45,Male,12,1,1,1,False,1
9881,45,Male,17,1,1,0,False,1
9882,25,Female,4,0,0,1,False,0
9883,35,Male,17,1,1,1,False,1
9884,25,Male,3,1,1,1,False,1
9885,18,Male,17,0,0,0,False,0
9886,45,Female,7,0,0,0,False,0
9887,25,Female,20,1,0,0,True,0
9888,18,Male,14,1,1,0,False,1
9889,25,Male,17,1,1,0,False,1
9890,50,Female,7,1,1,1,False,1
9891,50,Female,5,1,1,1,False,1
9892,25,Male,4,1,1,0,False,1
9893,35,Male,0,1,1,1,False,1
9894,25,Male,12,1,1,0,False,1
9895,18,Male,17,1,1,1,False,1
9896,50,Male,0,0,0,0,False,0
9897,35,Male,17,1,1,0,False,1
9898,45,Male,14,1,1,1,False,1
9899,45,Male,17,1,1,1,False,1
9900,25,Male,12,1,1,1,False,1
9901,50,Male,1,1,1,1,False,1
9902,25,Male,16,0,1,1,True,1
9903,25,Male,14,1,1,1,False,1
9904,50,Male,6,1,1,0,False,1
9905,45,Male,8,1,1,1,False,1
9906,45,Male,0,1,1,1,False,1
9907,35,Male,16,0,0,0,False,0
9908,35,Female,9,1,1,0,False,1
9909,18,Male,4,0,0,0,False,0
9910,35,Male,2,1,1,0,False,1
9911,25,Female,7,1,1,1,False,1
9912,25,Female,14,1,1,1,False,1
9913,25,Male,4,1,1,1,False,1
9914,56,Male,13,1,1,1,False,1
9915,25,Male,0,0,0,1,False,0
9916,18,Male,4,1,1,1,False,1
9917,35,Male,14,1,1,1,False,1
9918,56,Male,14,1,1,0,False,1
9919,25,Male,2,0,0,1,False,0
9920,50,Female,0,1,1,1,False,1
9921,25,Male,7,1,1,1,False,1
9922,18,Male,4,1,1,1,False,1
9923,35,Female,0,1,1,0,False,1
9924,45,Male,1,1,1,1,False,1
9925,50,Female,20,1,1,0,False,1
9926,25,Female,17,1,1,1,False,1
9927,25,Male,2,1,1,1,False,1
9928,25,Female,6,1,1,0,False,1
9929,18,Male,17,1,1,1,False,1
9930,25,Male,2,1,1,0,False,1
9931,45,Female,3,1,1,0,False,1
9932,25,Female,1,1,1,1,False,1
9933,35,Male,1,1,1,0,False,1
9934,50,Female,6,1,1,0,False,1
9935,35,Male,7,1,1,0,False,1
9936,25,Female,7,1,1,1,False,1
9937,18,Male,4,0,0,0,False,0
9938,25,Female,1,1,1,0,False,1
9939,25,Male,8,1,1,1,False,1
9940,25,Female,17,1,1,1,False,1
9941,25,Male,0,1,1,1,False,1
9942,18,Male,20,1,1,1,False,1
9943,50,Male,13,1,1,1,False,1
9944,25,Female,4,1,1,1,False,1
9945,25,Male,17,1,1,0,False,1
9946,35,Male,17,1,1,1,False,1
9947,25,Male,1,1,1,1,False,1
9948,35,Male,1,1,1,0,False,1
9949,35,Male,13,1,1,1,False,1
9950,56,Male,7,1,1,1,False,1
9951,25,Male,11,1,1,0,False,1
9952,35,Female,6,1,1,1,False,1
9953,50,Male,0,1,1,0,False,1
9954,25,Male,17,1,1,1,False,1
9955,35,Female,1,1,1,1,False,1
9956,25,Male,14,1,1,1,False,1
9957,56,Male,14,1,1,0,False,1
9958,25,Male,4,1,1,1,False,1
9959,25,Male,5,1,1,1,False,1
9960,35,Male,7,1,1,1,False,1
9961,25,Male,7,1,1,1,False,1
9962,25,Female,17,1,1,0,False,1
9963,25,Male,0,1,1,1,False,1
9964,56,Male,13,1,1,1,False,1
9965,25,Female,4,1,1,1,False,1
9966,18,Female,4,1,1,1,False,1
9967,18,Male,12,1,1,1,False,1
9968,25,Male,1,1,1,1,False,1
9969,35,Male,1,1,1,0,False,1
9970,35,Male,1,1,1,1,False,1
9971,50,Male,17,1,1,1,False,1
9972,50,Female,6,1,1,0,False,1
9973,35,Male,4,1,1,1,False,1
9974,45,Female,20,1,1,1,False,1
9975,25,Male,17,0,0,0,False,0
9976,25,Female,20,1,1,1,False,1
9977,45,Male,20,1,1,1,False,1
9978,50,Male,16,1,1,1,False,1
9979,56,Male,16,1,1,1,False,1
9980,18,Male,4,0,0,0,False,0
9981,25,Male,4,1,1,1,False,1
9982,18,Male,4,1,1,0,False,1
9983,35,Male,7,1,1,0,False,1
9984,18,Male,17,1,1,1,False,1
9985,25,Male,11,1,1,1,False,1
9986,18,Male,20,0,0,0,False,0
9987,18,Male,4,1,1,0,False,1
9988,18,Male,4,1,1,0,False,1
9989,35,Male,7,1,1,0,False,1
9990,25,Male,0,0,1,1,True,1
9991,18,Male,4,1,1,0,False,1
9992,25,Male,20,0,0,1,False,0
9993,56,Male,7,1,1,1,False,1
9994,25,Male,4,1,1,0,False,1
9995,25,Male,12,1,1,1,False,1
9996,25,Male,4,1,1,1,False,1
9997,18,Male,12,1,1,1,False,1
9998,35,Male,15,1,1,1,False,1
9999,56,Male,14,1,1,0,False,1
